2026-04-11 19:05:29,561 - INFO - 即将抓取单页: https://7e0c.bqg504.cc/#/book/1/
2026-04-11 19:05:29,561 - INFO - 待抓取URL数: 1 (Playwright)
2026-04-11 19:05:35,959 - INFO - 已保存原始响应HTML: /Users/wangzeyu.67/Downloads/918822019.github.io/project/起点搜书/data_get/page_1_raw_response.html
2026-04-11 19:06:21,700 - WARNING - https://7e0c.bqg504.cc/#/book/1/ 45s内仍未加载真实数据，继续抓取并落盘调试文件
2026-04-11 19:06:21,704 - INFO - 已保存点击前DOM: /Users/wangzeyu.67/Downloads/918822019.github.io/project/起点搜书/data_get/page_1_dom_before_click.html
2026-04-11 19:06:24,574 - INFO - 已保存点击后DOM: /Users/wangzeyu.67/Downloads/918822019.github.io/project/起点搜书/data_get/page_1_dom_after_click.html
2026-04-11 19:06:24,574 - INFO - 已保存页面截图: /Users/wangzeyu.67/Downloads/918822019.github.io/project/起点搜书/data_get/page_1.png
2026-04-11 19:06:24,577 - INFO - https://7e0c.bqg504.cc/#/book/1/ XPath[target_xpath_url] -> None
2026-04-11 19:06:24,578 - INFO - 已保存网络诊断: /Users/wangzeyu.67/Downloads/918822019.github.io/project/起点搜书/data_get/page_1_network_debug.json
2026-04-11 19:06:24,612 - INFO - 已保存HTML源码: /Users/wangzeyu.67/Downloads/918822019.github.io/project/起点搜书/data_get/page_1.html
2026-04-11 19:06:24,612 - INFO - 
抓取结果:
2026-04-11 19:06:24,612 - INFO - URL: https://7e0c.bqg504.cc/#/book/1/ -> 状态: Success 标题:  HTML: /Users/wangzeyu.67/Downloads/918822019.github.io/project/起点搜书/data_get/page_1.html
2026-04-11 19:06:24,612 - INFO - 
子链接示例:
2026-04-11 19:06:24,612 - INFO - 
全部完成，耗时: 55.05 秒
2026-04-11 19:06:24,612 - INFO - 数据已保存至: /Users/wangzeyu.67/Downloads/918822019.github.io/project/起点搜书/data_get/xpath_result.json
2026-04-11 19:14:58,513 - INFO - 即将抓取单页: https://7e0c.bqg504.cc/#/book/1/
2026-04-11 19:14:58,513 - INFO - 待抓取URL数: 1 (Playwright)
2026-04-11 19:15:00,826 - INFO - 已保存原始响应HTML: /Users/wangzeyu.67/Downloads/918822019.github.io/project/起点搜书/data_get/page_1_raw_response.html
2026-04-11 19:15:47,110 - WARNING - https://7e0c.bqg504.cc/#/book/1/ 45s内仍未加载真实数据，继续抓取并落盘调试文件
2026-04-11 19:15:47,991 - WARNING - https://7e0c.bqg504.cc/#/book/1/ 保存点击前DOM失败: Page.content: Unable to retrieve content because the page is navigating and changing the content.
2026-04-11 19:15:53,988 - INFO - 已保存点击后DOM: /Users/wangzeyu.67/Downloads/918822019.github.io/project/起点搜书/data_get/page_1_dom_after_click.html
2026-04-11 19:15:53,988 - INFO - 已保存页面截图: /Users/wangzeyu.67/Downloads/918822019.github.io/project/起点搜书/data_get/page_1.png
2026-04-11 19:15:53,991 - INFO - https://7e0c.bqg504.cc/#/book/1/ XPath[target_xpath_url] -> None
2026-04-11 19:15:53,992 - INFO - 已保存网络诊断: /Users/wangzeyu.67/Downloads/918822019.github.io/project/起点搜书/data_get/page_1_network_debug.json
2026-04-11 19:15:54,026 - INFO - 已保存HTML源码: /Users/wangzeyu.67/Downloads/918822019.github.io/project/起点搜书/data_get/page_1.html
2026-04-11 19:15:54,026 - INFO - 
抓取结果:
2026-04-11 19:15:54,026 - INFO - URL: https://7e0c.bqg504.cc/#/book/1/ -> 状态: Success 标题:  HTML: /Users/wangzeyu.67/Downloads/918822019.github.io/project/起点搜书/data_get/page_1.html
2026-04-11 19:15:54,026 - INFO - 
子链接示例:
2026-04-11 19:15:54,026 - INFO - 
全部完成，耗时: 55.51 秒
2026-04-11 19:15:54,026 - INFO - 数据已保存至: /Users/wangzeyu.67/Downloads/918822019.github.io/project/起点搜书/data_get/xpath_result.json
2026-04-11 19:16:17,601 - INFO - 即将抓取单页: https://7e0c.bqg504.cc/#/book/1/
2026-04-11 19:16:30,881 - INFO - XPath结果: https://7e0c.bqg504.cc/book/1/1.html
2026-04-11 19:16:30,881 - INFO - 
全部完成，耗时: 13.28 秒
2026-04-11 19:16:30,881 - INFO - HTML已保存至: /Users/wangzeyu.67/Downloads/918822019.github.io/project/起点搜书/data_get/page_1.html
2026-04-11 19:16:30,881 - INFO - 结果已保存至: /Users/wangzeyu.67/Downloads/918822019.github.io/project/起点搜书/data_get/xpath_result.json
2026-04-11 19:19:29,240 - INFO - 即将抓取单页: https://7e0c.bqg504.cc/#/book/1/
2026-04-11 19:19:46,848 - INFO - XPath结果: https://7e0c.bqg504.cc/book/1/1.html
2026-04-11 19:19:46,848 - INFO - 
全部完成，耗时: 17.61 秒
2026-04-11 19:19:46,848 - INFO - HTML已保存至: /Users/wangzeyu.67/Downloads/918822019.github.io/project/起点搜书/data_get/page_1.html
2026-04-11 19:19:46,848 - INFO - 结果已保存至: /Users/wangzeyu.67/Downloads/918822019.github.io/project/起点搜书/data_get/xpath_result.json
2026-04-11 19:23:13,291 - INFO - 即将抓取单页: https://7e0c.bqg504.cc/#/book/1/
2026-04-11 19:23:27,229 - INFO - XPath结果: https://7e0c.bqg504.cc/book/1/1.html
2026-04-11 19:23:27,229 - INFO - 
全部完成，耗时: 13.94 秒
2026-04-11 19:23:27,229 - INFO - HTML已保存至: /Users/wangzeyu.67/Downloads/918822019.github.io/project/起点搜书/data_get/page_1.html
2026-04-11 19:23:27,229 - INFO - 结果已保存至: /Users/wangzeyu.67/Downloads/918822019.github.io/project/起点搜书/data_get/xpath_result.json
2026-04-11 19:29:16,108 - INFO - 即将批量抓取 5 个页面，max_concurrent=3
2026-04-11 19:29:16,109 - INFO - 待抓取URL数: 5 (Playwright)
2026-04-11 19:29:18,349 - INFO - 已保存原始响应HTML: /Users/wangzeyu.67/Downloads/918822019.github.io/project/起点搜书/data_get/page_2_raw_response.html
2026-04-11 19:29:20,842 - WARNING - https://7e0c.bqg504.cc/#/book/3/ 保存原始响应HTML失败: Response.text: Protocol error (Network.getResponseBody): No resource with given identifier found
2026-04-11 19:29:21,929 - INFO - 已保存原始响应HTML: /Users/wangzeyu.67/Downloads/918822019.github.io/project/起点搜书/data_get/page_1_raw_response.html
2026-04-11 19:30:03,822 - WARNING - https://7e0c.bqg504.cc/#/book/2/ 45s内仍未加载真实数据，继续抓取并落盘调试文件
2026-04-11 19:30:03,836 - INFO - 已保存点击前DOM: /Users/wangzeyu.67/Downloads/918822019.github.io/project/起点搜书/data_get/page_2_dom_before_click.html
2026-04-11 19:30:06,033 - WARNING - https://7e0c.bqg504.cc/#/book/3/ 45s内仍未加载真实数据，继续抓取并落盘调试文件
2026-04-11 19:30:06,043 - INFO - 已保存点击前DOM: /Users/wangzeyu.67/Downloads/918822019.github.io/project/起点搜书/data_get/page_3_dom_before_click.html
2026-04-11 19:30:07,090 - WARNING - https://7e0c.bqg504.cc/#/book/1/ 45s内仍未加载真实数据，继续抓取并落盘调试文件
2026-04-11 19:30:07,094 - INFO - 已保存点击前DOM: /Users/wangzeyu.67/Downloads/918822019.github.io/project/起点搜书/data_get/page_1_dom_before_click.html
2026-04-11 19:30:08,652 - INFO - 已保存点击后DOM: /Users/wangzeyu.67/Downloads/918822019.github.io/project/起点搜书/data_get/page_2_dom_after_click.html
2026-04-11 19:30:08,652 - INFO - 已保存页面截图: /Users/wangzeyu.67/Downloads/918822019.github.io/project/起点搜书/data_get/page_2.png
2026-04-11 19:30:08,655 - INFO - https://7e0c.bqg504.cc/#/book/2/ XPath[target_xpath_url] -> None
2026-04-11 19:30:08,656 - INFO - 已保存网络诊断: /Users/wangzeyu.67/Downloads/918822019.github.io/project/起点搜书/data_get/page_2_network_debug.json
2026-04-11 19:30:08,687 - INFO - 已保存HTML源码: /Users/wangzeyu.67/Downloads/918822019.github.io/project/起点搜书/data_get/page_2.html
2026-04-11 19:30:10,590 - INFO - 已保存原始响应HTML: /Users/wangzeyu.67/Downloads/918822019.github.io/project/起点搜书/data_get/page_4_raw_response.html
2026-04-11 19:30:15,394 - ERROR - [Playwright]https://7e0c.bqg504.cc/#/book/1/ 请求异常: 页面持续处于导航状态，无法获取HTML，重试中...
2026-04-11 19:30:17,183 - ERROR - [Playwright]https://7e0c.bqg504.cc/#/book/3/ 请求异常: 页面持续处于导航状态，无法获取HTML，重试中...
2026-04-11 19:30:17,872 - INFO - 已保存原始响应HTML: /Users/wangzeyu.67/Downloads/918822019.github.io/project/起点搜书/data_get/page_1_raw_response.html
2026-04-11 19:30:22,487 - WARNING - https://7e0c.bqg504.cc/#/book/3/ 保存原始响应HTML失败: Response.text: Protocol error (Network.getResponseBody): No resource with given identifier found
2026-04-11 19:30:55,791 - WARNING - https://7e0c.bqg504.cc/#/book/4/ 45s内仍未加载真实数据，继续抓取并落盘调试文件
2026-04-11 19:30:55,869 - WARNING - https://7e0c.bqg504.cc/#/book/4/ 保存点击前DOM失败: Page.content: Unable to retrieve content because the page is navigating and changing the content.
2026-04-11 19:31:00,711 - INFO - 已保存点击后DOM: /Users/wangzeyu.67/Downloads/918822019.github.io/project/起点搜书/data_get/page_4_dom_after_click.html
2026-04-11 19:31:00,711 - INFO - 已保存页面截图: /Users/wangzeyu.67/Downloads/918822019.github.io/project/起点搜书/data_get/page_4.png
2026-04-11 19:31:00,713 - INFO - https://7e0c.bqg504.cc/#/book/4/ XPath[target_xpath_url] -> None
2026-04-11 19:31:00,716 - INFO - 已保存网络诊断: /Users/wangzeyu.67/Downloads/918822019.github.io/project/起点搜书/data_get/page_4_network_debug.json
2026-04-11 19:31:00,751 - INFO - 已保存HTML源码: /Users/wangzeyu.67/Downloads/918822019.github.io/project/起点搜书/data_get/page_4.html
2026-04-11 19:31:03,365 - WARNING - https://7e0c.bqg504.cc/#/book/1/ 45s内仍未加载真实数据，继续抓取并落盘调试文件
2026-04-11 19:31:03,372 - INFO - 已保存点击前DOM: /Users/wangzeyu.67/Downloads/918822019.github.io/project/起点搜书/data_get/page_1_dom_before_click.html
2026-04-11 19:31:06,591 - INFO - 已保存原始响应HTML: /Users/wangzeyu.67/Downloads/918822019.github.io/project/起点搜书/data_get/page_5_raw_response.html
2026-04-11 19:31:07,751 - WARNING - https://7e0c.bqg504.cc/#/book/3/ 45s内仍未加载真实数据，继续抓取并落盘调试文件
2026-04-11 19:31:07,780 - WARNING - https://7e0c.bqg504.cc/#/book/3/ 保存点击前DOM失败: Page.content: Unable to retrieve content because the page is navigating and changing the content.
2026-04-11 19:31:08,093 - INFO - 已保存点击后DOM: /Users/wangzeyu.67/Downloads/918822019.github.io/project/起点搜书/data_get/page_1_dom_after_click.html
2026-04-11 19:31:08,093 - INFO - 已保存页面截图: /Users/wangzeyu.67/Downloads/918822019.github.io/project/起点搜书/data_get/page_1.png
2026-04-11 19:31:08,094 - INFO - https://7e0c.bqg504.cc/#/book/1/ XPath[target_xpath_url] -> None
2026-04-11 19:31:08,101 - INFO - 已保存网络诊断: /Users/wangzeyu.67/Downloads/918822019.github.io/project/起点搜书/data_get/page_1_network_debug.json
2026-04-11 19:31:08,142 - INFO - 已保存HTML源码: /Users/wangzeyu.67/Downloads/918822019.github.io/project/起点搜书/data_get/page_1.html
2026-04-11 19:31:13,164 - INFO - 已保存点击后DOM: /Users/wangzeyu.67/Downloads/918822019.github.io/project/起点搜书/data_get/page_3_dom_after_click.html
2026-04-11 19:31:13,164 - INFO - 已保存页面截图: /Users/wangzeyu.67/Downloads/918822019.github.io/project/起点搜书/data_get/page_3.png
2026-04-11 19:31:13,167 - INFO - https://7e0c.bqg504.cc/#/book/3/ XPath[target_xpath_url] -> None
2026-04-11 19:31:13,173 - INFO - 已保存网络诊断: /Users/wangzeyu.67/Downloads/918822019.github.io/project/起点搜书/data_get/page_3_network_debug.json
2026-04-11 19:31:13,213 - INFO - 已保存HTML源码: /Users/wangzeyu.67/Downloads/918822019.github.io/project/起点搜书/data_get/page_3.html
2026-04-11 19:32:20,514 - INFO - 即将批量抓取 5 个页面，max_concurrent=3
2026-04-11 19:32:20,514 - INFO - 待抓取URL数: 5 (Playwright)
2026-04-11 19:32:22,266 - INFO - 已保存原始响应HTML: /Users/wangzeyu.67/Downloads/918822019.github.io/project/起点搜书/data_get/page_1_raw_response.html
2026-04-11 19:32:22,267 - INFO - 已保存原始响应HTML: /Users/wangzeyu.67/Downloads/918822019.github.io/project/起点搜书/data_get/page_2_raw_response.html
2026-04-11 19:32:28,312 - INFO - 已保存点击前DOM: /Users/wangzeyu.67/Downloads/918822019.github.io/project/起点搜书/data_get/page_1_dom_before_click.html
2026-04-11 19:32:28,316 - INFO - 已保存点击前DOM: /Users/wangzeyu.67/Downloads/918822019.github.io/project/起点搜书/data_get/page_2_dom_before_click.html
2026-04-11 19:32:28,447 - WARNING - https://7e0c.bqg504.cc/#/book/3/ 保存原始响应HTML失败: Response.text: Protocol error (Network.getResponseBody): No resource with given identifier found
2026-04-11 19:32:33,345 - INFO - https://7e0c.bqg504.cc/#/book/2/ 已点击展开按钮: .book_more a
2026-04-11 19:32:33,346 - INFO - https://7e0c.bqg504.cc/#/book/1/ 已点击展开按钮: .book_more a
2026-04-11 19:32:34,473 - INFO - 已保存点击前DOM: /Users/wangzeyu.67/Downloads/918822019.github.io/project/起点搜书/data_get/page_3_dom_before_click.html
2026-04-11 19:32:35,388 - INFO - 已保存点击后DOM: /Users/wangzeyu.67/Downloads/918822019.github.io/project/起点搜书/data_get/page_2_dom_after_click.html
2026-04-11 19:32:35,388 - INFO - 已保存页面截图: /Users/wangzeyu.67/Downloads/918822019.github.io/project/起点搜书/data_get/page_2.png
2026-04-11 19:32:35,391 - INFO - 已保存点击后DOM: /Users/wangzeyu.67/Downloads/918822019.github.io/project/起点搜书/data_get/page_1_dom_after_click.html
2026-04-11 19:32:35,391 - INFO - 已保存页面截图: /Users/wangzeyu.67/Downloads/918822019.github.io/project/起点搜书/data_get/page_1.png
2026-04-11 19:32:35,391 - INFO - https://7e0c.bqg504.cc/#/book/2/ XPath[target_xpath_url] -> None
2026-04-11 19:32:35,392 - INFO - 已保存网络诊断: /Users/wangzeyu.67/Downloads/918822019.github.io/project/起点搜书/data_get/page_2_network_debug.json
2026-04-11 19:32:35,393 - INFO - https://7e0c.bqg504.cc/#/book/1/ XPath[target_xpath_url] -> None
2026-04-11 19:32:35,394 - INFO - 已保存网络诊断: /Users/wangzeyu.67/Downloads/918822019.github.io/project/起点搜书/data_get/page_1_network_debug.json
2026-04-11 19:32:35,426 - INFO - 已保存HTML源码: /Users/wangzeyu.67/Downloads/918822019.github.io/project/起点搜书/data_get/page_2.html
2026-04-11 19:32:35,431 - INFO - 已保存HTML源码: /Users/wangzeyu.67/Downloads/918822019.github.io/project/起点搜书/data_get/page_1.html
2026-04-11 19:32:39,492 - INFO - https://7e0c.bqg504.cc/#/book/3/ 已点击展开按钮: .book_more a
2026-04-11 19:32:41,918 - ERROR - [Playwright]https://7e0c.bqg504.cc/#/book/3/ 请求异常: Page.content: Unable to retrieve content because the page is navigating and changing the content.，重试中...
2026-04-11 19:32:42,938 - WARNING - https://7e0c.bqg504.cc/#/book/4/ 保存原始响应HTML失败: Response.text: Protocol error (Network.getResponseBody): No resource with given identifier found
2026-04-11 19:32:43,052 - WARNING - https://7e0c.bqg504.cc/#/book/5/ 保存原始响应HTML失败: Response.text: Protocol error (Network.getResponseBody): No resource with given identifier found
2026-04-11 19:32:49,183 - WARNING - https://7e0c.bqg504.cc/#/book/3/ 保存原始响应HTML失败: Response.text: Protocol error (Network.getResponseBody): No resource with given identifier found
2026-04-11 19:32:49,300 - INFO - 已保存点击前DOM: /Users/wangzeyu.67/Downloads/918822019.github.io/project/起点搜书/data_get/page_5_dom_before_click.html
2026-04-11 19:32:49,591 - INFO - 已保存点击前DOM: /Users/wangzeyu.67/Downloads/918822019.github.io/project/起点搜书/data_get/page_4_dom_before_click.html
2026-04-11 19:32:54,321 - INFO - https://7e0c.bqg504.cc/#/book/5/ 已点击展开按钮: .book_more a
2026-04-11 19:32:54,612 - INFO - https://7e0c.bqg504.cc/#/book/4/ 已点击展开按钮: .book_more a
2026-04-11 19:32:55,263 - WARNING - https://7e0c.bqg504.cc/#/book/3/ 保存点击前DOM失败: Page.content: Unable to retrieve content because the page is navigating and changing the content.
2026-04-11 19:32:56,657 - INFO - 已保存点击后DOM: /Users/wangzeyu.67/Downloads/918822019.github.io/project/起点搜书/data_get/page_4_dom_after_click.html
2026-04-11 19:32:56,657 - INFO - 已保存页面截图: /Users/wangzeyu.67/Downloads/918822019.github.io/project/起点搜书/data_get/page_4.png
2026-04-11 19:32:56,659 - INFO - https://7e0c.bqg504.cc/#/book/4/ XPath[target_xpath_url] -> None
2026-04-11 19:32:56,660 - INFO - 已保存网络诊断: /Users/wangzeyu.67/Downloads/918822019.github.io/project/起点搜书/data_get/page_4_network_debug.json
2026-04-11 19:32:56,686 - INFO - 已保存HTML源码: /Users/wangzeyu.67/Downloads/918822019.github.io/project/起点搜书/data_get/page_4.html
2026-04-11 19:32:58,213 - ERROR - [Playwright]https://7e0c.bqg504.cc/#/book/5/ 请求异常: Page.content: Unable to retrieve content because the page is navigating and changing the content.，重试中...
2026-04-11 19:33:00,294 - INFO - https://7e0c.bqg504.cc/#/book/3/ 已点击展开按钮: .book_more a
2026-04-11 19:33:01,266 - INFO - 已保存原始响应HTML: /Users/wangzeyu.67/Downloads/918822019.github.io/project/起点搜书/data_get/page_5_raw_response.html
2026-04-11 19:33:02,342 - ERROR - [Playwright]https://7e0c.bqg504.cc/#/book/3/ 请求异常: Page.content: Unable to retrieve content because the page is navigating and changing the content.，重试中...
2026-04-11 19:33:04,810 - ERROR - [Playwright]https://7e0c.bqg504.cc/#/book/3/ 最终失败，已达到最大重试次数。
2026-04-11 19:33:07,304 - INFO - 已保存点击前DOM: /Users/wangzeyu.67/Downloads/918822019.github.io/project/起点搜书/data_get/page_5_dom_before_click.html
2026-04-11 19:33:12,324 - INFO - https://7e0c.bqg504.cc/#/book/5/ 已点击展开按钮: .book_more a
2026-04-11 19:33:14,391 - INFO - 已保存点击后DOM: /Users/wangzeyu.67/Downloads/918822019.github.io/project/起点搜书/data_get/page_5_dom_after_click.html
2026-04-11 19:33:14,391 - INFO - 已保存页面截图: /Users/wangzeyu.67/Downloads/918822019.github.io/project/起点搜书/data_get/page_5.png
2026-04-11 19:33:14,393 - INFO - https://7e0c.bqg504.cc/#/book/5/ XPath[target_xpath_url] -> None
2026-04-11 19:33:14,393 - INFO - 已保存网络诊断: /Users/wangzeyu.67/Downloads/918822019.github.io/project/起点搜书/data_get/page_5_network_debug.json
2026-04-11 19:33:14,421 - INFO - 已保存HTML源码: /Users/wangzeyu.67/Downloads/918822019.github.io/project/起点搜书/data_get/page_5.html
2026-04-11 19:33:14,422 - INFO - 
抓取结果:
2026-04-11 19:33:14,422 - INFO - URL: https://7e0c.bqg504.cc/#/book/1/ -> 状态: Success 标题:  HTML: /Users/wangzeyu.67/Downloads/918822019.github.io/project/起点搜书/data_get/page_1.html
2026-04-11 19:33:14,422 - INFO - URL: https://7e0c.bqg504.cc/#/book/2/ -> 状态: Success 标题:  HTML: /Users/wangzeyu.67/Downloads/918822019.github.io/project/起点搜书/data_get/page_2.html
2026-04-11 19:33:14,422 - INFO - URL: https://7e0c.bqg504.cc/#/book/3/ -> 状态: Failed 标题:  HTML: 
2026-04-11 19:33:14,422 - INFO - URL: https://7e0c.bqg504.cc/#/book/4/ -> 状态: Success 标题:  HTML: /Users/wangzeyu.67/Downloads/918822019.github.io/project/起点搜书/data_get/page_4.html
2026-04-11 19:33:14,422 - INFO - URL: https://7e0c.bqg504.cc/#/book/5/ -> 状态: Success 标题:  HTML: /Users/wangzeyu.67/Downloads/918822019.github.io/project/起点搜书/data_get/page_5.html
2026-04-11 19:33:14,422 - INFO - 
子链接示例:
2026-04-11 19:33:14,422 - INFO - XPath提取成功数: 0/5
2026-04-11 19:33:14,422 - INFO - 
全部完成，耗时: 53.91 秒
2026-04-11 19:33:14,422 - INFO - 结果已保存至: /Users/wangzeyu.67/Downloads/918822019.github.io/project/起点搜书/data_get/xpath_results.json
2026-04-11 19:33:52,438 - INFO - 即将批量抓取 5 个页面，max_concurrent=1
2026-04-11 19:33:52,438 - INFO - 待抓取URL数: 5 (Playwright)
2026-04-11 19:34:02,586 - INFO - 即将批量抓取 5 个页面，max_concurrent=1
2026-04-11 19:34:02,586 - INFO - 待抓取URL数: 5 (Playwright)
2026-04-11 19:34:05,446 - INFO - 已保存原始响应HTML: /Users/wangzeyu.67/Downloads/918822019.github.io/project/起点搜书/data_get/page_1_raw_response.html
2026-04-11 19:34:11,497 - INFO - 已保存点击前DOM: /Users/wangzeyu.67/Downloads/918822019.github.io/project/起点搜书/data_get/page_1_dom_before_click.html
2026-04-11 19:34:16,523 - INFO - https://7e0c.bqg504.cc/#/book/1/ 已点击展开按钮: .book_more a
2026-04-11 19:34:21,316 - INFO - 已保存点击后DOM: /Users/wangzeyu.67/Downloads/918822019.github.io/project/起点搜书/data_get/page_1_dom_after_click.html
2026-04-11 19:34:21,316 - INFO - 已保存页面截图: /Users/wangzeyu.67/Downloads/918822019.github.io/project/起点搜书/data_get/page_1.png
2026-04-11 19:34:21,319 - INFO - https://7e0c.bqg504.cc/#/book/1/ XPath[target_xpath_url] -> None
2026-04-11 19:34:21,320 - INFO - 已保存网络诊断: /Users/wangzeyu.67/Downloads/918822019.github.io/project/起点搜书/data_get/page_1_network_debug.json
2026-04-11 19:34:21,352 - INFO - 已保存HTML源码: /Users/wangzeyu.67/Downloads/918822019.github.io/project/起点搜书/data_get/page_1.html
2026-04-11 19:34:33,511 - WARNING - https://7e0c.bqg504.cc/#/book/2/ 保存原始响应HTML失败: Response.text: Protocol error (Network.getResponseBody): No resource with given identifier found
2026-04-11 19:34:39,548 - INFO - 已保存点击前DOM: /Users/wangzeyu.67/Downloads/918822019.github.io/project/起点搜书/data_get/page_2_dom_before_click.html
2026-04-11 19:34:44,569 - INFO - https://7e0c.bqg504.cc/#/book/2/ 已点击展开按钮: .book_more a
2026-04-11 19:34:46,638 - INFO - 已保存点击后DOM: /Users/wangzeyu.67/Downloads/918822019.github.io/project/起点搜书/data_get/page_2_dom_after_click.html
2026-04-11 19:34:46,638 - INFO - 已保存页面截图: /Users/wangzeyu.67/Downloads/918822019.github.io/project/起点搜书/data_get/page_2.png
2026-04-11 19:34:46,640 - INFO - https://7e0c.bqg504.cc/#/book/2/ XPath[target_xpath_url] -> None
2026-04-11 19:34:46,640 - INFO - 已保存网络诊断: /Users/wangzeyu.67/Downloads/918822019.github.io/project/起点搜书/data_get/page_2_network_debug.json
2026-04-11 19:34:46,671 - INFO - 已保存HTML源码: /Users/wangzeyu.67/Downloads/918822019.github.io/project/起点搜书/data_get/page_2.html
2026-04-11 19:34:50,385 - WARNING - https://7e0c.bqg504.cc/#/book/3/ 保存原始响应HTML失败: Response.text: Protocol error (Network.getResponseBody): No resource with given identifier found
2026-04-11 19:34:52,391 - INFO - 即将批量抓取 5 个页面，max_concurrent=1
2026-04-11 19:34:52,391 - INFO - 待抓取URL数: 5 (Playwright)
2026-04-11 19:34:56,415 - INFO - 已保存点击前DOM: /Users/wangzeyu.67/Downloads/918822019.github.io/project/起点搜书/data_get/page_3_dom_before_click.html
2026-04-11 19:34:58,081 - WARNING - https://7e0c.bqg504.cc/#/book/1/ 保存原始响应HTML失败: Response.text: Protocol error (Network.getResponseBody): No resource with given identifier found
2026-04-11 19:35:01,433 - INFO - https://7e0c.bqg504.cc/#/book/3/ 已点击展开按钮: .book_more a
2026-04-11 19:35:03,475 - INFO - 已保存点击后DOM: /Users/wangzeyu.67/Downloads/918822019.github.io/project/起点搜书/data_get/page_3_dom_after_click.html
2026-04-11 19:35:03,475 - INFO - 已保存页面截图: /Users/wangzeyu.67/Downloads/918822019.github.io/project/起点搜书/data_get/page_3.png
2026-04-11 19:35:03,478 - INFO - https://7e0c.bqg504.cc/#/book/3/ XPath[target_xpath_url] -> None
2026-04-11 19:35:03,479 - INFO - 已保存网络诊断: /Users/wangzeyu.67/Downloads/918822019.github.io/project/起点搜书/data_get/page_3_network_debug.json
2026-04-11 19:35:03,507 - INFO - 已保存HTML源码: /Users/wangzeyu.67/Downloads/918822019.github.io/project/起点搜书/data_get/page_3.html
2026-04-11 19:35:04,231 - INFO - 已保存点击前DOM: /Users/wangzeyu.67/Downloads/918822019.github.io/project/起点搜书/data_get/page_1_dom_before_click.html
2026-04-11 19:35:06,278 - INFO - 已保存点击后DOM: /Users/wangzeyu.67/Downloads/918822019.github.io/project/起点搜书/data_get/page_1_dom_after_click.html
2026-04-11 19:35:06,278 - INFO - 已保存页面截图: /Users/wangzeyu.67/Downloads/918822019.github.io/project/起点搜书/data_get/page_1.png
2026-04-11 19:35:06,281 - INFO - https://7e0c.bqg504.cc/#/book/1/ XPath[target_xpath_url] -> None
2026-04-11 19:35:06,281 - INFO - 已保存网络诊断: /Users/wangzeyu.67/Downloads/918822019.github.io/project/起点搜书/data_get/page_1_network_debug.json
2026-04-11 19:35:06,310 - INFO - 已保存HTML源码: /Users/wangzeyu.67/Downloads/918822019.github.io/project/起点搜书/data_get/page_1.html
2026-04-11 19:35:09,435 - INFO - 已保存原始响应HTML: /Users/wangzeyu.67/Downloads/918822019.github.io/project/起点搜书/data_get/page_2_raw_response.html
2026-04-11 19:35:15,661 - INFO - 已保存点击前DOM: /Users/wangzeyu.67/Downloads/918822019.github.io/project/起点搜书/data_get/page_2_dom_before_click.html
2026-04-11 19:35:17,711 - INFO - 已保存点击后DOM: /Users/wangzeyu.67/Downloads/918822019.github.io/project/起点搜书/data_get/page_2_dom_after_click.html
2026-04-11 19:35:17,711 - INFO - 已保存页面截图: /Users/wangzeyu.67/Downloads/918822019.github.io/project/起点搜书/data_get/page_2.png
2026-04-11 19:35:17,713 - INFO - https://7e0c.bqg504.cc/#/book/2/ XPath[target_xpath_url] -> None
2026-04-11 19:35:17,714 - INFO - 已保存网络诊断: /Users/wangzeyu.67/Downloads/918822019.github.io/project/起点搜书/data_get/page_2_network_debug.json
2026-04-11 19:35:17,742 - INFO - 已保存HTML源码: /Users/wangzeyu.67/Downloads/918822019.github.io/project/起点搜书/data_get/page_2.html
2026-04-11 19:35:23,002 - INFO - 已保存原始响应HTML: /Users/wangzeyu.67/Downloads/918822019.github.io/project/起点搜书/data_get/page_3_raw_response.html
2026-04-11 19:35:29,032 - INFO - 已保存点击前DOM: /Users/wangzeyu.67/Downloads/918822019.github.io/project/起点搜书/data_get/page_3_dom_before_click.html
2026-04-11 19:35:32,435 - INFO - 已保存点击后DOM: /Users/wangzeyu.67/Downloads/918822019.github.io/project/起点搜书/data_get/page_3_dom_after_click.html
2026-04-11 19:35:32,435 - INFO - 已保存页面截图: /Users/wangzeyu.67/Downloads/918822019.github.io/project/起点搜书/data_get/page_3.png
2026-04-11 19:35:32,437 - INFO - https://7e0c.bqg504.cc/#/book/3/ XPath[target_xpath_url] -> None
2026-04-11 19:35:32,437 - INFO - 已保存网络诊断: /Users/wangzeyu.67/Downloads/918822019.github.io/project/起点搜书/data_get/page_3_network_debug.json
2026-04-11 19:35:32,466 - INFO - 已保存HTML源码: /Users/wangzeyu.67/Downloads/918822019.github.io/project/起点搜书/data_get/page_3.html
2026-04-11 19:36:03,174 - ERROR - [Playwright]https://7e0c.bqg504.cc/#/book/4/ 请求异常: Page.goto: net::ERR_TIMED_OUT at https://7e0c.bqg504.cc/#/book/4/
Call log:
  - navigating to "https://7e0c.bqg504.cc/#/book/4/", waiting until "load"
，重试中...
2026-04-11 19:36:10,814 - WARNING - https://7e0c.bqg504.cc/#/book/4/ 保存原始响应HTML失败: Response.text: Protocol error (Network.getResponseBody): No resource with given identifier found
2026-04-11 19:36:16,848 - INFO - 已保存点击前DOM: /Users/wangzeyu.67/Downloads/918822019.github.io/project/起点搜书/data_get/page_4_dom_before_click.html
2026-04-11 19:36:18,905 - INFO - 已保存点击后DOM: /Users/wangzeyu.67/Downloads/918822019.github.io/project/起点搜书/data_get/page_4_dom_after_click.html
2026-04-11 19:36:18,905 - INFO - 已保存页面截图: /Users/wangzeyu.67/Downloads/918822019.github.io/project/起点搜书/data_get/page_4.png
2026-04-11 19:36:18,907 - INFO - https://7e0c.bqg504.cc/#/book/4/ XPath[target_xpath_url] -> None
2026-04-11 19:36:18,908 - INFO - 已保存网络诊断: /Users/wangzeyu.67/Downloads/918822019.github.io/project/起点搜书/data_get/page_4_network_debug.json
2026-04-11 19:36:18,938 - INFO - 已保存HTML源码: /Users/wangzeyu.67/Downloads/918822019.github.io/project/起点搜书/data_get/page_4.html
2026-04-11 19:36:19,971 - INFO - 已保存原始响应HTML: /Users/wangzeyu.67/Downloads/918822019.github.io/project/起点搜书/data_get/page_5_raw_response.html
2026-04-11 19:36:25,998 - INFO - 已保存点击前DOM: /Users/wangzeyu.67/Downloads/918822019.github.io/project/起点搜书/data_get/page_5_dom_before_click.html
2026-04-11 19:36:28,050 - INFO - 已保存点击后DOM: /Users/wangzeyu.67/Downloads/918822019.github.io/project/起点搜书/data_get/page_5_dom_after_click.html
2026-04-11 19:36:28,050 - INFO - 已保存页面截图: /Users/wangzeyu.67/Downloads/918822019.github.io/project/起点搜书/data_get/page_5.png
2026-04-11 19:36:28,052 - INFO - https://7e0c.bqg504.cc/#/book/5/ XPath[target_xpath_url] -> None
2026-04-11 19:36:28,053 - INFO - 已保存网络诊断: /Users/wangzeyu.67/Downloads/918822019.github.io/project/起点搜书/data_get/page_5_network_debug.json
2026-04-11 19:36:28,085 - INFO - 已保存HTML源码: /Users/wangzeyu.67/Downloads/918822019.github.io/project/起点搜书/data_get/page_5.html
2026-04-11 19:36:28,085 - INFO - 
抓取结果:
2026-04-11 19:36:28,086 - INFO - URL: https://7e0c.bqg504.cc/#/book/1/ -> 状态: Success 标题:  HTML: /Users/wangzeyu.67/Downloads/918822019.github.io/project/起点搜书/data_get/page_1.html
2026-04-11 19:36:28,086 - INFO - URL: https://7e0c.bqg504.cc/#/book/2/ -> 状态: Success 标题:  HTML: /Users/wangzeyu.67/Downloads/918822019.github.io/project/起点搜书/data_get/page_2.html
2026-04-11 19:36:28,086 - INFO - URL: https://7e0c.bqg504.cc/#/book/3/ -> 状态: Success 标题:  HTML: /Users/wangzeyu.67/Downloads/918822019.github.io/project/起点搜书/data_get/page_3.html
2026-04-11 19:36:28,086 - INFO - URL: https://7e0c.bqg504.cc/#/book/4/ -> 状态: Success 标题:  HTML: /Users/wangzeyu.67/Downloads/918822019.github.io/project/起点搜书/data_get/page_4.html
2026-04-11 19:36:28,086 - INFO - URL: https://7e0c.bqg504.cc/#/book/5/ -> 状态: Success 标题:  HTML: /Users/wangzeyu.67/Downloads/918822019.github.io/project/起点搜书/data_get/page_5.html
2026-04-11 19:36:28,086 - INFO - 
子链接示例:
2026-04-11 19:36:28,086 - INFO - XPath提取成功数: 0/5
2026-04-11 19:36:28,086 - INFO - 
全部完成，耗时: 95.69 秒
2026-04-11 19:36:28,086 - INFO - 结果已保存至: /Users/wangzeyu.67/Downloads/918822019.github.io/project/起点搜书/data_get/xpath_results.json
2026-04-11 19:37:07,440 - INFO - 即将抓取单页: https://7e0c.bqg504.cc/#/book/1/
2026-04-11 19:37:20,187 - INFO - XPath结果: https://7e0c.bqg504.cc/book/1/1.html
2026-04-11 19:37:20,188 - INFO - 
全部完成，耗时: 12.75 秒
2026-04-11 19:37:20,188 - INFO - HTML已保存至: /Users/wangzeyu.67/Downloads/918822019.github.io/project/起点搜书/data_get/page_1.html
2026-04-11 19:37:20,188 - INFO - 结果已保存至: /Users/wangzeyu.67/Downloads/918822019.github.io/project/起点搜书/data_get/xpath_result.json
2026-04-11 19:42:42,238 - INFO - 即将抓取单页: https://7e0c.bqg504.cc/#/book/1/
2026-04-11 19:42:42,238 - INFO - 待抓取URL数: 1 (ThreadPool + Playwright)
2026-04-11 19:42:54,694 - WARNING - https://7e0c.bqg504.cc/#/book/1/ 保存原始响应HTML失败: Response.text: Protocol error (Network.getResponseBody): No resource with given identifier found
2026-04-11 19:43:40,652 - WARNING - https://7e0c.bqg504.cc/#/book/1/ 45s内仍未加载真实数据，继续抓取并落盘调试文件
2026-04-11 19:43:40,664 - INFO - 已保存点击前DOM: /Users/wangzeyu.67/Downloads/918822019.github.io/project/起点搜书/data_get/page_1_dom_before_click.html
2026-04-11 19:43:45,390 - INFO - 已保存点击后DOM: /Users/wangzeyu.67/Downloads/918822019.github.io/project/起点搜书/data_get/page_1_dom_after_click.html
2026-04-11 19:43:45,390 - INFO - 已保存页面截图: /Users/wangzeyu.67/Downloads/918822019.github.io/project/起点搜书/data_get/page_1.png
2026-04-11 19:43:45,393 - INFO - https://7e0c.bqg504.cc/#/book/1/ XPath[xpath_url] -> None
2026-04-11 19:43:45,395 - INFO - 已保存网络诊断: /Users/wangzeyu.67/Downloads/918822019.github.io/project/起点搜书/data_get/page_1_network_debug.json
2026-04-11 19:43:45,434 - INFO - 已保存HTML源码: /Users/wangzeyu.67/Downloads/918822019.github.io/project/起点搜书/data_get/page_1.html
2026-04-11 19:43:45,436 - INFO - 
抓取结果:
2026-04-11 19:43:45,436 - INFO - URL: https://7e0c.bqg504.cc/#/book/1/ -> 状态: Success 标题: 笔趣阁 HTML: /Users/wangzeyu.67/Downloads/918822019.github.io/project/起点搜书/data_get/page_1.html
2026-04-11 19:43:45,436 - INFO - 
子链接示例:
2026-04-11 19:43:45,436 - INFO - XPath结果: None
2026-04-11 19:43:45,436 - INFO - 
全部完成，耗时: 63.20 秒
2026-04-11 19:43:45,436 - INFO - HTML已保存至: /Users/wangzeyu.67/Downloads/918822019.github.io/project/起点搜书/data_get/page_1.html
2026-04-11 19:43:45,436 - INFO - 结果已保存至: /Users/wangzeyu.67/Downloads/918822019.github.io/project/起点搜书/data_get/xpath_result.json
2026-04-11 19:48:27,746 - INFO - 即将抓取单页: https://7e0c.bqg504.cc/#/book/1/
2026-04-11 19:48:41,061 - INFO - XPath结果: https://7e0c.bqg504.cc/book/1/1.html
2026-04-11 19:48:41,062 - INFO - 
全部完成，耗时: 13.32 秒
2026-04-11 19:48:41,062 - INFO - HTML已保存至: /Users/wangzeyu.67/Downloads/918822019.github.io/project/起点搜书/data_get/page_1.html
2026-04-11 19:48:41,062 - INFO - 结果已保存至: /Users/wangzeyu.67/Downloads/918822019.github.io/project/起点搜书/data_get/xpath_result.json
2026-04-11 19:49:19,404 - INFO - 待抓取URL数: 5 (Playwright)
2026-04-11 19:49:21,407 - INFO - 
抓取结果:
2026-04-11 19:49:21,408 - INFO - URL: https://example.com/0 -> 状态: Success 标题:  HTML: 
2026-04-11 19:49:21,408 - INFO - URL: https://example.com/1 -> 状态: Success 标题:  HTML: 
2026-04-11 19:49:21,408 - INFO - URL: https://example.com/2 -> 状态: Success 标题:  HTML: 
2026-04-11 19:49:21,408 - INFO - URL: https://example.com/3 -> 状态: Success 标题:  HTML: 
2026-04-11 19:49:21,408 - INFO - URL: https://example.com/4 -> 状态: Success 标题:  HTML: 
2026-04-11 19:49:21,408 - INFO - 
子链接示例:
2026-04-11 19:59:16,576 - INFO - 待抓取URL数: 2 (Playwright)
2026-04-11 19:59:25,848 - WARNING - https://7e0c.bqg504.cc/#/book/1/ 保存原始响应HTML失败: Response.text: Protocol error (Network.getResponseBody): No resource with given identifier found
2026-04-11 20:00:11,608 - WARNING - https://7e0c.bqg504.cc/#/book/1/ 45s内仍未加载真实数据，继续抓取并落盘调试文件
2026-04-11 20:00:11,620 - INFO - 已保存点击前DOM: /Users/wangzeyu.67/Downloads/918822019.github.io/project/起点搜书/data_get/page_1_dom_before_click.html
2026-04-11 20:00:15,635 - INFO - 已保存点击后DOM: /Users/wangzeyu.67/Downloads/918822019.github.io/project/起点搜书/data_get/page_1_dom_after_click.html
2026-04-11 20:00:15,635 - INFO - 已保存页面截图: /Users/wangzeyu.67/Downloads/918822019.github.io/project/起点搜书/data_get/page_1.png
2026-04-11 20:00:15,636 - INFO - 已保存网络诊断: /Users/wangzeyu.67/Downloads/918822019.github.io/project/起点搜书/data_get/page_1_network_debug.json
2026-04-11 20:00:15,671 - INFO - 已保存HTML源码: /Users/wangzeyu.67/Downloads/918822019.github.io/project/起点搜书/data_get/page_1.html
2026-04-11 20:00:18,143 - INFO - 已保存原始响应HTML: /Users/wangzeyu.67/Downloads/918822019.github.io/project/起点搜书/data_get/page_2_raw_response.html
2026-04-11 20:01:04,054 - WARNING - https://7e0c.bqg504.cc/#/book/2/ 45s内仍未加载真实数据，继续抓取并落盘调试文件
2026-04-11 20:01:04,063 - INFO - 已保存点击前DOM: /Users/wangzeyu.67/Downloads/918822019.github.io/project/起点搜书/data_get/page_2_dom_before_click.html
2026-04-11 20:01:06,965 - INFO - 已保存点击后DOM: /Users/wangzeyu.67/Downloads/918822019.github.io/project/起点搜书/data_get/page_2_dom_after_click.html
2026-04-11 20:01:06,965 - INFO - 已保存页面截图: /Users/wangzeyu.67/Downloads/918822019.github.io/project/起点搜书/data_get/page_2.png
2026-04-11 20:01:06,966 - INFO - 已保存网络诊断: /Users/wangzeyu.67/Downloads/918822019.github.io/project/起点搜书/data_get/page_2_network_debug.json
2026-04-11 20:01:06,997 - INFO - 已保存HTML源码: /Users/wangzeyu.67/Downloads/918822019.github.io/project/起点搜书/data_get/page_2.html
2026-04-11 20:01:06,998 - INFO - 
抓取结果:
2026-04-11 20:01:06,998 - INFO - URL: https://7e0c.bqg504.cc/#/book/1/ -> 状态: Success 标题: 笔趣阁 HTML: /Users/wangzeyu.67/Downloads/918822019.github.io/project/起点搜书/data_get/page_1.html
2026-04-11 20:01:06,998 - INFO - URL: https://7e0c.bqg504.cc/#/book/2/ -> 状态: Success 标题: 笔趣阁 HTML: /Users/wangzeyu.67/Downloads/918822019.github.io/project/起点搜书/data_get/page_2.html
2026-04-11 20:01:06,998 - INFO - 
子链接示例:
2026-04-11 20:01:06,998 - INFO - 待抓取URL数: 2 (Playwright)
2026-04-11 20:01:08,948 - INFO - 已保存原始响应HTML: /Users/wangzeyu.67/Downloads/918822019.github.io/project/起点搜书/data_get/page_1_raw_response.html
2026-04-11 20:01:19,915 - WARNING - https://7e0c.bqg504.cc/#/book/2/ 保存原始响应HTML失败: Response.text: Protocol error (Network.getResponseBody): No resource with given identifier found
2026-04-11 20:01:54,486 - WARNING - https://7e0c.bqg504.cc/#/book/1/ 45s内仍未加载真实数据，继续抓取并落盘调试文件
2026-04-11 20:01:54,550 - WARNING - https://7e0c.bqg504.cc/#/book/1/ 保存点击前DOM失败: Page.content: Unable to retrieve content because the page is navigating and changing the content.
2026-04-11 20:01:59,179 - INFO - 已保存点击后DOM: /Users/wangzeyu.67/Downloads/918822019.github.io/project/起点搜书/data_get/page_1_dom_after_click.html
2026-04-11 20:01:59,180 - INFO - 已保存页面截图: /Users/wangzeyu.67/Downloads/918822019.github.io/project/起点搜书/data_get/page_1.png
2026-04-11 20:01:59,181 - INFO - 已保存网络诊断: /Users/wangzeyu.67/Downloads/918822019.github.io/project/起点搜书/data_get/page_1_network_debug.json
2026-04-11 20:01:59,211 - INFO - 已保存HTML源码: /Users/wangzeyu.67/Downloads/918822019.github.io/project/起点搜书/data_get/page_1.html
2026-04-11 20:02:06,019 - WARNING - https://7e0c.bqg504.cc/#/book/2/ 45s内仍未加载真实数据，继续抓取并落盘调试文件
2026-04-11 20:02:06,027 - INFO - 已保存点击前DOM: /Users/wangzeyu.67/Downloads/918822019.github.io/project/起点搜书/data_get/page_2_dom_before_click.html
2026-04-11 20:02:15,655 - ERROR - [Playwright]https://7e0c.bqg504.cc/#/book/2/ 请求异常: 页面持续处于导航状态，无法获取HTML，重试中...
2026-04-11 20:02:18,779 - INFO - 已保存原始响应HTML: /Users/wangzeyu.67/Downloads/918822019.github.io/project/起点搜书/data_get/page_2_raw_response.html
2026-04-11 20:03:04,556 - WARNING - https://7e0c.bqg504.cc/#/book/2/ 45s内仍未加载真实数据，继续抓取并落盘调试文件
2026-04-11 20:03:04,569 - INFO - 已保存点击前DOM: /Users/wangzeyu.67/Downloads/918822019.github.io/project/起点搜书/data_get/page_2_dom_before_click.html
2026-04-11 20:03:10,347 - INFO - 已保存点击后DOM: /Users/wangzeyu.67/Downloads/918822019.github.io/project/起点搜书/data_get/page_2_dom_after_click.html
2026-04-11 20:03:10,347 - INFO - 已保存页面截图: /Users/wangzeyu.67/Downloads/918822019.github.io/project/起点搜书/data_get/page_2.png
2026-04-11 20:03:10,349 - INFO - 已保存网络诊断: /Users/wangzeyu.67/Downloads/918822019.github.io/project/起点搜书/data_get/page_2_network_debug.json
2026-04-11 20:03:10,380 - INFO - 已保存HTML源码: /Users/wangzeyu.67/Downloads/918822019.github.io/project/起点搜书/data_get/page_2.html
2026-04-11 20:03:10,381 - INFO - 
抓取结果:
2026-04-11 20:03:10,381 - INFO - URL: https://7e0c.bqg504.cc/#/book/1/ -> 状态: Success 标题: 笔趣阁 HTML: /Users/wangzeyu.67/Downloads/918822019.github.io/project/起点搜书/data_get/page_1.html
2026-04-11 20:03:10,381 - INFO - URL: https://7e0c.bqg504.cc/#/book/2/ -> 状态: Success 标题: 笔趣阁 HTML: /Users/wangzeyu.67/Downloads/918822019.github.io/project/起点搜书/data_get/page_2.html
2026-04-11 20:03:10,381 - INFO - 
子链接示例:
2026-04-11 20:35:21,438 - INFO - 即将抓取单页: https://7e0c.bqg504.cc/#/book/1/
2026-04-11 20:35:35,296 - INFO - XPath结果: https://7e0c.bqg504.cc/book/1/1006.html
2026-04-11 20:35:35,297 - INFO - 
全部完成，耗时: 13.86 秒
2026-04-11 20:35:35,297 - INFO - HTML已保存至: /Users/wangzeyu.67/Downloads/918822019.github.io/project/起点搜书/data_get/page_1.html
2026-04-11 20:35:35,297 - INFO - 结果已保存至: /Users/wangzeyu.67/Downloads/918822019.github.io/project/起点搜书/data_get/xpath_result.json
2026-04-11 21:44:56,458 - INFO - 目录阶段启动: range=1-3 targets=3 concurrency=4
2026-04-11 21:45:02,135 - INFO - 目录进度: 1/3 success=1 failure=0 elapsed=5.68s
2026-04-11 21:45:05,115 - INFO - 目录进度: 2/3 success=2 failure=0 elapsed=8.66s
2026-04-11 21:45:20,734 - INFO - 目录阶段启动: range=1-3 targets=1 concurrency=4
2026-04-11 21:45:21,202 - INFO - 目录进度: 1/1 success=1 failure=0 elapsed=0.47s
2026-04-11 21:45:24,488 - WARNING - 请求失败，稍后重试: url=https://apibi.cc/api/booklist?id=2 attempt=1/3 error=The read operation timed out
2026-04-11 21:45:26,550 - INFO - 目录进度: 3/3 success=3 failure=0 elapsed=30.09s
2026-04-11 21:45:26,715 - INFO - 正文阶段启动: range=1-1 books=1 concurrency=4 batch_size=5
2026-04-11 21:45:26,717 - INFO - 开始抓正文: book_id=1 title=海贼之银狐大将 pending=1006
2026-04-11 21:45:41,977 - INFO - 目录阶段启动: range=1-3 targets=3 concurrency=4
2026-04-11 21:45:42,306 - INFO - 目录进度: 1/3 success=1 failure=0 elapsed=0.33s
2026-04-11 21:45:42,627 - INFO - 目录进度: 2/3 success=2 failure=0 elapsed=0.65s
2026-04-11 21:45:42,758 - INFO - 目录进度: 3/3 success=3 failure=0 elapsed=0.78s
2026-04-11 21:46:25,197 - INFO - 目录阶段启动: range=1-1 targets=1 concurrency=4
2026-04-11 21:46:25,520 - INFO - 目录进度: 1/1 success=1 failure=0 elapsed=0.32s
2026-04-11 21:46:25,655 - INFO - 正文阶段启动: range=1-1 books=1 concurrency=4 batch_size=5
2026-04-11 21:46:25,657 - INFO - 开始抓正文: book_id=1 title=海贼之银狐大将 pending=5
2026-04-11 21:46:25,952 - INFO - 正文书籍进度: 1/1 elapsed=0.30s
2026-04-11 21:47:52,518 - INFO - 正文书籍进度: 1/1 elapsed=145.80s
2026-04-11 21:48:05,680 - INFO - 目录阶段启动: range=1-10000 targets=10000 concurrency=12
2026-04-11 21:48:27,498 - WARNING - 请求失败，稍后重试: url=https://apibi.cc/api/book?id=8 attempt=1/3 error=The read operation timed out
2026-04-11 21:48:27,679 - INFO - 目录进度: 200/10000 success=200 failure=0 elapsed=22.00s
2026-04-11 21:48:32,850 - WARNING - 请求失败，稍后重试: url=https://apibi.cc/api/booklist?id=2 attempt=1/3 error=The read operation timed out
2026-04-11 21:48:42,524 - INFO - 目录进度: 400/10000 success=400 failure=0 elapsed=36.84s
2026-04-11 21:48:57,053 - INFO - 目录进度: 600/10000 success=600 failure=0 elapsed=51.37s
2026-04-11 21:49:10,230 - INFO - 目录进度: 800/10000 success=800 failure=0 elapsed=64.55s
2026-04-11 21:49:23,179 - INFO - 目录进度: 1000/10000 success=1000 failure=0 elapsed=77.50s
2026-04-11 21:49:36,789 - INFO - 目录进度: 1200/10000 success=1200 failure=0 elapsed=91.11s
2026-04-11 21:49:50,417 - INFO - 目录进度: 1400/10000 success=1400 failure=0 elapsed=104.74s
2026-04-11 21:50:06,297 - WARNING - 请求失败，稍后重试: url=https://apibi.cc/api/book?id=1354 attempt=1/3 error=HTTP Error 522: <none>
2026-04-11 21:50:06,505 - INFO - 目录进度: 1600/10000 success=1600 failure=0 elapsed=120.83s
2026-04-11 21:50:08,858 - WARNING - 请求失败，稍后重试: url=https://apibi.cc/api/book?id=1393 attempt=1/3 error=HTTP Error 522: <none>
2026-04-11 21:50:19,522 - INFO - 目录进度: 1800/10000 success=1800 failure=0 elapsed=133.84s
2026-04-11 21:50:31,669 - INFO - 目录进度: 2000/10000 success=2000 failure=0 elapsed=145.99s
2026-04-11 21:50:44,229 - INFO - 目录进度: 2200/10000 success=2200 failure=0 elapsed=158.55s
2026-04-11 21:50:57,578 - INFO - 目录进度: 2400/10000 success=2400 failure=0 elapsed=171.90s
2026-04-11 21:51:10,188 - INFO - 目录进度: 2600/10000 success=2600 failure=0 elapsed=184.51s
2026-04-11 21:51:22,346 - INFO - 目录进度: 2800/10000 success=2800 failure=0 elapsed=196.67s
2026-04-11 21:51:34,798 - INFO - 目录进度: 3000/10000 success=3000 failure=0 elapsed=209.12s
2026-04-11 21:51:46,417 - INFO - 目录进度: 3200/10000 success=3200 failure=0 elapsed=220.74s
2026-04-11 21:51:58,106 - INFO - 目录进度: 3400/10000 success=3400 failure=0 elapsed=232.43s
2026-04-11 21:52:09,752 - INFO - 目录进度: 3600/10000 success=3600 failure=0 elapsed=244.07s
2026-04-11 21:52:22,119 - INFO - 目录进度: 3800/10000 success=3800 failure=0 elapsed=256.44s
2026-04-11 21:52:34,399 - INFO - 目录进度: 4000/10000 success=4000 failure=0 elapsed=268.72s
2026-04-11 21:52:46,730 - INFO - 目录进度: 4200/10000 success=4200 failure=0 elapsed=281.05s
2026-04-11 21:52:58,662 - INFO - 目录进度: 4400/10000 success=4400 failure=0 elapsed=292.98s
2026-04-11 21:53:10,337 - INFO - 目录进度: 4600/10000 success=4600 failure=0 elapsed=304.66s
2026-04-11 21:53:21,511 - INFO - 目录进度: 4800/10000 success=4800 failure=0 elapsed=315.83s
2026-04-11 21:53:33,365 - INFO - 目录进度: 5000/10000 success=5000 failure=0 elapsed=327.68s
2026-04-11 21:53:45,488 - INFO - 目录进度: 5200/10000 success=5200 failure=0 elapsed=339.81s
2026-04-11 21:53:57,570 - INFO - 目录进度: 5400/10000 success=5400 failure=0 elapsed=351.89s
2026-04-11 21:54:09,675 - INFO - 目录进度: 5600/10000 success=5600 failure=0 elapsed=363.99s
2026-04-11 21:54:21,529 - INFO - 目录进度: 5800/10000 success=5800 failure=0 elapsed=375.85s
2026-04-11 21:54:33,570 - INFO - 目录进度: 6000/10000 success=6000 failure=0 elapsed=387.89s
2026-04-11 21:54:45,997 - INFO - 目录进度: 6200/10000 success=6200 failure=0 elapsed=400.32s
2026-04-11 21:54:57,597 - INFO - 目录进度: 6400/10000 success=6400 failure=0 elapsed=411.92s
2026-04-11 21:55:09,895 - INFO - 目录进度: 6600/10000 success=6600 failure=0 elapsed=424.21s
2026-04-11 21:55:21,449 - INFO - 目录进度: 6800/10000 success=6800 failure=0 elapsed=435.77s
2026-04-11 21:55:33,207 - INFO - 目录进度: 7000/10000 success=7000 failure=0 elapsed=447.53s
2026-04-11 21:55:45,093 - INFO - 目录进度: 7200/10000 success=7200 failure=0 elapsed=459.41s
2026-04-11 21:55:57,042 - INFO - 目录进度: 7400/10000 success=7400 failure=0 elapsed=471.36s
2026-04-11 21:56:08,499 - INFO - 目录进度: 7600/10000 success=7600 failure=0 elapsed=482.82s
2026-04-11 21:56:19,989 - INFO - 目录进度: 7800/10000 success=7800 failure=0 elapsed=494.31s
2026-04-11 21:56:31,336 - INFO - 目录进度: 8000/10000 success=8000 failure=0 elapsed=505.66s
2026-04-11 21:56:43,127 - INFO - 目录进度: 8200/10000 success=8200 failure=0 elapsed=517.45s
2026-04-11 21:56:54,660 - INFO - 目录进度: 8400/10000 success=8400 failure=0 elapsed=528.98s
2026-04-11 21:57:06,248 - INFO - 目录进度: 8600/10000 success=8600 failure=0 elapsed=540.57s
2026-04-11 21:57:17,825 - INFO - 目录进度: 8800/10000 success=8800 failure=0 elapsed=552.14s
2026-04-11 21:57:29,179 - INFO - 目录进度: 9000/10000 success=9000 failure=0 elapsed=563.50s
2026-04-11 21:57:40,757 - INFO - 目录进度: 9200/10000 success=9200 failure=0 elapsed=575.08s
2026-04-11 21:57:52,579 - INFO - 目录进度: 9400/10000 success=9400 failure=0 elapsed=586.90s
2026-04-11 21:58:04,091 - INFO - 目录进度: 9600/10000 success=9600 failure=0 elapsed=598.41s
2026-04-11 21:58:15,456 - INFO - 目录进度: 9800/10000 success=9800 failure=0 elapsed=609.78s
2026-04-11 21:58:26,885 - INFO - 目录进度: 10000/10000 success=10000 failure=0 elapsed=621.20s
2026-04-11 22:37:32,529 - INFO - 正文阶段启动: range=1-1 books=1 pending_chapters=4 concurrency=4 batch_size=4 interval=0.030s jitter=0.050s
2026-04-11 22:37:32,533 - INFO - 开始抓正文: book_id=1 title=海贼之银狐大将 pending=4
2026-04-11 22:37:34,700 - INFO - 正文章节进度: 2/4 success=2 failure=0 current_book=1 elapsed=2.17s
2026-04-11 22:37:55,091 - WARNING - 请求失败，稍后重试: url=https://apibi.cc/api/chapter?id=1&chapterid=1 attempt=1/5 error=The read operation timed out
2026-04-11 22:37:57,641 - INFO - 正文章节进度: 4/4 success=4 failure=0 current_book=1 elapsed=25.11s
2026-04-11 22:37:57,644 - INFO - 正文书籍进度: 1/1 chapters=4/4 elapsed=25.11s
2026-04-11 22:38:45,012 - INFO - 正文阶段启动: range=1-10000 books=10000 pending_chapters=9635984 concurrency=8 batch_size=40 interval=0.030s jitter=0.050s
2026-04-11 22:38:45,018 - INFO - 开始抓正文: book_id=1 title=海贼之银狐大将 pending=1002
2026-04-11 22:39:08,609 - WARNING - 请求失败，稍后重试: url=https://apibi.cc/api/chapter?id=1&chapterid=16 attempt=1/5 error=<urlopen error _ssl.c:1063: The handshake operation timed out>
2026-04-11 22:39:46,670 - INFO - 正文章节进度: 500/9635984 success=500 failure=0 current_book=1 elapsed=61.66s
2026-04-11 22:40:20,284 - INFO - 正文章节进度: 1000/9635984 success=1000 failure=0 current_book=1 elapsed=95.27s
2026-04-11 22:40:20,695 - INFO - 开始抓正文: book_id=2 title=我的导演时代 pending=572
2026-04-11 22:40:53,033 - INFO - 正文章节进度: 1500/9635984 success=1500 failure=0 current_book=2 elapsed=128.02s
2026-04-11 22:40:58,016 - INFO - 开始抓正文: book_id=3 title=我有一群地球玩家 pending=2203
2026-04-11 22:41:25,442 - INFO - 正文章节进度: 2000/9635984 success=2000 failure=0 current_book=3 elapsed=160.43s
2026-04-11 22:41:57,139 - INFO - 正文章节进度: 2500/9635984 success=2500 failure=0 current_book=3 elapsed=192.13s
2026-04-11 22:42:29,184 - INFO - 正文章节进度: 3000/9635984 success=3000 failure=0 current_book=3 elapsed=224.17s
2026-04-11 22:43:01,407 - INFO - 正文章节进度: 3500/9635984 success=3500 failure=0 current_book=3 elapsed=256.40s
2026-04-11 22:43:23,676 - WARNING - 请求失败，稍后重试: url=https://apibi.cc/api/chapter?id=3&chapterid=1965 attempt=1/5 error=HTTP Error 522: <none>
2026-04-11 22:43:50,468 - WARNING - 请求失败，稍后重试: url=https://apibi.cc/api/chapter?id=3&chapterid=1965 attempt=2/5 error=The read operation timed out
2026-04-11 22:44:10,983 - INFO - 开始抓正文: book_id=4 title=混在海贼世界的日子 pending=765
2026-04-11 22:44:25,584 - INFO - 正文章节进度: 4000/9635984 success=4000 failure=0 current_book=4 elapsed=340.57s
2026-04-11 22:44:58,207 - INFO - 正文章节进度: 4500/9635984 success=4500 failure=0 current_book=4 elapsed=373.20s
2026-04-11 22:45:01,260 - INFO - 开始抓正文: book_id=5 title=农家小福女 pending=3536
2026-04-11 22:45:30,354 - INFO - 正文章节进度: 5000/9635984 success=5000 failure=0 current_book=5 elapsed=405.34s
2026-04-11 22:46:02,456 - INFO - 正文章节进度: 5500/9635984 success=5500 failure=0 current_book=5 elapsed=437.44s
2026-04-11 22:46:20,044 - WARNING - 请求失败，稍后重试: url=https://apibi.cc/api/chapter?id=5&chapterid=931 attempt=1/5 error=HTTP Error 522: <none>
2026-04-11 22:47:08,224 - INFO - 正文章节进度: 6000/9635984 success=6000 failure=0 current_book=5 elapsed=503.21s
2026-04-11 22:47:40,752 - INFO - 正文章节进度: 6500/9635984 success=6500 failure=0 current_book=5 elapsed=535.74s
2026-04-11 22:48:11,146 - WARNING - 请求失败，稍后重试: url=https://apibi.cc/api/chapter?id=5&chapterid=2125 attempt=1/5 error=HTTP Error 522: <none>
2026-04-11 22:48:57,740 - WARNING - 请求失败，稍后重试: url=https://apibi.cc/api/chapter?id=5&chapterid=2335 attempt=1/5 error=HTTP Error 522: <none>
2026-04-11 22:49:34,363 - WARNING - 请求失败，稍后重试: url=https://apibi.cc/api/chapter?id=5&chapterid=2363 attempt=1/5 error=<urlopen error _ssl.c:1063: The handshake operation timed out>
2026-04-11 22:49:41,975 - INFO - 正文章节进度: 7000/9635984 success=7000 failure=0 current_book=5 elapsed=656.96s
2026-04-11 22:50:15,276 - INFO - 正文章节进度: 7500/9635984 success=7500 failure=0 current_book=5 elapsed=690.26s
2026-04-11 22:50:42,459 - WARNING - 请求失败，稍后重试: url=https://apibi.cc/api/chapter?id=5&chapterid=3078 attempt=1/5 error=HTTP Error 522: <none>
2026-04-11 22:51:13,267 - WARNING - 请求失败，稍后重试: url=https://apibi.cc/api/chapter?id=5&chapterid=3078 attempt=2/5 error=The read operation timed out
2026-04-11 22:51:53,115 - WARNING - 请求失败，稍后重试: url=https://apibi.cc/api/chapter?id=5&chapterid=3317 attempt=1/5 error=HTTP Error 522: <none>
2026-04-11 22:52:11,876 - INFO - 正文章节进度: 8000/9635984 success=8000 failure=0 current_book=5 elapsed=806.86s
2026-04-11 22:52:17,354 - INFO - 开始抓正文: book_id=6 title=快穿女配冷静点 pending=5814
2026-04-11 22:52:44,317 - WARNING - 请求失败，稍后重试: url=https://apibi.cc/api/chapter?id=6&chapterid=119 attempt=1/5 error=HTTP Error 522: <none>
2026-04-11 22:53:12,384 - INFO - 正文章节进度: 8500/9635984 success=8500 failure=0 current_book=6 elapsed=867.37s
2026-04-11 22:53:45,207 - INFO - 正文章节进度: 9000/9635984 success=9000 failure=0 current_book=6 elapsed=900.20s
2026-04-11 22:54:17,929 - INFO - 正文章节进度: 9500/9635984 success=9500 failure=0 current_book=6 elapsed=932.92s
2026-04-11 22:54:50,376 - INFO - 正文章节进度: 10000/9635984 success=10000 failure=0 current_book=6 elapsed=965.36s
2026-04-11 22:55:40,171 - WARNING - 请求失败，稍后重试: url=https://apibi.cc/api/chapter?id=6&chapterid=2398 attempt=1/5 error=HTTP Error 522: <none>
2026-04-11 22:55:48,933 - INFO - 正文章节进度: 10500/9635984 success=10500 failure=0 current_book=6 elapsed=1023.92s
2026-04-11 22:56:22,198 - INFO - 正文章节进度: 11000/9635984 success=11000 failure=0 current_book=6 elapsed=1057.19s
2026-04-11 22:56:43,147 - WARNING - 请求失败，稍后重试: url=https://apibi.cc/api/chapter?id=6&chapterid=2952 attempt=1/5 error=HTTP Error 522: <none>
2026-04-11 22:57:22,329 - WARNING - 请求失败，稍后重试: url=https://apibi.cc/api/chapter?id=6&chapterid=3136 attempt=1/5 error=HTTP Error 522: <none>
2026-04-11 22:57:48,843 - INFO - 正文章节进度: 11500/9635984 success=11500 failure=0 current_book=6 elapsed=1143.83s
2026-04-11 22:58:22,318 - INFO - 正文章节进度: 12000/9635984 success=12000 failure=0 current_book=6 elapsed=1177.31s
2026-04-11 22:58:55,047 - INFO - 正文章节进度: 12500/9635984 success=12500 failure=0 current_book=6 elapsed=1210.04s
2026-04-11 22:59:28,321 - INFO - 正文章节进度: 13000/9635984 success=13000 failure=0 current_book=6 elapsed=1243.31s
2026-04-11 23:00:00,883 - INFO - 正文章节进度: 13500/9635984 success=13500 failure=0 current_book=6 elapsed=1275.87s
2026-04-11 23:00:26,839 - INFO - 开始抓正文: book_id=7 title=你的小可爱黑化了 pending=1575
2026-04-11 23:00:33,587 - INFO - 正文章节进度: 14000/9635984 success=14000 failure=0 current_book=7 elapsed=1308.58s
2026-04-11 23:01:20,649 - WARNING - 请求失败，稍后重试: url=https://apibi.cc/api/chapter?id=7&chapterid=537 attempt=1/5 error=HTTP Error 522: <none>
2026-04-11 23:01:48,302 - WARNING - 请求失败，稍后重试: url=https://apibi.cc/api/chapter?id=7&chapterid=537 attempt=2/5 error=The read operation timed out
2026-04-11 23:01:55,866 - INFO - 正文章节进度: 14500/9635984 success=14500 failure=0 current_book=7 elapsed=1390.85s
2026-04-11 23:02:35,162 - WARNING - 请求失败，稍后重试: url=https://apibi.cc/api/chapter?id=7&chapterid=901 attempt=1/5 error=HTTP Error 522: <none>
2026-04-11 23:03:04,587 - WARNING - 请求失败，稍后重试: url=https://apibi.cc/api/chapter?id=7&chapterid=923 attempt=1/5 error=<urlopen error _ssl.c:1063: The handshake operation timed out>
2026-04-11 23:03:28,455 - WARNING - 请求失败，稍后重试: url=https://apibi.cc/api/chapter?id=7&chapterid=923 attempt=2/5 error=The read operation timed out
2026-04-11 23:03:53,291 - WARNING - 请求失败，稍后重试: url=https://apibi.cc/api/chapter?id=7&chapterid=981 attempt=1/5 error=HTTP Error 522: <none>
2026-04-11 23:04:07,229 - INFO - 正文章节进度: 15000/9635984 success=15000 failure=0 current_book=7 elapsed=1522.22s
2026-04-11 23:04:39,274 - INFO - 开始抓正文: book_id=8 title=影视世界当神探 pending=2236
2026-04-11 23:04:41,452 - INFO - 正文章节进度: 15500/9635984 success=15500 failure=0 current_book=8 elapsed=1556.44s
2026-04-11 23:05:11,836 - WARNING - 请求失败，稍后重试: url=https://apibi.cc/api/chapter?id=8&chapterid=197 attempt=1/5 error=HTTP Error 522: <none>
2026-04-11 23:05:26,472 - WARNING - 请求失败，稍后重试: url=https://apibi.cc/api/chapter?id=8&chapterid=212 attempt=1/5 error=<urlopen error [Errno 54] Connection reset by peer>
2026-04-11 23:05:48,526 - INFO - 正文章节进度: 16000/9635984 success=16000 failure=0 current_book=8 elapsed=1623.51s
2026-04-11 23:06:20,941 - INFO - 正文章节进度: 16500/9635984 success=16500 failure=0 current_book=8 elapsed=1655.93s
2026-04-11 23:06:53,915 - INFO - 正文章节进度: 17000/9635984 success=17000 failure=0 current_book=8 elapsed=1688.90s
2026-04-11 23:07:25,863 - INFO - 正文章节进度: 17500/9635984 success=17500 failure=0 current_book=8 elapsed=1720.85s
2026-04-11 23:07:38,625 - INFO - 开始抓正文: book_id=9 title=全属性武道 pending=3117
2026-04-11 23:07:57,652 - INFO - 正文章节进度: 18000/9635984 success=18000 failure=0 current_book=9 elapsed=1752.64s
2026-04-11 23:08:29,968 - INFO - 正文章节进度: 18500/9635984 success=18500 failure=0 current_book=9 elapsed=1784.96s
2026-04-11 23:09:02,571 - INFO - 正文章节进度: 19000/9635984 success=19000 failure=0 current_book=9 elapsed=1817.56s
2026-04-11 23:09:34,236 - INFO - 正文章节进度: 19500/9635984 success=19500 failure=0 current_book=9 elapsed=1849.22s
2026-04-11 23:10:06,931 - INFO - 正文章节进度: 20000/9635984 success=20000 failure=0 current_book=9 elapsed=1881.92s
2026-04-11 23:10:38,413 - INFO - 正文章节进度: 20500/9635984 success=20500 failure=0 current_book=9 elapsed=1913.40s
2026-04-11 23:10:59,015 - INFO - 开始抓正文: book_id=10 title=瘟疫医生 pending=796
2026-04-11 23:11:10,527 - INFO - 正文章节进度: 21000/9635984 success=21000 failure=0 current_book=10 elapsed=1945.52s
2026-04-11 23:11:42,598 - INFO - 正文章节进度: 21500/9635984 success=21500 failure=0 current_book=10 elapsed=1977.59s
2026-04-11 23:11:50,005 - INFO - 开始抓正文: book_id=11 title=青莲之巅 pending=5015
2026-04-11 23:12:15,957 - INFO - 正文章节进度: 22000/9635984 success=22000 failure=0 current_book=11 elapsed=2010.95s
2026-04-11 23:12:50,339 - INFO - 正文章节进度: 22500/9635984 success=22500 failure=0 current_book=11 elapsed=2045.33s
2026-04-11 23:13:27,117 - WARNING - 请求失败，稍后重试: url=https://apibi.cc/api/chapter?id=11&chapterid=1144 attempt=1/5 error=HTTP Error 522: <none>
2026-04-11 23:13:54,458 - INFO - 正文章节进度: 23000/9635984 success=23000 failure=0 current_book=11 elapsed=2109.45s
2026-04-11 23:14:30,132 - INFO - 正文章节进度: 23500/9635984 success=23500 failure=0 current_book=11 elapsed=2145.12s
2026-04-11 23:15:05,081 - INFO - 正文章节进度: 24000/9635984 success=24000 failure=0 current_book=11 elapsed=2180.07s
2026-04-11 23:15:39,212 - INFO - 正文章节进度: 24500/9635984 success=24500 failure=0 current_book=11 elapsed=2214.20s
2026-04-11 23:16:13,122 - INFO - 正文章节进度: 25000/9635984 success=25000 failure=0 current_book=11 elapsed=2248.11s
2026-04-11 23:16:48,855 - INFO - 正文章节进度: 25500/9635984 success=25500 failure=0 current_book=11 elapsed=2283.84s
2026-04-11 23:17:23,533 - INFO - 正文章节进度: 26000/9635984 success=26000 failure=0 current_book=11 elapsed=2318.52s
2026-04-11 23:17:57,456 - INFO - 正文章节进度: 26500/9635984 success=26500 failure=0 current_book=11 elapsed=2352.44s
2026-04-11 23:18:06,831 - INFO - 开始抓正文: book_id=12 title=我只想安静地打游戏 pending=1913
2026-04-11 23:18:32,781 - INFO - 正文章节进度: 27000/9635984 success=27000 failure=0 current_book=12 elapsed=2387.77s
2026-04-11 23:19:06,477 - INFO - 正文章节进度: 27500/9635984 success=27500 failure=0 current_book=12 elapsed=2421.47s
2026-04-11 23:19:40,474 - INFO - 正文章节进度: 28000/9635984 success=28000 failure=0 current_book=12 elapsed=2455.46s
2026-04-11 23:20:14,078 - INFO - 正文章节进度: 28500/9635984 success=28500 failure=0 current_book=12 elapsed=2489.07s
2026-04-11 23:20:17,203 - INFO - 开始抓正文: book_id=13 title=我有无数神剑 pending=1082
2026-04-11 23:20:48,494 - INFO - 正文章节进度: 29000/9635984 success=29000 failure=0 current_book=13 elapsed=2523.48s
2026-04-11 23:21:22,244 - INFO - 正文章节进度: 29500/9635984 success=29500 failure=0 current_book=13 elapsed=2557.23s
2026-04-11 23:21:31,277 - INFO - 开始抓正文: book_id=14 title=我的混沌城 pending=1242
2026-04-11 23:21:57,720 - INFO - 正文章节进度: 30000/9635984 success=30000 failure=0 current_book=14 elapsed=2592.71s
2026-04-11 23:22:20,102 - WARNING - 请求失败，稍后重试: url=https://apibi.cc/api/chapter?id=14&chapterid=419 attempt=1/5 error=HTTP Error 522: <none>
2026-04-11 23:23:05,586 - INFO - 正文章节进度: 30500/9635984 success=30500 failure=0 current_book=14 elapsed=2660.57s
2026-04-11 23:23:31,252 - INFO - 开始抓正文: book_id=15 title=夫人每天都在线打脸 pending=1110
2026-04-11 23:23:40,777 - INFO - 正文章节进度: 31000/9635984 success=31000 failure=0 current_book=15 elapsed=2695.77s
2026-04-11 23:24:15,451 - INFO - 正文章节进度: 31500/9635984 success=31500 failure=0 current_book=15 elapsed=2730.44s
2026-04-11 23:24:48,615 - INFO - 开始抓正文: book_id=16 title=阿斯加德的圣骑士 pending=634
2026-04-11 23:24:50,185 - INFO - 正文章节进度: 32000/9635984 success=32000 failure=0 current_book=16 elapsed=2765.17s
2026-04-11 23:25:24,940 - INFO - 正文章节进度: 32500/9635984 success=32500 failure=0 current_book=16 elapsed=2799.93s
2026-04-11 23:25:32,325 - INFO - 开始抓正文: book_id=17 title=我夺舍了太阳神 pending=557
2026-04-11 23:25:58,465 - WARNING - 请求失败，稍后重试: url=https://apibi.cc/api/chapter?id=17&chapterid=99 attempt=1/5 error=HTTP Error 522: <none>
2026-04-11 23:26:33,352 - INFO - 正文章节进度: 33000/9635984 success=33000 failure=0 current_book=17 elapsed=2868.34s
2026-04-11 23:26:44,503 - INFO - 开始抓正文: book_id=18 title=全球影帝 pending=561
2026-04-11 23:27:10,656 - WARNING - 请求失败，稍后重试: url=https://apibi.cc/api/chapter?id=18&chapterid=101 attempt=1/5 error=HTTP Error 522: <none>
2026-04-11 23:27:42,110 - WARNING - 请求失败，稍后重试: url=https://apibi.cc/api/chapter?id=18&chapterid=128 attempt=1/5 error=The read operation timed out
2026-04-11 23:27:42,616 - WARNING - 请求失败，稍后重试: url=https://apibi.cc/api/chapter?id=18&chapterid=126 attempt=1/5 error=The read operation timed out
2026-04-11 23:27:59,932 - INFO - 正文章节进度: 33500/9635984 success=33500 failure=0 current_book=18 elapsed=2954.92s
2026-04-11 23:28:15,879 - INFO - 开始抓正文: book_id=19 title=超神宠兽店 pending=1433
2026-04-11 23:28:33,418 - INFO - 正文章节进度: 34000/9635984 success=34000 failure=0 current_book=19 elapsed=2988.41s
2026-04-11 23:29:05,753 - INFO - 正文章节进度: 34500/9635984 success=34500 failure=0 current_book=19 elapsed=3020.74s
2026-04-11 23:29:37,500 - INFO - 正文章节进度: 35000/9635984 success=35000 failure=0 current_book=19 elapsed=3052.49s
2026-04-11 23:29:48,061 - INFO - 开始抓正文: book_id=20 title=大国战隼 pending=720
2026-04-11 23:30:10,135 - INFO - 正文章节进度: 35500/9635984 success=35500 failure=0 current_book=20 elapsed=3085.12s
2026-04-11 23:30:34,048 - INFO - 正文书籍进度: 20/10000 chapters=35883/9635984 elapsed=3109.04s
2026-04-11 23:30:34,057 - INFO - 开始抓正文: book_id=21 title=太古龙象诀 pending=11274
2026-04-11 23:30:42,055 - INFO - 正文章节进度: 36000/9635984 success=36000 failure=0 current_book=21 elapsed=3117.04s
2026-04-11 23:31:14,964 - INFO - 正文章节进度: 36500/9635984 success=36500 failure=0 current_book=21 elapsed=3149.95s
2026-04-11 23:31:47,548 - INFO - 正文章节进度: 37000/9635984 success=37000 failure=0 current_book=21 elapsed=3182.54s
2026-04-11 23:32:20,971 - INFO - 正文章节进度: 37500/9635984 success=37500 failure=0 current_book=21 elapsed=3215.96s
2026-04-11 23:32:53,557 - INFO - 正文章节进度: 38000/9635984 success=38000 failure=0 current_book=21 elapsed=3248.55s
2026-04-11 23:33:37,448 - WARNING - 请求失败，稍后重试: url=https://apibi.cc/api/chapter?id=21&chapterid=2480 attempt=1/5 error=HTTP Error 522: <none>
2026-04-11 23:34:08,101 - WARNING - 请求失败，稍后重试: url=https://apibi.cc/api/chapter?id=21&chapterid=2483 attempt=1/5 error=The read operation timed out
2026-04-11 23:34:08,313 - WARNING - 请求失败，稍后重试: url=https://apibi.cc/api/chapter?id=21&chapterid=2486 attempt=1/5 error=The read operation timed out
2026-04-11 23:34:08,642 - WARNING - 请求失败，稍后重试: url=https://apibi.cc/api/chapter?id=21&chapterid=2482 attempt=1/5 error=<urlopen error _ssl.c:1063: The handshake operation timed out>
2026-04-11 23:34:30,946 - WARNING - 请求失败，稍后重试: url=https://apibi.cc/api/chapter?id=21&chapterid=2483 attempt=2/5 error=<urlopen error _ssl.c:1063: The handshake operation timed out>
2026-04-11 23:34:45,602 - INFO - 正文章节进度: 38500/9635984 success=38500 failure=0 current_book=21 elapsed=3360.59s
2026-04-11 23:35:06,830 - WARNING - 请求失败，稍后重试: url=https://apibi.cc/api/chapter?id=21&chapterid=2647 attempt=1/5 error=HTTP Error 522: <none>
2026-04-11 23:35:33,921 - WARNING - 请求失败，稍后重试: url=https://apibi.cc/api/chapter?id=21&chapterid=2685 attempt=1/5 error=<urlopen error _ssl.c:1063: The handshake operation timed out>
2026-04-11 23:36:04,222 - INFO - 正文章节进度: 39000/9635984 success=39000 failure=0 current_book=21 elapsed=3439.21s
2026-04-11 23:36:37,515 - INFO - 正文章节进度: 39500/9635984 success=39500 failure=0 current_book=21 elapsed=3472.50s
2026-04-11 23:37:10,694 - INFO - 正文章节进度: 40000/9635984 success=40000 failure=0 current_book=21 elapsed=3505.68s
2026-04-11 23:37:44,027 - INFO - 正文章节进度: 40500/9635984 success=40500 failure=0 current_book=21 elapsed=3539.02s
2026-04-11 23:38:31,331 - WARNING - 请求失败，稍后重试: url=https://apibi.cc/api/chapter?id=21&chapterid=5047 attempt=1/5 error=HTTP Error 522: <none>
2026-04-11 23:38:47,291 - INFO - 正文章节进度: 41000/9635984 success=41000 failure=0 current_book=21 elapsed=3602.28s
2026-04-11 23:39:20,754 - INFO - 正文章节进度: 41500/9635984 success=41500 failure=0 current_book=21 elapsed=3635.74s
2026-04-11 23:39:53,788 - INFO - 正文章节进度: 42000/9635984 success=42000 failure=0 current_book=21 elapsed=3668.78s
2026-04-11 23:40:27,150 - INFO - 正文章节进度: 42500/9635984 success=42500 failure=0 current_book=21 elapsed=3702.14s
2026-04-11 23:40:59,961 - INFO - 正文章节进度: 43000/9635984 success=43000 failure=0 current_book=21 elapsed=3734.95s
2026-04-11 23:41:32,466 - INFO - 正文章节进度: 43500/9635984 success=43500 failure=0 current_book=21 elapsed=3767.45s
2026-04-11 23:41:54,385 - WARNING - 请求失败，稍后重试: url=https://apibi.cc/api/chapter?id=21&chapterid=7657 attempt=1/5 error=HTTP Error 522: <none>
2026-04-11 23:42:30,085 - WARNING - 请求失败，稍后重试: url=https://apibi.cc/api/chapter?id=21&chapterid=7682 attempt=1/5 error=The read operation timed out
2026-04-11 23:42:31,127 - WARNING - 请求失败，稍后重试: url=https://apibi.cc/api/chapter?id=21&chapterid=7683 attempt=1/5 error=The read operation timed out
2026-04-11 23:43:03,156 - INFO - 正文章节进度: 44000/9635984 success=44000 failure=0 current_book=21 elapsed=3858.14s
2026-04-11 23:43:36,476 - INFO - 正文章节进度: 44500/9635984 success=44500 failure=0 current_book=21 elapsed=3891.46s
2026-04-11 23:44:09,357 - INFO - 正文章节进度: 45000/9635984 success=45000 failure=0 current_book=21 elapsed=3924.35s
2026-04-11 23:44:42,576 - INFO - 正文章节进度: 45500/9635984 success=45500 failure=0 current_book=21 elapsed=3957.56s
2026-04-11 23:45:15,375 - INFO - 正文章节进度: 46000/9635984 success=46000 failure=0 current_book=21 elapsed=3990.36s
2026-04-11 23:45:48,063 - INFO - 正文章节进度: 46500/9635984 success=46500 failure=0 current_book=21 elapsed=4023.05s
2026-04-11 23:46:20,837 - INFO - 正文章节进度: 47000/9635984 success=47000 failure=0 current_book=21 elapsed=4055.83s
2026-04-11 23:46:31,598 - INFO - 开始抓正文: book_id=22 title=荒野之活着就变强 pending=741
2026-04-11 23:46:53,475 - INFO - 正文章节进度: 47500/9635984 success=47500 failure=0 current_book=22 elapsed=4088.46s
2026-04-11 23:47:19,708 - INFO - 开始抓正文: book_id=23 title=斗武乾坤 pending=2941
2026-04-11 23:47:26,213 - INFO - 正文章节进度: 48000/9635984 success=48000 failure=0 current_book=23 elapsed=4121.20s
2026-04-11 23:47:58,172 - INFO - 正文章节进度: 48500/9635984 success=48500 failure=0 current_book=23 elapsed=4153.16s
2026-04-11 23:48:30,089 - INFO - 正文章节进度: 49000/9635984 success=49000 failure=0 current_book=23 elapsed=4185.08s
2026-04-11 23:49:03,005 - INFO - 正文章节进度: 49500/9635984 success=49500 failure=0 current_book=23 elapsed=4217.99s
2026-04-11 23:49:35,607 - INFO - 正文章节进度: 50000/9635984 success=50000 failure=0 current_book=23 elapsed=4250.60s
2026-04-11 23:50:08,572 - INFO - 正文章节进度: 50500/9635984 success=50500 failure=0 current_book=23 elapsed=4283.56s
2026-04-11 23:50:49,388 - WARNING - 请求失败，稍后重试: url=https://apibi.cc/api/chapter?id=23&chapterid=2930 attempt=1/5 error=HTTP Error 522: <none>
2026-04-11 23:51:02,537 - INFO - 开始抓正文: book_id=24 title=我师兄实在太稳健了 pending=813
2026-04-11 23:51:28,417 - WARNING - 请求失败，稍后重试: url=https://apibi.cc/api/chapter?id=24&chapterid=4 attempt=1/5 error=The read operation timed out
2026-04-11 23:51:42,658 - INFO - 正文章节进度: 51000/9635984 success=51000 failure=0 current_book=24 elapsed=4377.65s
2026-04-11 23:52:16,083 - INFO - 正文章节进度: 51500/9635984 success=51500 failure=0 current_book=24 elapsed=4411.07s
2026-04-11 23:52:26,247 - INFO - 开始抓正文: book_id=25 title=从召唤哥布林开始 pending=342
2026-04-11 23:52:48,253 - INFO - 开始抓正文: book_id=26 title=我真的是反派啊 pending=2855
2026-04-11 23:52:48,879 - INFO - 正文章节进度: 52000/9635984 success=52000 failure=0 current_book=26 elapsed=4443.87s
2026-04-11 23:53:21,462 - INFO - 正文章节进度: 52500/9635984 success=52500 failure=0 current_book=26 elapsed=4476.45s
2026-04-11 23:53:53,774 - INFO - 正文章节进度: 53000/9635984 success=53000 failure=0 current_book=26 elapsed=4508.76s
2026-04-11 23:54:25,607 - INFO - 正文章节进度: 53500/9635984 success=53500 failure=0 current_book=26 elapsed=4540.60s
2026-04-11 23:54:58,018 - INFO - 正文章节进度: 54000/9635984 success=54000 failure=0 current_book=26 elapsed=4573.01s
2026-04-11 23:55:30,269 - INFO - 正文章节进度: 54500/9635984 success=54500 failure=0 current_book=26 elapsed=4605.26s
2026-04-11 23:55:58,871 - WARNING - 请求失败，稍后重试: url=https://apibi.cc/api/chapter?id=26&chapterid=2650 attempt=1/5 error=HTTP Error 522: <none>
2026-04-11 23:56:26,753 - INFO - 开始抓正文: book_id=27 title=逍遥派 pending=3758
2026-04-11 23:56:37,063 - INFO - 正文章节进度: 55000/9635984 success=55000 failure=0 current_book=27 elapsed=4672.05s
2026-04-11 23:57:09,627 - INFO - 正文章节进度: 55500/9635984 success=55500 failure=0 current_book=27 elapsed=4704.62s
2026-04-11 23:57:42,191 - INFO - 正文章节进度: 56000/9635984 success=56000 failure=0 current_book=27 elapsed=4737.18s
2026-04-11 23:58:14,101 - INFO - 正文章节进度: 56500/9635984 success=56500 failure=0 current_book=27 elapsed=4769.09s
2026-04-11 23:58:45,267 - WARNING - 请求失败，稍后重试: url=https://apibi.cc/api/chapter?id=27&chapterid=1830 attempt=1/5 error=HTTP Error 522: <none>
2026-04-11 23:59:22,642 - WARNING - 请求失败，稍后重试: url=https://apibi.cc/api/chapter?id=27&chapterid=1882 attempt=1/5 error=HTTP Error 522: <none>
2026-04-11 23:59:48,820 - WARNING - 请求失败，稍后重试: url=https://apibi.cc/api/chapter?id=27&chapterid=1882 attempt=2/5 error=<urlopen error _ssl.c:1063: The handshake operation timed out>
2026-04-12 00:00:11,277 - INFO - 正文章节进度: 57000/9635984 success=57000 failure=0 current_book=27 elapsed=4886.27s
2026-04-12 00:00:33,572 - WARNING - 请求失败，稍后重试: url=https://apibi.cc/api/chapter?id=27&chapterid=2195 attempt=1/5 error=HTTP Error 522: <none>
2026-04-12 00:01:02,118 - WARNING - 请求失败，稍后重试: url=https://apibi.cc/api/chapter?id=27&chapterid=2206 attempt=1/5 error=<urlopen error _ssl.c:1063: The handshake operation timed out>
2026-04-12 00:01:25,818 - WARNING - 请求失败，稍后重试: url=https://apibi.cc/api/chapter?id=27&chapterid=2206 attempt=2/5 error=The read operation timed out
2026-04-12 00:02:00,965 - INFO - 正文章节进度: 57500/9635984 success=57500 failure=0 current_book=27 elapsed=4995.95s
2026-04-12 00:02:34,151 - INFO - 正文章节进度: 58000/9635984 success=58000 failure=0 current_book=27 elapsed=5029.14s
2026-04-12 00:03:06,076 - INFO - 正文章节进度: 58500/9635984 success=58500 failure=0 current_book=27 elapsed=5061.06s
2026-04-12 00:03:12,902 - INFO - 开始抓正文: book_id=28 title=永恒圣王 pending=3381
2026-04-12 00:03:37,825 - INFO - 正文章节进度: 59000/9635984 success=59000 failure=0 current_book=28 elapsed=5092.81s
2026-04-12 00:04:10,342 - INFO - 正文章节进度: 59500/9635984 success=59500 failure=0 current_book=28 elapsed=5125.33s
2026-04-12 00:04:54,984 - WARNING - 请求失败，稍后重试: url=https://apibi.cc/api/chapter?id=28&chapterid=1294 attempt=1/5 error=HTTP Error 522: <none>
2026-04-12 00:05:26,280 - WARNING - 请求失败，稍后重试: url=https://apibi.cc/api/chapter?id=28&chapterid=1324 attempt=1/5 error=The read operation timed out
2026-04-12 00:05:32,880 - INFO - 正文章节进度: 60000/9635984 success=60000 failure=0 current_book=28 elapsed=5207.87s
2026-04-12 00:06:18,205 - WARNING - 请求失败，稍后重试: url=https://apibi.cc/api/chapter?id=28&chapterid=1790 attempt=1/5 error=HTTP Error 522: <none>
2026-04-12 00:06:51,621 - WARNING - 请求失败，稍后重试: url=https://apibi.cc/api/chapter?id=28&chapterid=1790 attempt=2/5 error=The read operation timed out
2026-04-12 00:07:08,399 - INFO - 正文章节进度: 60500/9635984 success=60500 failure=0 current_book=28 elapsed=5303.39s
2026-04-12 00:07:39,749 - INFO - 正文章节进度: 61000/9635984 success=61000 failure=0 current_book=28 elapsed=5334.74s
2026-04-12 00:08:11,451 - INFO - 正文章节进度: 61500/9635984 success=61500 failure=0 current_book=28 elapsed=5366.44s
2026-04-12 00:08:44,630 - INFO - 开始抓正文: book_id=29 title=夫人你马甲又掉了 pending=745
2026-04-12 00:08:45,573 - INFO - 正文章节进度: 62000/9635984 success=62000 failure=0 current_book=29 elapsed=5400.56s
2026-04-12 00:09:17,567 - INFO - 正文章节进度: 62500/9635984 success=62500 failure=0 current_book=29 elapsed=5432.56s
2026-04-12 00:09:33,184 - INFO - 开始抓正文: book_id=30 title=神豪从吹牛纳税开始 pending=737
2026-04-12 00:09:50,730 - INFO - 正文章节进度: 63000/9635984 success=63000 failure=0 current_book=30 elapsed=5465.72s
2026-04-12 00:10:20,627 - INFO - 开始抓正文: book_id=31 title=我在诸夏当大王 pending=1062
2026-04-12 00:10:22,692 - INFO - 正文章节进度: 63500/9635984 success=63500 failure=0 current_book=31 elapsed=5497.68s
2026-04-12 00:10:48,266 - WARNING - 请求失败，稍后重试: url=https://apibi.cc/api/chapter?id=31&chapterid=125 attempt=1/5 error=HTTP Error 522: <none>
2026-04-12 00:11:21,438 - WARNING - 请求失败，稍后重试: url=https://apibi.cc/api/chapter?id=31&chapterid=166 attempt=1/5 error=<urlopen error _ssl.c:1063: The handshake operation timed out>
2026-04-12 00:11:24,226 - WARNING - 请求失败，稍后重试: url=https://apibi.cc/api/chapter?id=31&chapterid=162 attempt=1/5 error=<urlopen error _ssl.c:1063: The handshake operation timed out>
2026-04-12 00:11:46,845 - WARNING - 请求失败，稍后重试: url=https://apibi.cc/api/chapter?id=31&chapterid=166 attempt=2/5 error=The read operation timed out
2026-04-12 00:12:12,955 - INFO - 正文章节进度: 64000/9635984 success=64000 failure=0 current_book=31 elapsed=5607.94s
2026-04-12 00:12:54,491 - WARNING - 请求失败，稍后重试: url=https://apibi.cc/api/chapter?id=31&chapterid=879 attempt=1/5 error=HTTP Error 522: <none>
2026-04-12 00:13:10,948 - INFO - 正文章节进度: 64500/9635984 success=64500 failure=0 current_book=31 elapsed=5665.94s
2026-04-12 00:13:13,204 - INFO - 开始抓正文: book_id=32 title=从洪荒登录玄幻 pending=389
2026-04-12 00:13:38,478 - INFO - 开始抓正文: book_id=33 title=武侠之最强BOSS只种田 pending=541
2026-04-12 00:13:43,721 - INFO - 正文章节进度: 65000/9635984 success=65000 failure=0 current_book=33 elapsed=5698.71s
2026-04-12 00:14:13,688 - INFO - 开始抓正文: book_id=34 title=诸天尽头 pending=1398
2026-04-12 00:14:16,229 - INFO - 正文章节进度: 65500/9635984 success=65500 failure=0 current_book=34 elapsed=5731.22s
2026-04-12 00:14:48,458 - INFO - 正文章节进度: 66000/9635984 success=66000 failure=0 current_book=34 elapsed=5763.45s
2026-04-12 00:15:20,151 - INFO - 正文章节进度: 66500/9635984 success=66500 failure=0 current_book=34 elapsed=5795.14s
2026-04-12 00:15:43,288 - INFO - 开始抓正文: book_id=35 title=我的一天有48小时 pending=1471
2026-04-12 00:15:52,501 - INFO - 正文章节进度: 67000/9635984 success=67000 failure=0 current_book=35 elapsed=5827.49s
2026-04-12 00:16:25,026 - INFO - 正文章节进度: 67500/9635984 success=67500 failure=0 current_book=35 elapsed=5860.01s
2026-04-12 00:16:57,496 - INFO - 正文章节进度: 68000/9635984 success=68000 failure=0 current_book=35 elapsed=5892.48s
2026-04-12 00:17:18,921 - INFO - 开始抓正文: book_id=36 title=联盟之上单魔王 pending=375
2026-04-12 00:17:29,799 - INFO - 正文章节进度: 68500/9635984 success=68500 failure=0 current_book=36 elapsed=5924.79s
2026-04-12 00:18:01,179 - WARNING - 请求失败，稍后重试: url=https://apibi.cc/api/chapter?id=36&chapterid=360 attempt=1/5 error=HTTP Error 522: <none>
2026-04-12 00:18:09,981 - INFO - 开始抓正文: book_id=37 title=世界树的游戏 pending=988
2026-04-12 00:18:29,741 - INFO - 正文章节进度: 69000/9635984 success=69000 failure=0 current_book=37 elapsed=5984.73s
2026-04-12 00:19:02,220 - INFO - 正文章节进度: 69500/9635984 success=69500 failure=0 current_book=37 elapsed=6017.21s
2026-04-12 00:19:14,695 - INFO - 开始抓正文: book_id=38 title=神医如倾 pending=2275
2026-04-12 00:19:34,137 - INFO - 正文章节进度: 70000/9635984 success=70000 failure=0 current_book=38 elapsed=6049.13s
2026-04-12 00:20:21,196 - WARNING - 请求失败，稍后重试: url=https://apibi.cc/api/chapter?id=38&chapterid=729 attempt=1/5 error=HTTP Error 522: <none>
2026-04-12 00:20:33,951 - INFO - 正文章节进度: 70500/9635984 success=70500 failure=0 current_book=38 elapsed=6108.94s
2026-04-12 00:21:06,290 - INFO - 正文章节进度: 71000/9635984 success=71000 failure=0 current_book=38 elapsed=6141.28s
2026-04-12 00:21:39,401 - INFO - 正文章节进度: 71500/9635984 success=71500 failure=0 current_book=38 elapsed=6174.39s
2026-04-12 00:22:09,061 - INFO - 开始抓正文: book_id=39 title=我成了五个大佬的祖宗 pending=1022
2026-04-12 00:22:11,013 - INFO - 正文章节进度: 72000/9635984 success=72000 failure=0 current_book=39 elapsed=6206.00s
2026-04-12 00:22:43,634 - INFO - 正文章节进度: 72500/9635984 success=72500 failure=0 current_book=39 elapsed=6238.62s
2026-04-12 00:23:14,958 - INFO - 开始抓正文: book_id=40 title=诸天苟仙 pending=999
2026-04-12 00:23:15,756 - INFO - 正文章节进度: 73000/9635984 success=73000 failure=0 current_book=40 elapsed=6270.74s
2026-04-12 00:23:47,246 - INFO - 正文章节进度: 73500/9635984 success=73500 failure=0 current_book=40 elapsed=6302.23s
2026-04-12 00:24:25,413 - WARNING - 请求失败，稍后重试: url=https://apibi.cc/api/chapter?id=40&chapterid=785 attempt=1/5 error=HTTP Error 522: <none>
2026-04-12 00:24:52,021 - WARNING - 请求失败，稍后重试: url=https://apibi.cc/api/chapter?id=40&chapterid=785 attempt=2/5 error=<urlopen error _ssl.c:1063: The handshake operation timed out>
2026-04-12 00:25:11,140 - INFO - 正文书籍进度: 40/10000 chapters=73990/9635984 elapsed=6386.13s
2026-04-12 00:25:11,142 - INFO - 开始抓正文: book_id=41 title=我真是实习医生 pending=526
2026-04-12 00:25:12,076 - INFO - 正文章节进度: 74000/9635984 success=74000 failure=0 current_book=41 elapsed=6387.06s
2026-04-12 00:25:46,411 - INFO - 目录阶段启动: range=1-1 targets=1 concurrency=2
2026-04-12 00:25:47,099 - WARNING - 请求失败，稍后重试: url=https://apibi.cc/api/chapter?id=41&chapterid=242 attempt=1/5 error=HTTP Error 522: <none>
2026-04-12 00:25:53,523 - INFO - 目录进度: 1/1 success=1 failure=0 elapsed=7.11s
2026-04-12 00:25:53,633 - INFO - 正文阶段启动: range=1-1 books=1 pending_chapters=3 concurrency=2 batch_size=3 interval=0.010s jitter=0.010s
2026-04-12 00:25:53,635 - INFO - 开始抓正文: book_id=1 title=海贼之银狐大将 pending=3
2026-04-12 00:25:53,953 - INFO - 正文章节进度: 1/3 success=1 failure=0 current_book=1 elapsed=0.32s
2026-04-12 00:25:53,981 - INFO - 正文章节进度: 2/3 success=2 failure=0 current_book=1 elapsed=0.35s
2026-04-12 00:25:54,410 - INFO - 正文章节进度: 3/3 success=3 failure=0 current_book=1 elapsed=0.78s
2026-04-12 00:25:54,410 - INFO - 正文书籍进度: 1/1 chapters=3/3 elapsed=0.78s
2026-04-12 00:25:54,518 - INFO - 正文阶段启动: range=1-1 books=1 pending_chapters=3 concurrency=2 batch_size=3 interval=0.010s jitter=0.010s
2026-04-12 00:25:54,520 - INFO - 开始抓正文: book_id=1 title=海贼之银狐大将 pending=3
2026-04-12 00:25:54,841 - INFO - 正文章节进度: 1/3 success=1 failure=0 current_book=1 elapsed=0.32s
2026-04-12 00:25:54,973 - INFO - 正文章节进度: 2/3 success=2 failure=0 current_book=1 elapsed=0.45s
2026-04-12 00:25:55,138 - INFO - 正文章节进度: 3/3 success=3 failure=0 current_book=1 elapsed=0.62s
2026-04-12 00:25:55,138 - INFO - 正文书籍进度: 1/1 chapters=3/3 elapsed=0.62s
2026-04-12 00:26:14,230 - WARNING - 请求失败，稍后重试: url=https://apibi.cc/api/chapter?id=41&chapterid=310 attempt=1/5 error=HTTP Error 522: <none>
2026-04-12 00:26:36,970 - INFO - 正文章节进度: 74500/9635984 success=74500 failure=0 current_book=41 elapsed=6471.96s
2026-04-12 00:26:38,225 - INFO - 开始抓正文: book_id=42 title=凌天战尊 pending=4712
2026-04-12 00:27:10,362 - INFO - 正文章节进度: 75000/9635984 success=75000 failure=0 current_book=42 elapsed=6505.35s
2026-04-12 00:27:42,495 - INFO - 正文章节进度: 75500/9635984 success=75500 failure=0 current_book=42 elapsed=6537.48s
2026-04-12 00:28:14,979 - INFO - 正文章节进度: 76000/9635984 success=76000 failure=0 current_book=42 elapsed=6569.97s
2026-04-12 00:28:24,942 - INFO - 正文阶段启动: range=1-10000 books=10000 pending_chapters=9559903 concurrency=12 batch_size=80 interval=0.010s jitter=0.020s
2026-04-12 00:28:25,532 - INFO - 正文书籍进度: 20/10000 elapsed=0.59s
2026-04-12 00:28:26,239 - INFO - 正文书籍进度: 40/10000 elapsed=1.30s
2026-04-12 00:28:26,254 - INFO - 开始抓正文: book_id=42 title=凌天战尊 pending=3147
2026-04-12 00:29:01,047 - INFO - 正文章节进度: 1000/9559903 success=1000 failure=0 current_book=42 elapsed=36.11s
2026-04-12 00:29:33,772 - INFO - 正文章节进度: 2000/9559903 success=2000 failure=0 current_book=42 elapsed=68.83s
2026-04-12 00:30:07,229 - INFO - 正文章节进度: 3000/9559903 success=3000 failure=0 current_book=42 elapsed=102.29s
2026-04-12 00:30:11,960 - INFO - 开始抓正文: book_id=43 title=诸天最强学院 pending=600
2026-04-12 00:30:31,756 - INFO - 开始抓正文: book_id=44 title=大道纪 pending=996
2026-04-12 00:30:43,858 - INFO - 正文章节进度: 4000/9559903 success=4000 failure=0 current_book=44 elapsed=138.92s
2026-04-12 00:31:10,943 - INFO - 开始抓正文: book_id=45 title=无双庶子 pending=1186
2026-04-12 00:31:20,126 - INFO - 正文章节进度: 5000/9559903 success=5000 failure=0 current_book=45 elapsed=175.18s
2026-04-12 00:31:26,672 - INFO - 正文阶段启动: range=1-10000 books=10000 pending_chapters=9554851 concurrency=16 batch_size=120 interval=0.010s jitter=0.020s
2026-04-12 00:31:27,227 - INFO - 正文书籍进度: 20/10000 elapsed=0.56s
2026-04-12 00:31:27,905 - INFO - 正文书籍进度: 40/10000 elapsed=1.23s
2026-04-12 00:31:28,012 - INFO - 开始抓正文: book_id=45 title=无双庶子 pending=877
2026-04-12 00:31:56,992 - INFO - 开始抓正文: book_id=46 title=从火影开始卖罐子 pending=1130
2026-04-12 00:32:00,449 - INFO - 正文章节进度: 1000/9554851 success=1000 failure=0 current_book=46 elapsed=33.78s
2026-04-12 00:32:26,051 - INFO - 正文章节进度: 2000/9554851 success=2000 failure=0 current_book=46 elapsed=59.38s
2026-04-12 00:32:26,292 - INFO - 开始抓正文: book_id=47 title=黑龙法典 pending=671
2026-04-12 00:32:43,566 - INFO - 开始抓正文: book_id=48 title=召唤万界之神话帝皇 pending=731
2026-04-12 00:32:51,925 - INFO - 正文章节进度: 3000/9554851 success=3000 failure=0 current_book=48 elapsed=85.25s
2026-04-12 00:33:02,346 - INFO - 开始抓正文: book_id=49 title=新白蛇问仙 pending=1874
2026-04-12 00:33:17,531 - INFO - 正文章节进度: 4000/9554851 success=4000 failure=0 current_book=49 elapsed=110.86s
2026-04-12 00:33:43,252 - INFO - 正文章节进度: 5000/9554851 success=5000 failure=0 current_book=49 elapsed=136.58s
2026-04-12 00:33:50,795 - INFO - 开始抓正文: book_id=50 title=从道果开始 pending=550
2026-04-12 00:34:04,373 - INFO - 开始抓正文: book_id=51 title=美食供应商 pending=2794
2026-04-12 00:34:08,697 - INFO - 正文章节进度: 6000/9554851 success=6000 failure=0 current_book=51 elapsed=162.02s
2026-04-12 00:34:40,379 - WARNING - 请求失败，稍后重试: url=https://apibi.cc/api/chapter?id=51&chapterid=672 attempt=1/5 error=HTTP Error 522: <none>
2026-04-12 00:35:06,853 - WARNING - 请求失败，稍后重试: url=https://apibi.cc/api/chapter?id=51&chapterid=672 attempt=2/5 error=The read operation timed out
2026-04-12 00:35:22,821 - INFO - 正文章节进度: 7000/9554851 success=7000 failure=0 current_book=51 elapsed=236.15s
2026-04-12 00:35:50,238 - INFO - 正文章节进度: 8000/9554851 success=8000 failure=0 current_book=51 elapsed=263.57s
2026-04-12 00:36:06,563 - INFO - 开始抓正文: book_id=52 title=临渊行 pending=988
2026-04-12 00:36:16,983 - INFO - 正文章节进度: 9000/9554851 success=9000 failure=0 current_book=52 elapsed=290.31s
2026-04-12 00:36:32,894 - INFO - 开始抓正文: book_id=53 title=秘战 pending=1102
2026-04-12 00:36:42,824 - INFO - 正文章节进度: 10000/9554851 success=10000 failure=0 current_book=53 elapsed=316.15s
2026-04-12 00:37:01,109 - INFO - 开始抓正文: book_id=54 title=我和黑粉结婚了 pending=1807
2026-04-12 00:37:08,235 - INFO - 正文章节进度: 11000/9554851 success=11000 failure=0 current_book=54 elapsed=341.56s
2026-04-12 00:37:33,599 - INFO - 正文章节进度: 12000/9554851 success=12000 failure=0 current_book=54 elapsed=366.93s
2026-04-12 00:37:47,269 - INFO - 开始抓正文: book_id=55 title=从士兵突击开始的人生 pending=1072
2026-04-12 00:37:59,330 - INFO - 正文章节进度: 13000/9554851 success=13000 failure=0 current_book=55 elapsed=392.66s
2026-04-12 00:38:14,453 - INFO - 开始抓正文: book_id=56 title=重生之日本投资家 pending=834
2026-04-12 00:38:25,026 - INFO - 正文章节进度: 14000/9554851 success=14000 failure=0 current_book=56 elapsed=418.35s
2026-04-12 00:38:35,769 - INFO - 开始抓正文: book_id=57 title=跟乔爷撒个娇 pending=9011
2026-04-12 00:38:50,174 - INFO - 正文章节进度: 15000/9554851 success=15000 failure=0 current_book=57 elapsed=443.50s
2026-04-12 00:39:15,767 - INFO - 正文章节进度: 16000/9554851 success=16000 failure=0 current_book=57 elapsed=469.10s
2026-04-12 00:39:41,318 - INFO - 正文章节进度: 17000/9554851 success=17000 failure=0 current_book=57 elapsed=494.65s
2026-04-12 00:40:06,527 - INFO - 正文章节进度: 18000/9554851 success=18000 failure=0 current_book=57 elapsed=519.86s
2026-04-12 00:40:32,912 - INFO - 正文章节进度: 19000/9554851 success=19000 failure=0 current_book=57 elapsed=546.24s
2026-04-12 00:40:58,029 - INFO - 正文章节进度: 20000/9554851 success=20000 failure=0 current_book=57 elapsed=571.36s
2026-04-12 00:41:23,497 - INFO - 正文章节进度: 21000/9554851 success=21000 failure=0 current_book=57 elapsed=596.82s
2026-04-12 00:41:48,929 - INFO - 正文章节进度: 22000/9554851 success=22000 failure=0 current_book=57 elapsed=622.26s
2026-04-12 00:42:13,977 - INFO - 正文章节进度: 23000/9554851 success=23000 failure=0 current_book=57 elapsed=647.30s
2026-04-12 00:42:25,633 - INFO - 开始抓正文: book_id=58 title=我全家都是穿来的 pending=920
2026-04-12 00:42:39,733 - INFO - 正文章节进度: 24000/9554851 success=24000 failure=0 current_book=58 elapsed=673.06s
2026-04-12 00:42:48,925 - INFO - 开始抓正文: book_id=59 title=隋末之大夏龙雀 pending=2468
2026-04-12 00:43:05,243 - INFO - 正文章节进度: 25000/9554851 success=25000 failure=0 current_book=59 elapsed=698.57s
2026-04-12 00:43:37,981 - WARNING - 请求失败，稍后重试: url=https://apibi.cc/api/chapter?id=59&chapterid=1182 attempt=1/5 error=HTTP Error 522: <none>
2026-04-12 00:44:11,968 - WARNING - 请求失败，稍后重试: url=https://apibi.cc/api/chapter?id=59&chapterid=1205 attempt=1/5 error=<urlopen error _ssl.c:1063: The handshake operation timed out>
2026-04-12 00:44:15,927 - WARNING - 请求失败，稍后重试: url=https://apibi.cc/api/chapter?id=59&chapterid=1204 attempt=1/5 error=<urlopen error _ssl.c:1063: The handshake operation timed out>
2026-04-12 00:44:26,849 - INFO - 正文章节进度: 26000/9554851 success=26000 failure=0 current_book=59 elapsed=780.18s
2026-04-12 00:44:49,719 - INFO - 开始抓正文: book_id=60 title=纵横诸天的武者 pending=1206
2026-04-12 00:44:54,112 - INFO - 正文章节进度: 27000/9554851 success=27000 failure=0 current_book=60 elapsed=807.44s
2026-04-12 00:45:19,815 - INFO - 正文章节进度: 28000/9554851 success=28000 failure=0 current_book=60 elapsed=833.14s
2026-04-12 00:45:20,885 - INFO - 正文书籍进度: 60/10000 chapters=28035/9554851 elapsed=834.21s
2026-04-12 00:45:20,892 - INFO - 开始抓正文: book_id=61 title=万古神帝 pending=4215
2026-04-12 00:45:45,571 - INFO - 正文章节进度: 29000/9554851 success=29000 failure=0 current_book=61 elapsed=858.90s
2026-04-12 00:46:10,800 - INFO - 正文章节进度: 30000/9554851 success=30000 failure=0 current_book=61 elapsed=884.13s
2026-04-12 00:46:36,363 - INFO - 正文章节进度: 31000/9554851 success=31000 failure=0 current_book=61 elapsed=909.69s
2026-04-12 00:47:01,885 - INFO - 正文章节进度: 32000/9554851 success=32000 failure=0 current_book=61 elapsed=935.21s
2026-04-12 00:47:08,193 - INFO - 开始抓正文: book_id=62 title=洪荒历 pending=1937
2026-04-12 00:47:27,142 - INFO - 正文章节进度: 33000/9554851 success=33000 failure=0 current_book=62 elapsed=960.47s
2026-04-12 00:47:59,638 - WARNING - 请求失败，稍后重试: url=https://apibi.cc/api/chapter?id=62&chapterid=1266 attempt=1/5 error=HTTP Error 522: <none>
2026-04-12 00:48:28,376 - WARNING - 请求失败，稍后重试: url=https://apibi.cc/api/chapter?id=62&chapterid=1335 attempt=1/5 error=The read operation timed out
2026-04-12 00:48:28,802 - WARNING - 请求失败，稍后重试: url=https://apibi.cc/api/chapter?id=62&chapterid=1334 attempt=1/5 error=<urlopen error _ssl.c:1063: The handshake operation timed out>
2026-04-12 00:48:29,364 - WARNING - 请求失败，稍后重试: url=https://apibi.cc/api/chapter?id=62&chapterid=1332 attempt=1/5 error=The read operation timed out
2026-04-12 00:48:30,131 - WARNING - 请求失败，稍后重试: url=https://apibi.cc/api/chapter?id=62&chapterid=1325 attempt=1/5 error=The read operation timed out
2026-04-12 00:48:31,032 - WARNING - 请求失败，稍后重试: url=https://apibi.cc/api/chapter?id=62&chapterid=1326 attempt=1/5 error=The read operation timed out
2026-04-12 00:48:31,617 - WARNING - 请求失败，稍后重试: url=https://apibi.cc/api/chapter?id=62&chapterid=1323 attempt=1/5 error=The read operation timed out
2026-04-12 00:48:37,185 - WARNING - 请求失败，稍后重试: url=https://apibi.cc/api/chapter?id=62&chapterid=1333 attempt=1/5 error=The read operation timed out
2026-04-12 00:48:47,815 - INFO - 正文章节进度: 34000/9554851 success=34000 failure=0 current_book=62 elapsed=1041.14s
2026-04-12 00:48:53,358 - INFO - 开始抓正文: book_id=63 title=通幽大圣 pending=589
2026-04-12 00:49:13,644 - WARNING - 请求失败，稍后重试: url=https://apibi.cc/api/chapter?id=63&chapterid=35 attempt=1/5 error=HTTP Error 522: <none>
2026-04-12 00:49:41,319 - WARNING - 请求失败，稍后重试: url=https://apibi.cc/api/chapter?id=63&chapterid=125 attempt=1/5 error=<urlopen error _ssl.c:1063: The handshake operation timed out>
2026-04-12 00:49:42,237 - WARNING - 请求失败，稍后重试: url=https://apibi.cc/api/chapter?id=63&chapterid=132 attempt=1/5 error=The read operation timed out
2026-04-12 00:49:43,292 - WARNING - 请求失败，稍后重试: url=https://apibi.cc/api/chapter?id=63&chapterid=126 attempt=1/5 error=<urlopen error _ssl.c:1063: The handshake operation timed out>
2026-04-12 00:49:56,046 - INFO - 开始抓正文: book_id=64 title=影后的嘴开过光 pending=2922
2026-04-12 00:50:02,231 - INFO - 正文章节进度: 35000/9554851 success=35000 failure=0 current_book=64 elapsed=1115.56s
2026-04-12 00:50:28,577 - INFO - 正文章节进度: 36000/9554851 success=36000 failure=0 current_book=64 elapsed=1141.91s
2026-04-12 00:50:54,034 - INFO - 正文章节进度: 37000/9554851 success=37000 failure=0 current_book=64 elapsed=1167.36s
2026-04-12 00:51:11,445 - INFO - 开始抓正文: book_id=65 title=这个大佬画风不对 pending=2655
2026-04-12 00:51:18,999 - INFO - 正文章节进度: 38000/9554851 success=38000 failure=0 current_book=65 elapsed=1192.33s
2026-04-12 00:51:43,971 - INFO - 正文章节进度: 39000/9554851 success=39000 failure=0 current_book=65 elapsed=1217.30s
2026-04-12 00:52:09,647 - INFO - 正文章节进度: 40000/9554851 success=40000 failure=0 current_book=65 elapsed=1242.98s
2026-04-12 00:52:18,521 - INFO - 开始抓正文: book_id=66 title=女战神的黑包群 pending=3311
2026-04-12 00:52:34,919 - INFO - 正文章节进度: 41000/9554851 success=41000 failure=0 current_book=66 elapsed=1268.25s
2026-04-12 00:53:00,777 - INFO - 正文章节进度: 42000/9554851 success=42000 failure=0 current_book=66 elapsed=1294.11s
2026-04-12 00:53:26,805 - INFO - 正文章节进度: 43000/9554851 success=43000 failure=0 current_book=66 elapsed=1320.13s
2026-04-12 00:53:43,693 - INFO - 开始抓正文: book_id=67 title=神医弃女 pending=6870
2026-04-12 00:53:52,184 - INFO - 正文章节进度: 44000/9554851 success=44000 failure=0 current_book=67 elapsed=1345.51s
2026-04-12 00:54:17,890 - INFO - 正文章节进度: 45000/9554851 success=45000 failure=0 current_book=67 elapsed=1371.22s
2026-04-12 00:54:43,422 - INFO - 正文章节进度: 46000/9554851 success=46000 failure=0 current_book=67 elapsed=1396.75s
2026-04-12 00:55:09,023 - INFO - 正文章节进度: 47000/9554851 success=47000 failure=0 current_book=67 elapsed=1422.35s
2026-04-12 00:55:35,102 - INFO - 正文章节进度: 48000/9554851 success=48000 failure=0 current_book=67 elapsed=1448.43s
2026-04-12 00:56:00,336 - INFO - 正文章节进度: 49000/9554851 success=49000 failure=0 current_book=67 elapsed=1473.66s
2026-04-12 00:56:25,410 - INFO - 正文章节进度: 50000/9554851 success=50000 failure=0 current_book=67 elapsed=1498.74s
2026-04-12 00:56:39,291 - INFO - 开始抓正文: book_id=68 title=快穿反派老公有点苏 pending=2575
2026-04-12 00:56:50,980 - INFO - 正文章节进度: 51000/9554851 success=51000 failure=0 current_book=68 elapsed=1524.31s
2026-04-12 00:57:16,656 - INFO - 正文章节进度: 52000/9554851 success=52000 failure=0 current_book=68 elapsed=1549.98s
2026-04-12 00:57:41,926 - INFO - 正文章节进度: 53000/9554851 success=53000 failure=0 current_book=68 elapsed=1575.25s
2026-04-12 00:57:44,606 - INFO - 开始抓正文: book_id=69 title=大明最后一个狠人 pending=1378
2026-04-12 00:58:07,065 - INFO - 正文章节进度: 54000/9554851 success=54000 failure=0 current_book=69 elapsed=1600.39s
2026-04-12 00:58:19,213 - INFO - 开始抓正文: book_id=70 title=龙神至尊 pending=4266
2026-04-12 00:58:32,322 - INFO - 正文章节进度: 55000/9554851 success=55000 failure=0 current_book=70 elapsed=1625.65s
2026-04-12 00:59:12,927 - WARNING - 请求失败，稍后重试: url=https://apibi.cc/api/chapter?id=70&chapterid=1362 attempt=1/5 error=HTTP Error 522: <none>
2026-04-12 00:59:23,287 - INFO - 正文章节进度: 56000/9554851 success=56000 failure=0 current_book=70 elapsed=1676.62s
2026-04-12 00:59:49,299 - INFO - 正文章节进度: 57000/9554851 success=57000 failure=0 current_book=70 elapsed=1702.63s
2026-04-12 01:00:15,619 - INFO - 正文章节进度: 58000/9554851 success=58000 failure=0 current_book=70 elapsed=1728.95s
2026-04-12 01:00:34,711 - INFO - 开始抓正文: book_id=71 title=从火影开始掌控时间 pending=866
2026-04-12 01:00:40,946 - INFO - 正文章节进度: 59000/9554851 success=59000 failure=0 current_book=71 elapsed=1754.27s
2026-04-12 01:01:04,816 - WARNING - 请求失败，稍后重试: url=https://apibi.cc/api/chapter?id=71&chapterid=429 attempt=1/5 error=HTTP Error 522: <none>
2026-04-12 01:01:25,449 - INFO - 开始抓正文: book_id=72 title=泡面首富 pending=167
2026-04-12 01:01:30,097 - INFO - 开始抓正文: book_id=73 title=我要退圈 pending=751
2026-04-12 01:01:35,675 - INFO - 正文章节进度: 60000/9554851 success=60000 failure=0 current_book=73 elapsed=1809.00s
2026-04-12 01:01:50,089 - INFO - 开始抓正文: book_id=74 title=我娘子天下第一 pending=4301
2026-04-12 01:02:02,027 - INFO - 正文章节进度: 61000/9554851 success=61000 failure=0 current_book=74 elapsed=1835.36s
2026-04-12 01:02:27,672 - INFO - 正文章节进度: 62000/9554851 success=62000 failure=0 current_book=74 elapsed=1861.00s
2026-04-12 01:02:52,766 - INFO - 正文章节进度: 63000/9554851 success=63000 failure=0 current_book=74 elapsed=1886.09s
2026-04-12 01:03:17,952 - INFO - 正文章节进度: 64000/9554851 success=64000 failure=0 current_book=74 elapsed=1911.28s
2026-04-12 01:03:39,436 - INFO - 开始抓正文: book_id=75 title=星际工业时代 pending=982
2026-04-12 01:03:43,571 - INFO - 正文章节进度: 65000/9554851 success=65000 failure=0 current_book=75 elapsed=1936.90s
2026-04-12 01:04:04,381 - INFO - 开始抓正文: book_id=76 title=医妃惊世 pending=10626
2026-04-12 01:04:08,933 - INFO - 正文章节进度: 66000/9554851 success=66000 failure=0 current_book=76 elapsed=1962.26s
2026-04-12 01:04:40,502 - WARNING - 请求失败，稍后重试: url=https://apibi.cc/api/chapter?id=76&chapterid=930 attempt=1/5 error=<urlopen error [Errno 54] Connection reset by peer>
2026-04-12 01:04:47,547 - INFO - 正文章节进度: 67000/9554851 success=67000 failure=0 current_book=76 elapsed=2000.88s
2026-04-12 01:05:13,460 - INFO - 正文章节进度: 68000/9554851 success=68000 failure=0 current_book=76 elapsed=2026.79s
2026-04-12 01:05:38,852 - INFO - 正文章节进度: 69000/9554851 success=69000 failure=0 current_book=76 elapsed=2052.18s
2026-04-12 01:06:04,593 - INFO - 正文章节进度: 70000/9554851 success=70000 failure=0 current_book=76 elapsed=2077.92s
2026-04-12 01:06:30,625 - INFO - 正文章节进度: 71000/9554851 success=71000 failure=0 current_book=76 elapsed=2103.95s
2026-04-12 01:06:56,088 - INFO - 正文章节进度: 72000/9554851 success=72000 failure=0 current_book=76 elapsed=2129.42s
2026-04-12 01:07:21,636 - INFO - 正文章节进度: 73000/9554851 success=73000 failure=0 current_book=76 elapsed=2154.96s
2026-04-12 01:07:46,839 - INFO - 正文章节进度: 74000/9554851 success=74000 failure=0 current_book=76 elapsed=2180.17s
2026-04-12 01:08:13,031 - INFO - 正文章节进度: 75000/9554851 success=75000 failure=0 current_book=76 elapsed=2206.36s
2026-04-12 01:08:38,031 - INFO - 正文章节进度: 76000/9554851 success=76000 failure=0 current_book=76 elapsed=2231.36s
2026-04-12 01:08:49,965 - INFO - 开始抓正文: book_id=77 title=女主是个钱罐子精 pending=2115
2026-04-12 01:09:03,654 - INFO - 正文章节进度: 77000/9554851 success=77000 failure=0 current_book=77 elapsed=2256.98s
2026-04-12 01:09:28,509 - INFO - 正文章节进度: 78000/9554851 success=78000 failure=0 current_book=77 elapsed=2281.84s
2026-04-12 01:09:42,343 - INFO - 开始抓正文: book_id=78 title=第一侯 pending=613
2026-04-12 01:09:53,281 - INFO - 正文章节进度: 79000/9554851 success=79000 failure=0 current_book=78 elapsed=2306.61s
2026-04-12 01:09:57,915 - INFO - 开始抓正文: book_id=79 title=萌萌小甜妃 pending=700
2026-04-12 01:10:15,208 - INFO - 开始抓正文: book_id=80 title=快穿之女配功德无量 pending=1571
2026-04-12 01:10:36,973 - WARNING - 请求失败，稍后重试: url=https://apibi.cc/api/chapter?id=80&chapterid=88 attempt=1/5 error=HTTP Error 522: <none>
2026-04-12 01:10:45,624 - INFO - 正文章节进度: 80000/9554851 success=80000 failure=0 current_book=80 elapsed=2358.95s
2026-04-12 01:11:04,134 - WARNING - 请求失败，稍后重试: url=https://apibi.cc/api/chapter?id=80&chapterid=125 attempt=1/5 error=The read operation timed out
2026-04-12 01:11:05,548 - WARNING - 请求失败，稍后重试: url=https://apibi.cc/api/chapter?id=80&chapterid=132 attempt=1/5 error=The read operation timed out
2026-04-12 01:11:26,018 - WARNING - 请求失败，稍后重试: url=https://apibi.cc/api/chapter?id=80&chapterid=125 attempt=2/5 error=The read operation timed out
2026-04-12 01:11:58,396 - INFO - 正文章节进度: 81000/9554851 success=81000 failure=0 current_book=80 elapsed=2431.72s
2026-04-12 01:12:10,160 - INFO - 正文书籍进度: 80/10000 chapters=81445/9554851 elapsed=2443.49s
2026-04-12 01:12:10,163 - INFO - 开始抓正文: book_id=81 title=颤抖吧渣爹 pending=1474
2026-04-12 01:12:24,515 - INFO - 正文章节进度: 82000/9554851 success=82000 failure=0 current_book=81 elapsed=2457.84s
2026-04-12 01:12:47,501 - INFO - 开始抓正文: book_id=82 title=校园全能王牌少女 pending=1315
2026-04-12 01:12:49,747 - INFO - 正文章节进度: 83000/9554851 success=83000 failure=0 current_book=82 elapsed=2483.08s
2026-04-12 01:13:15,744 - INFO - 正文章节进度: 84000/9554851 success=84000 failure=0 current_book=82 elapsed=2509.07s
2026-04-12 01:13:21,168 - INFO - 开始抓正文: book_id=83 title=重生五零巧媳妇 pending=1518
2026-04-12 01:13:40,305 - INFO - 正文章节进度: 85000/9554851 success=85000 failure=0 current_book=83 elapsed=2533.63s
2026-04-12 01:13:59,144 - INFO - 开始抓正文: book_id=84 title=农女有田有点闲 pending=1879
2026-04-12 01:14:05,795 - INFO - 正文章节进度: 86000/9554851 success=86000 failure=0 current_book=84 elapsed=2559.12s
2026-04-12 01:14:31,060 - INFO - 正文章节进度: 87000/9554851 success=87000 failure=0 current_book=84 elapsed=2584.39s
2026-04-12 01:14:46,580 - INFO - 开始抓正文: book_id=85 title=皇后是朕的黑月光 pending=5251
2026-04-12 01:14:56,001 - INFO - 正文章节进度: 88000/9554851 success=88000 failure=0 current_book=85 elapsed=2609.33s
2026-04-12 01:15:21,260 - INFO - 正文章节进度: 89000/9554851 success=89000 failure=0 current_book=85 elapsed=2634.59s
2026-04-12 01:15:46,303 - INFO - 正文章节进度: 90000/9554851 success=90000 failure=0 current_book=85 elapsed=2659.63s
2026-04-12 01:16:12,192 - INFO - 正文章节进度: 91000/9554851 success=91000 failure=0 current_book=85 elapsed=2685.52s
2026-04-12 01:16:37,267 - INFO - 正文章节进度: 92000/9554851 success=92000 failure=0 current_book=85 elapsed=2710.60s
2026-04-12 01:16:59,356 - INFO - 开始抓正文: book_id=86 title=农门长姐有空间 pending=3760
2026-04-12 01:17:02,509 - INFO - 正文章节进度: 93000/9554851 success=93000 failure=0 current_book=86 elapsed=2735.84s
2026-04-12 01:17:28,417 - INFO - 正文章节进度: 94000/9554851 success=94000 failure=0 current_book=86 elapsed=2761.74s
2026-04-12 01:18:07,811 - WARNING - 请求失败，稍后重试: url=https://apibi.cc/api/chapter?id=86&chapterid=1926 attempt=1/5 error=HTTP Error 522: <none>
2026-04-12 01:18:21,607 - INFO - 正文章节进度: 95000/9554851 success=95000 failure=0 current_book=86 elapsed=2814.94s
2026-04-12 01:18:47,730 - INFO - 正文章节进度: 96000/9554851 success=96000 failure=0 current_book=86 elapsed=2841.06s
2026-04-12 01:19:09,232 - WARNING - 请求失败，稍后重试: url=https://apibi.cc/api/chapter?id=86&chapterid=3208 attempt=1/5 error=HTTP Error 522: <none>
2026-04-12 01:19:09,744 - WARNING - 请求失败，稍后重试: url=https://apibi.cc/api/chapter?id=86&chapterid=3217 attempt=1/5 error=HTTP Error 522: <none>
2026-04-12 01:19:48,677 - WARNING - 请求失败，稍后重试: url=https://apibi.cc/api/chapter?id=86&chapterid=3253 attempt=1/5 error=<urlopen error _ssl.c:1063: The handshake operation timed out>
2026-04-12 01:19:52,477 - WARNING - 请求失败，稍后重试: url=https://apibi.cc/api/chapter?id=86&chapterid=3244 attempt=1/5 error=The read operation timed out
2026-04-12 01:20:24,732 - WARNING - 请求失败，稍后重试: url=https://apibi.cc/api/chapter?id=86&chapterid=3732 attempt=1/5 error=HTTP Error 522: <none>
2026-04-12 01:20:33,745 - INFO - 开始抓正文: book_id=87 title=影后今天还没承认恋情 pending=2633
2026-04-12 01:20:59,311 - WARNING - 请求失败，稍后重试: url=https://apibi.cc/api/chapter?id=87&chapterid=210 attempt=1/5 error=HTTP Error 522: <none>
2026-04-12 01:21:13,942 - INFO - 正文章节进度: 97000/9554851 success=97000 failure=0 current_book=87 elapsed=2987.27s
2026-04-12 01:21:30,029 - WARNING - 请求失败，稍后重试: url=https://apibi.cc/api/chapter?id=87&chapterid=274 attempt=1/5 error=HTTP Error 522: <none>
2026-04-12 01:21:59,959 - WARNING - 请求失败，稍后重试: url=https://apibi.cc/api/chapter?id=87&chapterid=367 attempt=1/5 error=<urlopen error _ssl.c:1063: The handshake operation timed out>
2026-04-12 01:22:01,883 - WARNING - 请求失败，稍后重试: url=https://apibi.cc/api/chapter?id=87&chapterid=369 attempt=1/5 error=The read operation timed out
2026-04-12 01:22:03,594 - WARNING - 请求失败，稍后重试: url=https://apibi.cc/api/chapter?id=87&chapterid=368 attempt=1/5 error=The read operation timed out
2026-04-12 01:22:06,342 - WARNING - 请求失败，稍后重试: url=https://apibi.cc/api/chapter?id=87&chapterid=376 attempt=1/5 error=The read operation timed out
2026-04-12 01:22:07,740 - WARNING - 请求失败，稍后重试: url=https://apibi.cc/api/chapter?id=87&chapterid=377 attempt=1/5 error=The read operation timed out
2026-04-12 01:22:34,271 - WARNING - 请求失败，稍后重试: url=https://apibi.cc/api/chapter?id=87&chapterid=687 attempt=1/5 error=HTTP Error 522: <none>
2026-04-12 01:23:02,294 - WARNING - 请求失败，稍后重试: url=https://apibi.cc/api/chapter?id=87&chapterid=687 attempt=2/5 error=The read operation timed out
2026-04-12 01:23:26,149 - INFO - 正文章节进度: 98000/9554851 success=98000 failure=0 current_book=87 elapsed=3119.48s
2026-04-12 01:23:53,656 - INFO - 正文章节进度: 99000/9554851 success=99000 failure=0 current_book=87 elapsed=3146.98s
2026-04-12 01:24:00,524 - INFO - 开始抓正文: book_id=88 title=药门仙医 pending=1804
2026-04-12 01:24:18,535 - INFO - 正文章节进度: 100000/9554851 success=100000 failure=0 current_book=88 elapsed=3171.86s
2026-04-12 01:24:45,343 - WARNING - 请求失败，稍后重试: url=https://apibi.cc/api/chapter?id=88&chapterid=1036 attempt=1/5 error=HTTP Error 522: <none>
2026-04-12 01:25:17,548 - INFO - 正文章节进度: 101000/9554851 success=101000 failure=0 current_book=88 elapsed=3230.88s
2026-04-12 01:25:19,727 - INFO - 开始抓正文: book_id=89 title=重生神医小甜妻 pending=1450
2026-04-12 01:25:43,813 - INFO - 正文章节进度: 102000/9554851 success=102000 failure=0 current_book=89 elapsed=3257.14s
2026-04-12 01:25:57,499 - INFO - 开始抓正文: book_id=90 title=凤鸾九霄 pending=758
2026-04-12 01:26:09,432 - INFO - 正文章节进度: 103000/9554851 success=103000 failure=0 current_book=90 elapsed=3282.76s
2026-04-12 01:26:16,893 - INFO - 开始抓正文: book_id=91 title=全能千金帅炸了 pending=1018
2026-04-12 01:26:34,857 - INFO - 正文章节进度: 104000/9554851 success=104000 failure=0 current_book=91 elapsed=3308.19s
2026-04-12 01:26:42,871 - INFO - 开始抓正文: book_id=92 title=我的房分你一半 pending=388
2026-04-12 01:26:53,010 - INFO - 开始抓正文: book_id=93 title=出道就是巅峰怎么办 pending=318
2026-04-12 01:27:00,896 - INFO - 正文章节进度: 105000/9554851 success=105000 failure=0 current_book=93 elapsed=3334.22s
2026-04-12 01:27:01,153 - INFO - 开始抓正文: book_id=94 title=叶昊郑漫儿 pending=7358
2026-04-12 01:27:25,600 - WARNING - 请求失败，稍后重试: url=https://apibi.cc/api/chapter?id=94&chapterid=196 attempt=1/5 error=HTTP Error 522: <none>
2026-04-12 01:27:58,239 - INFO - 正文章节进度: 106000/9554851 success=106000 failure=0 current_book=94 elapsed=3391.57s
2026-04-12 01:28:24,421 - INFO - 正文章节进度: 107000/9554851 success=107000 failure=0 current_book=94 elapsed=3417.75s
2026-04-12 01:28:49,828 - INFO - 正文章节进度: 108000/9554851 success=108000 failure=0 current_book=94 elapsed=3443.16s
2026-04-12 01:29:16,003 - INFO - 正文章节进度: 109000/9554851 success=109000 failure=0 current_book=94 elapsed=3469.33s
2026-04-12 01:29:41,457 - INFO - 正文章节进度: 110000/9554851 success=110000 failure=0 current_book=94 elapsed=3494.78s
2026-04-12 01:30:06,709 - INFO - 正文章节进度: 111000/9554851 success=111000 failure=0 current_book=94 elapsed=3520.04s
2026-04-12 01:30:32,059 - INFO - 正文章节进度: 112000/9554851 success=112000 failure=0 current_book=94 elapsed=3545.39s
2026-04-12 01:30:41,417 - INFO - 开始抓正文: book_id=95 title=绍宋 pending=481
2026-04-12 01:30:54,222 - INFO - 开始抓正文: book_id=96 title=厉总，夫人她罪不至死 pending=1440
2026-04-12 01:30:58,172 - INFO - 正文章节进度: 113000/9554851 success=113000 failure=0 current_book=96 elapsed=3571.50s
2026-04-12 01:31:25,220 - WARNING - 请求失败，稍后重试: url=https://apibi.cc/api/chapter?id=96&chapterid=465 attempt=1/5 error=HTTP Error 522: <none>
2026-04-12 01:31:57,499 - WARNING - 请求失败，稍后重试: url=https://apibi.cc/api/chapter?id=96&chapterid=490 attempt=1/5 error=The read operation timed out
2026-04-12 01:32:17,390 - INFO - 正文章节进度: 114000/9554851 success=114000 failure=0 current_book=96 elapsed=3650.72s
2026-04-12 01:32:25,038 - INFO - 开始抓正文: book_id=97 title=垂钓之神 pending=2950
2026-04-12 01:32:43,775 - INFO - 正文章节进度: 115000/9554851 success=115000 failure=0 current_book=97 elapsed=3677.10s
2026-04-12 01:33:09,602 - INFO - 正文章节进度: 116000/9554851 success=116000 failure=0 current_book=97 elapsed=3702.93s
2026-04-12 01:33:50,636 - WARNING - 请求失败，稍后重试: url=https://apibi.cc/api/chapter?id=97&chapterid=2582 attempt=1/5 error=HTTP Error 522: <none>
2026-04-12 01:34:02,327 - INFO - 正文章节进度: 117000/9554851 success=117000 failure=0 current_book=97 elapsed=3755.66s
2026-04-12 01:34:19,314 - WARNING - 请求失败，稍后重试: url=https://apibi.cc/api/chapter?id=97&chapterid=2653 attempt=1/5 error=The read operation timed out
2026-04-12 01:34:31,540 - INFO - 开始抓正文: book_id=98 title=小阁老 pending=1980
2026-04-12 01:34:53,692 - INFO - 正文章节进度: 118000/9554851 success=118000 failure=0 current_book=98 elapsed=3807.02s
2026-04-12 01:35:19,418 - INFO - 正文章节进度: 119000/9554851 success=119000 failure=0 current_book=98 elapsed=3832.75s
2026-04-12 01:35:25,072 - INFO - 开始抓正文: book_id=99 title=祖宗在上 pending=492
2026-04-12 01:35:50,450 - WARNING - 请求失败，稍后重试: url=https://apibi.cc/api/chapter?id=99&chapterid=225 attempt=1/5 error=HTTP Error 522: <none>
2026-04-12 01:36:09,558 - INFO - 开始抓正文: book_id=100 title=仙秦多元宇宙帝国 pending=624
2026-04-12 01:36:17,071 - INFO - 正文章节进度: 120000/9554851 success=120000 failure=0 current_book=100 elapsed=3890.40s
2026-04-12 01:36:25,939 - INFO - 正文书籍进度: 100/10000 chapters=120336/9554851 elapsed=3899.27s
2026-04-12 01:36:25,949 - INFO - 开始抓正文: book_id=101 title=最初进化 pending=2168
2026-04-12 01:36:43,307 - INFO - 正文章节进度: 121000/9554851 success=121000 failure=0 current_book=101 elapsed=3916.63s
2026-04-12 01:37:08,629 - INFO - 正文章节进度: 122000/9554851 success=122000 failure=0 current_book=101 elapsed=3941.96s
2026-04-12 01:37:21,827 - INFO - 开始抓正文: book_id=102 title=一吨超人 pending=482
2026-04-12 01:37:35,153 - INFO - 开始抓正文: book_id=103 title=太太请自重 pending=555
2026-04-12 01:37:35,739 - INFO - 正文章节进度: 123000/9554851 success=123000 failure=0 current_book=103 elapsed=3969.07s
2026-04-12 01:37:49,510 - INFO - 开始抓正文: book_id=104 title=我为天帝召唤群雄 pending=670
2026-04-12 01:38:01,420 - INFO - 正文章节进度: 124000/9554851 success=124000 failure=0 current_book=104 elapsed=3994.75s
2026-04-12 01:38:06,944 - INFO - 开始抓正文: book_id=105 title=儒雅随和的我不是魔头 pending=348
2026-04-12 01:38:15,975 - INFO - 开始抓正文: book_id=106 title=谍海猎影 pending=1409
2026-04-12 01:38:27,183 - INFO - 正文章节进度: 125000/9554851 success=125000 failure=0 current_book=106 elapsed=4020.51s
2026-04-12 01:38:51,374 - INFO - 开始抓正文: book_id=107 title=直播之极限巨星 pending=443
2026-04-12 01:38:52,378 - INFO - 正文章节进度: 126000/9554851 success=126000 failure=0 current_book=107 elapsed=4045.71s
2026-04-12 01:39:03,048 - INFO - 开始抓正文: book_id=108 title=史上第一密探 pending=396
2026-04-12 01:39:13,389 - INFO - 开始抓正文: book_id=109 title=造化图 pending=292
2026-04-12 01:39:18,259 - INFO - 正文章节进度: 127000/9554851 success=127000 failure=0 current_book=109 elapsed=4071.59s
2026-04-12 01:39:20,591 - INFO - 开始抓正文: book_id=110 title=超脑太监 pending=1487
2026-04-12 01:39:43,373 - INFO - 正文章节进度: 128000/9554851 success=128000 failure=0 current_book=110 elapsed=4096.70s
2026-04-12 01:39:58,482 - INFO - 开始抓正文: book_id=111 title=我的光影年代 pending=977
2026-04-12 01:40:08,802 - INFO - 正文章节进度: 129000/9554851 success=129000 failure=0 current_book=111 elapsed=4122.13s
2026-04-12 01:40:23,104 - INFO - 开始抓正文: book_id=112 title=超时空评测 pending=422
2026-04-12 01:40:34,246 - INFO - 开始抓正文: book_id=113 title=从我是特种兵开始打卡 pending=1576
2026-04-12 01:40:34,882 - INFO - 正文章节进度: 130000/9554851 success=130000 failure=0 current_book=113 elapsed=4148.21s
2026-04-12 01:41:00,033 - INFO - 正文章节进度: 131000/9554851 success=131000 failure=0 current_book=113 elapsed=4173.36s
2026-04-12 01:41:14,122 - INFO - 开始抓正文: book_id=114 title=十亿次拔刀 pending=728
2026-04-12 01:41:25,127 - INFO - 正文章节进度: 132000/9554851 success=132000 failure=0 current_book=114 elapsed=4198.46s
2026-04-12 01:41:32,570 - INFO - 开始抓正文: book_id=115 title=我的学姐会魔法 pending=278
2026-04-12 01:41:39,718 - INFO - 开始抓正文: book_id=116 title=剧透诸天万界 pending=560
2026-04-12 01:41:50,514 - INFO - 正文章节进度: 133000/9554851 success=133000 failure=0 current_book=116 elapsed=4223.84s
2026-04-12 01:41:53,658 - INFO - 开始抓正文: book_id=117 title=乡间轻曲 pending=623
2026-04-12 01:42:20,087 - WARNING - 请求失败，稍后重试: url=https://apibi.cc/api/chapter?id=117&chapterid=277 attempt=1/5 error=HTTP Error 522: <none>
2026-04-12 01:42:50,771 - WARNING - 请求失败，稍后重试: url=https://apibi.cc/api/chapter?id=117&chapterid=366 attempt=1/5 error=The read operation timed out
2026-04-12 01:43:12,033 - WARNING - 请求失败，稍后重试: url=https://apibi.cc/api/chapter?id=117&chapterid=366 attempt=2/5 error=<urlopen error _ssl.c:1063: The handshake operation timed out>
2026-04-12 01:43:20,513 - INFO - 开始抓正文: book_id=118 title=生存竞技场 pending=494
2026-04-12 01:43:27,961 - INFO - 正文章节进度: 134000/9554851 success=134000 failure=0 current_book=118 elapsed=4321.29s
2026-04-12 01:43:34,751 - INFO - 开始抓正文: book_id=119 title=我的前女友是大明星 pending=454
2026-04-12 01:43:47,269 - INFO - 开始抓正文: book_id=120 title=出名太快怎么办 pending=1242
2026-04-12 01:43:55,129 - INFO - 正文章节进度: 135000/9554851 success=135000 failure=0 current_book=120 elapsed=4348.46s
2026-04-12 01:44:19,020 - INFO - 正文书籍进度: 120/10000 chapters=135940/9554851 elapsed=4372.35s
2026-04-12 01:44:19,027 - INFO - 开始抓正文: book_id=121 title=我在东京当和尚 pending=255
2026-04-12 01:44:20,649 - INFO - 正文章节进度: 136000/9554851 success=136000 failure=0 current_book=121 elapsed=4373.98s
2026-04-12 01:44:25,538 - INFO - 开始抓正文: book_id=122 title=魔临 pending=1068
2026-04-12 01:44:46,930 - INFO - 正文章节进度: 137000/9554851 success=137000 failure=0 current_book=122 elapsed=4400.26s
2026-04-12 01:44:53,794 - INFO - 开始抓正文: book_id=123 title=汉阙 pending=578
2026-04-12 01:45:08,590 - INFO - 开始抓正文: book_id=124 title=绿茵傻腰 pending=984
2026-04-12 01:45:12,755 - INFO - 正文章节进度: 138000/9554851 success=138000 failure=0 current_book=124 elapsed=4426.08s
2026-04-12 01:45:33,976 - INFO - 开始抓正文: book_id=125 title=科技之全球垄断 pending=1041
2026-04-12 01:45:38,392 - INFO - 正文章节进度: 139000/9554851 success=139000 failure=0 current_book=125 elapsed=4451.72s
2026-04-12 01:46:00,273 - INFO - 开始抓正文: book_id=126 title=被照美冥挖了出来 pending=511
2026-04-12 01:46:03,917 - INFO - 正文章节进度: 140000/9554851 success=140000 failure=0 current_book=126 elapsed=4477.25s
2026-04-12 01:46:13,416 - INFO - 开始抓正文: book_id=127 title=封神之我要当昏君 pending=618
2026-04-12 01:46:29,568 - INFO - 开始抓正文: book_id=128 title=高龄巨星 pending=1279
2026-04-12 01:46:29,966 - INFO - 正文章节进度: 141000/9554851 success=141000 failure=0 current_book=128 elapsed=4503.29s
2026-04-12 01:46:55,291 - INFO - 正文章节进度: 142000/9554851 success=142000 failure=0 current_book=128 elapsed=4528.62s
2026-04-12 01:47:02,131 - INFO - 开始抓正文: book_id=129 title=腾飞我的航空时代 pending=1712
2026-04-12 01:47:20,768 - INFO - 正文章节进度: 143000/9554851 success=143000 failure=0 current_book=129 elapsed=4554.10s
2026-04-12 01:47:45,709 - INFO - 开始抓正文: book_id=130 title=从锦衣卫到武林至尊 pending=341
2026-04-12 01:47:46,319 - INFO - 正文章节进度: 144000/9554851 success=144000 failure=0 current_book=130 elapsed=4579.65s
2026-04-12 01:47:54,296 - INFO - 开始抓正文: book_id=131 title=长生大秦 pending=1118
2026-04-12 01:48:11,475 - INFO - 正文章节进度: 145000/9554851 success=145000 failure=0 current_book=131 elapsed=4604.80s
2026-04-12 01:48:22,977 - INFO - 开始抓正文: book_id=132 title=大秦从献仙药开始 pending=388
2026-04-12 01:48:32,920 - INFO - 开始抓正文: book_id=133 title=这号有毒 pending=506
2026-04-12 01:48:37,304 - INFO - 正文章节进度: 146000/9554851 success=146000 failure=0 current_book=133 elapsed=4630.63s
2026-04-12 01:48:58,426 - WARNING - 请求失败，稍后重试: url=https://apibi.cc/api/chapter?id=133&chapterid=242 attempt=1/5 error=HTTP Error 522: <none>
2026-04-12 01:49:25,596 - WARNING - 请求失败，稍后重试: url=https://apibi.cc/api/chapter?id=133&chapterid=365 attempt=1/5 error=<urlopen error _ssl.c:1063: The handshake operation timed out>
2026-04-12 01:49:32,021 - INFO - 开始抓正文: book_id=134 title=农门婆婆的诰命之路 pending=1842
2026-04-12 01:49:50,272 - INFO - 正文章节进度: 147000/9554851 success=147000 failure=0 current_book=134 elapsed=4703.60s
2026-04-12 01:50:17,218 - INFO - 正文章节进度: 148000/9554851 success=148000 failure=0 current_book=134 elapsed=4730.55s
2026-04-12 01:50:22,061 - INFO - 开始抓正文: book_id=135 title=好莱坞往事 pending=475
2026-04-12 01:50:34,341 - INFO - 开始抓正文: book_id=136 title=当医生开了外挂 pending=2057
2026-04-12 01:50:42,988 - INFO - 正文章节进度: 149000/9554851 success=149000 failure=0 current_book=136 elapsed=4756.32s
2026-04-12 01:51:07,932 - INFO - 正文章节进度: 150000/9554851 success=150000 failure=0 current_book=136 elapsed=4781.26s
2026-04-12 01:51:25,786 - INFO - 开始抓正文: book_id=137 title=重生八零悍妻来袭 pending=1182
2026-04-12 01:51:33,104 - INFO - 正文章节进度: 151000/9554851 success=151000 failure=0 current_book=137 elapsed=4806.43s
2026-04-12 01:51:55,187 - INFO - 开始抓正文: book_id=138 title=天降我才必有用 pending=921
2026-04-12 01:51:57,789 - INFO - 正文章节进度: 152000/9554851 success=152000 failure=0 current_book=138 elapsed=4831.12s
2026-04-12 01:52:18,667 - INFO - 开始抓正文: book_id=139 title=变成血族是什么体验 pending=670
2026-04-12 01:52:23,255 - INFO - 正文章节进度: 153000/9554851 success=153000 failure=0 current_book=139 elapsed=4856.58s
2026-04-12 01:52:44,733 - WARNING - 请求失败，稍后重试: url=https://apibi.cc/api/chapter?id=139&chapterid=262 attempt=1/5 error=HTTP Error 522: <none>
2026-04-12 01:53:01,883 - INFO - 开始抓正文: book_id=140 title=我有无数物品栏 pending=328
2026-04-12 01:53:10,498 - INFO - 正文书籍进度: 140/10000 chapters=153814/9554851 elapsed=4903.83s
2026-04-12 01:53:10,501 - INFO - 开始抓正文: book_id=141 title=明天下 pending=931
2026-04-12 01:53:15,586 - INFO - 正文章节进度: 154000/9554851 success=154000 failure=0 current_book=141 elapsed=4908.91s
2026-04-12 01:53:35,933 - WARNING - 请求失败，稍后重试: url=https://apibi.cc/api/chapter?id=141&chapterid=238 attempt=1/5 error=HTTP Error 522: <none>
2026-04-12 01:54:04,211 - INFO - 开始抓正文: book_id=142 title=从观众席走向娱乐圈 pending=897
2026-04-12 01:54:11,180 - INFO - 正文章节进度: 155000/9554851 success=155000 failure=0 current_book=142 elapsed=4964.51s
2026-04-12 01:54:27,777 - INFO - 开始抓正文: book_id=143 title=玩家凶猛 pending=1220
2026-04-12 01:54:36,732 - INFO - 正文章节进度: 156000/9554851 success=156000 failure=0 current_book=143 elapsed=4990.06s
2026-04-12 01:54:59,556 - INFO - 开始抓正文: book_id=144 title=何日请长缨 pending=578
2026-04-12 01:55:03,337 - INFO - 正文章节进度: 157000/9554851 success=157000 failure=0 current_book=144 elapsed=5016.67s
2026-04-12 01:55:14,026 - INFO - 开始抓正文: book_id=145 title=大国芯工 pending=255
2026-04-12 01:55:20,509 - INFO - 开始抓正文: book_id=146 title=鉴宝直播间 pending=636
2026-04-12 01:55:28,426 - INFO - 正文章节进度: 158000/9554851 success=158000 failure=0 current_book=146 elapsed=5041.75s
2026-04-12 01:55:37,347 - INFO - 开始抓正文: book_id=147 title=亏成首富从游戏开始 pending=1683
2026-04-12 01:55:54,313 - INFO - 正文章节进度: 159000/9554851 success=159000 failure=0 current_book=147 elapsed=5067.64s
2026-04-12 01:56:19,451 - INFO - 正文章节进度: 160000/9554851 success=160000 failure=0 current_book=147 elapsed=5092.78s
2026-04-12 01:56:20,099 - INFO - 开始抓正文: book_id=148 title=我可以兑换悟性 pending=850
2026-04-12 01:56:41,757 - INFO - 开始抓正文: book_id=149 title=红楼庶长子 pending=799
2026-04-12 01:56:45,455 - INFO - 正文章节进度: 161000/9554851 success=161000 failure=0 current_book=149 elapsed=5118.78s
2026-04-12 01:57:02,234 - INFO - 开始抓正文: book_id=150 title=泰坦与龙之王 pending=1437
2026-04-12 01:57:10,870 - INFO - 正文章节进度: 162000/9554851 success=162000 failure=0 current_book=150 elapsed=5144.20s
2026-04-12 01:57:43,365 - INFO - 正文章节进度: 163000/9554851 success=163000 failure=0 current_book=150 elapsed=5176.69s
2026-04-12 01:57:45,555 - INFO - 开始抓正文: book_id=151 title=狄青 pending=255
2026-04-12 01:57:52,356 - INFO - 开始抓正文: book_id=152 title=从流量到影帝 pending=462
2026-04-12 01:58:04,307 - INFO - 开始抓正文: book_id=153 title=太虚化龙篇 pending=954
2026-04-12 01:58:09,081 - INFO - 正文章节进度: 164000/9554851 success=164000 failure=0 current_book=153 elapsed=5202.41s
2026-04-12 01:58:28,396 - INFO - 开始抓正文: book_id=154 title=汉世祖 pending=2203
2026-04-12 01:58:34,121 - INFO - 正文章节进度: 165000/9554851 success=165000 failure=0 current_book=154 elapsed=5227.45s
2026-04-12 01:58:59,184 - INFO - 正文章节进度: 166000/9554851 success=166000 failure=0 current_book=154 elapsed=5252.51s
2026-04-12 01:59:23,687 - INFO - 开始抓正文: book_id=155 title=绝对一番 pending=488
2026-04-12 01:59:24,563 - INFO - 正文章节进度: 167000/9554851 success=167000 failure=0 current_book=155 elapsed=5277.89s
2026-04-12 01:59:50,723 - WARNING - 请求失败，稍后重试: url=https://apibi.cc/api/chapter?id=155&chapterid=298 attempt=1/5 error=HTTP Error 522: <none>
2026-04-12 02:00:02,165 - INFO - 开始抓正文: book_id=156 title=沧元图 pending=771
2026-04-12 02:00:16,486 - INFO - 正文章节进度: 168000/9554851 success=168000 failure=0 current_book=156 elapsed=5329.81s
2026-04-12 02:00:22,522 - INFO - 开始抓正文: book_id=157 title=猎赝 pending=297
2026-04-12 02:00:30,411 - INFO - 开始抓正文: book_id=158 title=最佳特摄时代 pending=1032
2026-04-12 02:00:42,612 - INFO - 正文章节进度: 169000/9554851 success=169000 failure=0 current_book=158 elapsed=5355.94s
2026-04-12 02:00:57,195 - INFO - 开始抓正文: book_id=159 title=怪物被杀就会死 pending=1020
2026-04-12 02:01:08,346 - INFO - 正文章节进度: 170000/9554851 success=170000 failure=0 current_book=159 elapsed=5381.67s
2026-04-12 02:01:24,551 - INFO - 开始抓正文: book_id=160 title=猎魔烹饪手册 pending=1035
2026-04-12 02:01:36,061 - INFO - 正文章节进度: 171000/9554851 success=171000 failure=0 current_book=160 elapsed=5409.39s
2026-04-12 02:01:53,699 - INFO - 正文书籍进度: 160/10000 chapters=171617/9554851 elapsed=5427.03s
2026-04-12 02:01:53,701 - INFO - 开始抓正文: book_id=161 title=峡谷正能量 pending=1005
2026-04-12 02:02:05,852 - INFO - 正文章节进度: 172000/9554851 success=172000 failure=0 current_book=161 elapsed=5439.18s
2026-04-12 02:02:25,811 - INFO - 开始抓正文: book_id=162 title=承包大明 pending=1152
2026-04-12 02:02:35,766 - INFO - 正文章节进度: 173000/9554851 success=173000 failure=0 current_book=162 elapsed=5469.09s
2026-04-12 02:02:55,270 - INFO - 开始抓正文: book_id=163 title=我能提取熟练度 pending=1539
2026-04-12 02:03:00,963 - INFO - 正文章节进度: 174000/9554851 success=174000 failure=0 current_book=163 elapsed=5494.29s
2026-04-12 02:03:26,686 - INFO - 正文章节进度: 175000/9554851 success=175000 failure=0 current_book=163 elapsed=5520.01s
2026-04-12 02:03:34,540 - INFO - 开始抓正文: book_id=164 title=重生过去当传奇 pending=962
2026-04-12 02:03:52,038 - INFO - 正文章节进度: 176000/9554851 success=176000 failure=0 current_book=164 elapsed=5545.37s
2026-04-12 02:03:59,452 - INFO - 开始抓正文: book_id=165 title=我不想当妖皇的日子 pending=497
2026-04-12 02:04:12,244 - INFO - 开始抓正文: book_id=166 title=诸天穿越者聊天群 pending=629
2026-04-12 02:04:19,780 - INFO - 正文章节进度: 177000/9554851 success=177000 failure=0 current_book=166 elapsed=5573.11s
2026-04-12 02:04:32,413 - INFO - 开始抓正文: book_id=167 title=烂柯棋缘 pending=1081
2026-04-12 02:04:37,975 - WARNING - 请求失败，稍后重试: url=https://apibi.cc/api/chapter?id=167&chapterid=47 attempt=1/5 error=<urlopen error [Errno 54] Connection reset by peer>
2026-04-12 02:04:51,562 - INFO - 正文章节进度: 178000/9554851 success=178000 failure=0 current_book=167 elapsed=5604.89s
2026-04-12 02:05:04,114 - INFO - 开始抓正文: book_id=168 title=独步大千 pending=540
2026-04-12 02:05:17,198 - INFO - 正文章节进度: 179000/9554851 success=179000 failure=0 current_book=168 elapsed=5630.53s
2026-04-12 02:05:17,804 - INFO - 开始抓正文: book_id=169 title=剑圣就该出肉装 pending=612
2026-04-12 02:05:33,847 - INFO - 开始抓正文: book_id=170 title=打穿西游的唐僧 pending=1609
2026-04-12 02:05:43,318 - INFO - 正文章节进度: 180000/9554851 success=180000 failure=0 current_book=170 elapsed=5656.65s
2026-04-12 02:06:08,436 - INFO - 正文章节进度: 181000/9554851 success=181000 failure=0 current_book=170 elapsed=5681.76s
2026-04-12 02:06:14,763 - INFO - 开始抓正文: book_id=171 title=我是至尊 pending=1489
2026-04-12 02:06:34,213 - INFO - 正文章节进度: 182000/9554851 success=182000 failure=0 current_book=171 elapsed=5707.54s
2026-04-12 02:06:53,565 - INFO - 开始抓正文: book_id=172 title=超神机械师 pending=1475
2026-04-12 02:07:00,488 - INFO - 正文章节进度: 183000/9554851 success=183000 failure=0 current_book=172 elapsed=5733.82s
2026-04-12 02:07:25,398 - INFO - 正文章节进度: 184000/9554851 success=184000 failure=0 current_book=172 elapsed=5758.73s
2026-04-12 02:07:31,008 - INFO - 开始抓正文: book_id=173 title=我有一张沾沾卡 pending=971
2026-04-12 02:07:50,778 - INFO - 正文章节进度: 185000/9554851 success=185000 failure=0 current_book=173 elapsed=5784.11s
2026-04-12 02:07:55,475 - INFO - 开始抓正文: book_id=174 title=我有一座诸天城 pending=541
2026-04-12 02:08:09,153 - INFO - 开始抓正文: book_id=175 title=天命主宰 pending=754
2026-04-12 02:08:16,381 - INFO - 正文章节进度: 186000/9554851 success=186000 failure=0 current_book=175 elapsed=5809.71s
2026-04-12 02:08:28,919 - INFO - 开始抓正文: book_id=176 title=蜀汉之庄稼汉 pending=1507
2026-04-12 02:08:42,581 - INFO - 正文章节进度: 187000/9554851 success=187000 failure=0 current_book=176 elapsed=5835.91s
2026-04-12 02:09:07,508 - INFO - 开始抓正文: book_id=177 title=太上执符 pending=838
2026-04-12 02:09:08,258 - INFO - 正文章节进度: 188000/9554851 success=188000 failure=0 current_book=177 elapsed=5861.59s
2026-04-12 02:09:28,423 - INFO - 开始抓正文: book_id=178 title=饲养全人类 pending=1468
2026-04-12 02:09:33,185 - INFO - 正文章节进度: 189000/9554851 success=189000 failure=0 current_book=178 elapsed=5886.51s
2026-04-12 02:09:58,362 - INFO - 正文章节进度: 190000/9554851 success=190000 failure=0 current_book=178 elapsed=5911.69s
2026-04-12 02:10:05,765 - INFO - 开始抓正文: book_id=179 title=猛卒 pending=1288
2026-04-12 02:10:23,691 - INFO - 正文章节进度: 191000/9554851 success=191000 failure=0 current_book=179 elapsed=5937.02s
2026-04-12 02:10:38,295 - INFO - 开始抓正文: book_id=180 title=影视先锋 pending=445
2026-04-12 02:10:49,018 - INFO - 正文章节进度: 192000/9554851 success=192000 failure=0 current_book=180 elapsed=5962.35s
2026-04-12 02:10:49,577 - INFO - 正文书籍进度: 180/10000 chapters=192019/9554851 elapsed=5962.91s
2026-04-12 02:10:49,579 - INFO - 开始抓正文: book_id=181 title=时空长河的旅者 pending=473
2026-04-12 02:11:01,640 - INFO - 开始抓正文: book_id=182 title=精灵掌门人 pending=1219
2026-04-12 02:11:14,629 - INFO - 正文章节进度: 193000/9554851 success=193000 failure=0 current_book=182 elapsed=5987.96s
2026-04-12 02:11:32,743 - INFO - 开始抓正文: book_id=183 title=从精武英雄开始 pending=662
2026-04-12 02:11:39,961 - INFO - 正文章节进度: 194000/9554851 success=194000 failure=0 current_book=183 elapsed=6013.29s
2026-04-12 02:11:49,426 - INFO - 开始抓正文: book_id=184 title=我能追踪万物 pending=907
2026-04-12 02:12:05,127 - INFO - 正文章节进度: 195000/9554851 success=195000 failure=0 current_book=184 elapsed=6038.46s
2026-04-12 02:12:12,106 - INFO - 开始抓正文: book_id=185 title=诸天谍影 pending=1097
2026-04-12 02:12:30,744 - INFO - 正文章节进度: 196000/9554851 success=196000 failure=0 current_book=185 elapsed=6064.07s
2026-04-12 02:12:40,962 - INFO - 开始抓正文: book_id=186 title=洪荒之天帝纪年 pending=593
2026-04-12 02:12:55,832 - INFO - 开始抓正文: book_id=187 title=穿越财富人生 pending=1298
2026-04-12 02:12:56,801 - INFO - 正文章节进度: 197000/9554851 success=197000 failure=0 current_book=187 elapsed=6090.13s
2026-04-12 02:13:21,984 - INFO - 正文章节进度: 198000/9554851 success=198000 failure=0 current_book=187 elapsed=6115.31s
2026-04-12 02:13:28,524 - INFO - 开始抓正文: book_id=188 title=龙王大人在上 pending=677
2026-04-12 02:14:01,951 - WARNING - 请求失败，稍后重试: url=https://apibi.cc/api/chapter?id=188&chapterid=559 attempt=1/5 error=HTTP Error 522: <none>
2026-04-12 02:14:27,813 - WARNING - 请求失败，稍后重试: url=https://apibi.cc/api/chapter?id=188&chapterid=559 attempt=2/5 error=<urlopen error _ssl.c:1063: The handshake operation timed out>
2026-04-12 02:14:34,874 - INFO - 开始抓正文: book_id=189 title=我真没想重生啊 pending=1035
2026-04-12 02:14:36,573 - INFO - 正文章节进度: 199000/9554851 success=199000 failure=0 current_book=189 elapsed=6189.90s
2026-04-12 02:15:03,265 - INFO - 开始抓正文: book_id=191 title=绝地求生之魔王系统 pending=697
2026-04-12 02:15:04,078 - INFO - 正文章节进度: 200000/9554851 success=200000 failure=0 current_book=191 elapsed=6217.41s
2026-04-12 02:15:21,192 - INFO - 开始抓正文: book_id=192 title=一剑斩破九重天 pending=998
2026-04-12 02:15:29,285 - INFO - 正文章节进度: 201000/9554851 success=201000 failure=0 current_book=192 elapsed=6242.61s
2026-04-12 02:15:46,447 - INFO - 开始抓正文: book_id=193 title=金粉 pending=584
2026-04-12 02:15:54,674 - INFO - 正文章节进度: 202000/9554851 success=202000 failure=0 current_book=193 elapsed=6268.00s
2026-04-12 02:16:01,292 - INFO - 开始抓正文: book_id=194 title=前任无双 pending=771
2026-04-12 02:16:20,376 - INFO - 正文章节进度: 203000/9554851 success=203000 failure=0 current_book=194 elapsed=6293.70s
2026-04-12 02:16:21,092 - INFO - 开始抓正文: book_id=195 title=我怎么就火了呢 pending=367
2026-04-12 02:16:30,712 - INFO - 开始抓正文: book_id=196 title=北颂 pending=1059
2026-04-12 02:16:46,176 - INFO - 正文章节进度: 204000/9554851 success=204000 failure=0 current_book=196 elapsed=6319.50s
2026-04-12 02:16:57,353 - INFO - 开始抓正文: book_id=197 title=一人之力 pending=506
2026-04-12 02:17:10,254 - INFO - 开始抓正文: book_id=198 title=贞观贤王 pending=995
2026-04-12 02:17:11,450 - INFO - 正文章节进度: 205000/9554851 success=205000 failure=0 current_book=198 elapsed=6344.78s
2026-04-12 02:17:35,474 - INFO - 开始抓正文: book_id=199 title=香港1968 pending=674
2026-04-12 02:17:36,724 - INFO - 正文章节进度: 206000/9554851 success=206000 failure=0 current_book=199 elapsed=6370.05s
2026-04-12 02:17:56,178 - WARNING - 请求失败，稍后重试: url=https://apibi.cc/api/chapter?id=199&chapterid=46 attempt=1/5 error=HTTP Error 522: <none>
2026-04-12 02:18:28,383 - WARNING - 请求失败，稍后重试: url=https://apibi.cc/api/chapter?id=199&chapterid=134 attempt=1/5 error=The read operation timed out
2026-04-12 02:18:34,117 - WARNING - 请求失败，稍后重试: url=https://apibi.cc/api/chapter?id=199&chapterid=136 attempt=1/5 error=The read operation timed out
2026-04-12 02:18:48,404 - INFO - 开始抓正文: book_id=200 title=是篮球之神啊 pending=762
2026-04-12 02:19:10,182 - WARNING - 请求失败，稍后重试: url=https://apibi.cc/api/chapter?id=200&chapterid=82 attempt=1/5 error=HTTP Error 522: <none>
2026-04-12 02:19:23,325 - INFO - 正文章节进度: 207000/9554851 success=207000 failure=0 current_book=200 elapsed=6476.65s
2026-04-12 02:19:33,824 - INFO - 正文书籍进度: 200/10000 chapters=207393/9554851 elapsed=6487.15s
2026-04-12 02:19:33,826 - INFO - 开始抓正文: book_id=201 title=宿主 pending=592
2026-04-12 02:19:49,333 - INFO - 开始抓正文: book_id=202 title=逆成长巨星 pending=1364
2026-04-12 02:19:49,967 - INFO - 正文章节进度: 208000/9554851 success=208000 failure=0 current_book=202 elapsed=6503.30s
2026-04-12 02:20:15,109 - INFO - 正文章节进度: 209000/9554851 success=209000 failure=0 current_book=202 elapsed=6528.44s
2026-04-12 02:20:23,799 - INFO - 开始抓正文: book_id=203 title=打造超玄幻 pending=697
2026-04-12 02:20:49,615 - WARNING - 请求失败，稍后重试: url=https://apibi.cc/api/chapter?id=203&chapterid=241 attempt=1/5 error=HTTP Error 522: <none>
2026-04-12 02:21:04,037 - INFO - 正文章节进度: 210000/9554851 success=210000 failure=0 current_book=203 elapsed=6577.36s
2026-04-12 02:21:05,095 - INFO - 开始抓正文: book_id=204 title=不合格的大魔王 pending=615
2026-04-12 02:21:25,863 - WARNING - 请求失败，稍后重试: url=https://apibi.cc/api/chapter?id=204&chapterid=50 attempt=1/5 error=HTTP Error 522: <none>
2026-04-12 02:21:46,574 - INFO - 开始抓正文: book_id=205 title=九天 pending=789
2026-04-12 02:21:55,547 - INFO - 正文章节进度: 211000/9554851 success=211000 failure=0 current_book=205 elapsed=6628.87s
2026-04-12 02:22:07,557 - INFO - 开始抓正文: book_id=206 title=玄浑道章 pending=2328
2026-04-12 02:22:30,615 - WARNING - 请求失败，稍后重试: url=https://apibi.cc/api/chapter?id=206&chapterid=130 attempt=1/5 error=HTTP Error 522: <none>
2026-04-12 02:22:48,885 - INFO - 正文章节进度: 212000/9554851 success=212000 failure=0 current_book=206 elapsed=6682.21s
2026-04-12 02:23:14,903 - INFO - 正文章节进度: 213000/9554851 success=213000 failure=0 current_book=206 elapsed=6708.23s
2026-04-12 02:23:35,438 - INFO - 开始抓正文: book_id=207 title=生活系男神 pending=652
2026-04-12 02:23:40,987 - INFO - 正文章节进度: 214000/9554851 success=214000 failure=0 current_book=207 elapsed=6734.32s
2026-04-12 02:23:53,902 - INFO - 开始抓正文: book_id=208 title=我的细胞监狱 pending=2170
2026-04-12 02:24:08,102 - INFO - 正文章节进度: 215000/9554851 success=215000 failure=0 current_book=208 elapsed=6761.43s
2026-04-12 02:24:33,349 - INFO - 正文章节进度: 216000/9554851 success=216000 failure=0 current_book=208 elapsed=6786.68s
2026-04-12 02:24:48,713 - INFO - 开始抓正文: book_id=209 title=掌欢 pending=546
2026-04-12 02:24:58,902 - INFO - 正文章节进度: 217000/9554851 success=217000 failure=0 current_book=209 elapsed=6812.23s
2026-04-12 02:25:02,564 - INFO - 开始抓正文: book_id=210 title=万古最强部落 pending=1192
2026-04-12 02:25:23,681 - INFO - 正文章节进度: 218000/9554851 success=218000 failure=0 current_book=210 elapsed=6837.01s
2026-04-12 02:25:31,739 - INFO - 开始抓正文: book_id=211 title=龙城 pending=385
2026-04-12 02:25:41,332 - INFO - 开始抓正文: book_id=212 title=无垠 pending=932
2026-04-12 02:25:48,400 - INFO - 正文章节进度: 219000/9554851 success=219000 failure=0 current_book=212 elapsed=6861.73s
2026-04-12 02:26:04,786 - INFO - 开始抓正文: book_id=213 title=大美时代 pending=902
2026-04-12 02:26:13,402 - INFO - 正文章节进度: 220000/9554851 success=220000 failure=0 current_book=213 elapsed=6886.73s
2026-04-12 02:26:31,255 - WARNING - 请求失败，稍后重试: url=https://apibi.cc/api/chapter?id=213&chapterid=289 attempt=1/5 error=HTTP Error 522: <none>
2026-04-12 02:26:51,962 - INFO - 开始抓正文: book_id=214 title=超凡黎明 pending=860
2026-04-12 02:27:03,281 - INFO - 正文章节进度: 221000/9554851 success=221000 failure=0 current_book=214 elapsed=6936.61s
2026-04-12 02:27:31,162 - WARNING - 请求失败，稍后重试: url=https://apibi.cc/api/chapter?id=214&chapterid=775 attempt=1/5 error=HTTP Error 522: <none>
2026-04-12 02:27:39,938 - INFO - 开始抓正文: book_id=215 title=精灵之黑暗崛起 pending=1467
2026-04-12 02:27:54,600 - INFO - 正文章节进度: 222000/9554851 success=222000 failure=0 current_book=215 elapsed=6987.93s
2026-04-12 02:28:17,488 - INFO - 开始抓正文: book_id=216 title=咫尺之间人尽敌国 pending=1182
2026-04-12 02:28:20,428 - INFO - 正文章节进度: 223000/9554851 success=223000 failure=0 current_book=216 elapsed=7013.76s
2026-04-12 02:28:45,552 - INFO - 正文章节进度: 224000/9554851 success=224000 failure=0 current_book=216 elapsed=7038.88s
2026-04-12 02:28:46,989 - INFO - 开始抓正文: book_id=217 title=大符篆师 pending=701
2026-04-12 02:29:04,268 - INFO - 开始抓正文: book_id=218 title=从1983开始 pending=1038
2026-04-12 02:29:10,006 - INFO - 正文章节进度: 225000/9554851 success=225000 failure=0 current_book=218 elapsed=7063.33s
2026-04-12 02:29:29,797 - INFO - 开始抓正文: book_id=219 title=我变成了一只雄狮 pending=592
2026-04-12 02:29:34,818 - INFO - 正文章节进度: 226000/9554851 success=226000 failure=0 current_book=219 elapsed=7088.15s
2026-04-12 02:29:44,966 - INFO - 开始抓正文: book_id=220 title=从吞噬开始 pending=709
2026-04-12 02:30:00,156 - INFO - 正文章节进度: 227000/9554851 success=227000 failure=0 current_book=220 elapsed=7113.48s
2026-04-12 02:30:02,465 - INFO - 正文书籍进度: 220/10000 chapters=227106/9554851 elapsed=7115.79s
2026-04-12 02:30:02,466 - INFO - 开始抓正文: book_id=221 title=总有人想带坏我徒孙 pending=447
2026-04-12 02:30:14,122 - INFO - 开始抓正文: book_id=222 title=我不想当老大 pending=1991
2026-04-12 02:30:25,562 - INFO - 正文章节进度: 228000/9554851 success=228000 failure=0 current_book=222 elapsed=7138.89s
2026-04-12 02:30:50,897 - INFO - 正文章节进度: 229000/9554851 success=229000 failure=0 current_book=222 elapsed=7164.23s
2026-04-12 02:31:04,524 - INFO - 开始抓正文: book_id=223 title=赝太子 pending=1400
2026-04-12 02:31:15,731 - INFO - 正文章节进度: 230000/9554851 success=230000 failure=0 current_book=223 elapsed=7189.06s
2026-04-12 02:31:39,433 - INFO - 开始抓正文: book_id=224 title=秘巫之主 pending=1171
2026-04-12 02:31:41,054 - INFO - 正文章节进度: 231000/9554851 success=231000 failure=0 current_book=224 elapsed=7214.38s
2026-04-12 02:32:06,250 - INFO - 正文章节进度: 232000/9554851 success=232000 failure=0 current_book=224 elapsed=7239.58s
2026-04-12 02:32:09,348 - INFO - 开始抓正文: book_id=225 title=快穿之养老攻略 pending=2990
2026-04-12 02:32:32,094 - INFO - 正文章节进度: 233000/9554851 success=233000 failure=0 current_book=225 elapsed=7265.42s
2026-04-12 02:32:57,142 - INFO - 正文章节进度: 234000/9554851 success=234000 failure=0 current_book=225 elapsed=7290.47s
2026-04-12 02:33:22,583 - INFO - 正文章节进度: 235000/9554851 success=235000 failure=0 current_book=225 elapsed=7315.91s
2026-04-12 02:33:24,982 - INFO - 开始抓正文: book_id=226 title=天芳 pending=494
2026-04-12 02:33:37,677 - INFO - 开始抓正文: book_id=227 title=自完美世界开始 pending=1715
2026-04-12 02:33:47,833 - INFO - 正文章节进度: 236000/9554851 success=236000 failure=0 current_book=227 elapsed=7341.16s
2026-04-12 02:34:12,994 - INFO - 正文章节进度: 237000/9554851 success=237000 failure=0 current_book=227 elapsed=7366.32s
2026-04-12 02:34:21,073 - INFO - 开始抓正文: book_id=228 title=横推三千世界 pending=472
2026-04-12 02:34:32,804 - INFO - 开始抓正文: book_id=229 title=创造游戏世界 pending=632
2026-04-12 02:34:38,188 - INFO - 正文章节进度: 238000/9554851 success=238000 failure=0 current_book=229 elapsed=7391.52s
2026-04-12 02:34:48,546 - INFO - 开始抓正文: book_id=230 title=第一序列 pending=1273
2026-04-12 02:35:03,276 - INFO - 正文章节进度: 239000/9554851 success=239000 failure=0 current_book=230 elapsed=7416.60s
2026-04-12 02:35:20,765 - INFO - 开始抓正文: book_id=231 title=仙道长青 pending=1150
2026-04-12 02:35:28,593 - INFO - 正文章节进度: 240000/9554851 success=240000 failure=0 current_book=231 elapsed=7441.92s
2026-04-12 02:35:49,968 - INFO - 开始抓正文: book_id=232 title=从大佬到武林盟主 pending=856
2026-04-12 02:35:54,157 - INFO - 正文章节进度: 241000/9554851 success=241000 failure=0 current_book=232 elapsed=7467.48s
2026-04-12 02:36:11,773 - INFO - 开始抓正文: book_id=233 title=元尊 pending=1503
2026-04-12 02:36:19,704 - INFO - 正文章节进度: 242000/9554851 success=242000 failure=0 current_book=233 elapsed=7493.03s
2026-04-12 02:36:44,435 - INFO - 正文章节进度: 243000/9554851 success=243000 failure=0 current_book=233 elapsed=7517.76s
2026-04-12 02:36:49,887 - INFO - 开始抓正文: book_id=234 title=我能看见经验值 pending=751
2026-04-12 02:37:09,287 - INFO - 开始抓正文: book_id=235 title=花娇 pending=408
2026-04-12 02:37:10,645 - INFO - 正文章节进度: 244000/9554851 success=244000 failure=0 current_book=235 elapsed=7543.97s
2026-04-12 02:37:19,703 - INFO - 开始抓正文: book_id=236 title=我的帝国 pending=1708
2026-04-12 02:37:36,132 - INFO - 正文章节进度: 245000/9554851 success=245000 failure=0 current_book=236 elapsed=7569.46s
2026-04-12 02:38:01,122 - INFO - 正文章节进度: 246000/9554851 success=246000 failure=0 current_book=236 elapsed=7594.45s
2026-04-12 02:38:02,896 - INFO - 开始抓正文: book_id=237 title=剑破九天 pending=4886
2026-04-12 02:38:26,367 - INFO - 正文章节进度: 247000/9554851 success=247000 failure=0 current_book=237 elapsed=7619.70s
2026-04-12 02:38:51,604 - INFO - 正文章节进度: 248000/9554851 success=248000 failure=0 current_book=237 elapsed=7644.93s
2026-04-12 02:39:16,961 - INFO - 正文章节进度: 249000/9554851 success=249000 failure=0 current_book=237 elapsed=7670.29s
2026-04-12 02:39:41,919 - INFO - 正文章节进度: 250000/9554851 success=250000 failure=0 current_book=237 elapsed=7695.25s
2026-04-12 02:40:06,262 - INFO - 开始抓正文: book_id=238 title=王国血脉 pending=789
2026-04-12 02:40:07,590 - INFO - 正文章节进度: 251000/9554851 success=251000 failure=0 current_book=238 elapsed=7720.92s
2026-04-12 02:40:38,386 - WARNING - 请求失败，稍后重试: url=https://apibi.cc/api/chapter?id=238&chapterid=501 attempt=1/5 error=HTTP Error 522: <none>
2026-04-12 02:40:59,652 - INFO - 开始抓正文: book_id=239 title=诸天武道从武当开始 pending=645
2026-04-12 02:41:06,797 - INFO - 正文章节进度: 252000/9554851 success=252000 failure=0 current_book=239 elapsed=7780.12s
2026-04-12 02:41:16,959 - INFO - 开始抓正文: book_id=240 title=东汉末年枭雄志 pending=1642
2026-04-12 02:41:33,535 - INFO - 正文章节进度: 253000/9554851 success=253000 failure=0 current_book=240 elapsed=7806.86s
2026-04-12 02:41:59,003 - INFO - 正文章节进度: 254000/9554851 success=254000 failure=0 current_book=240 elapsed=7832.33s
2026-04-12 02:41:59,774 - INFO - 正文书籍进度: 240/10000 chapters=254029/9554851 elapsed=7833.10s
2026-04-12 02:41:59,777 - INFO - 开始抓正文: book_id=241 title=超神道术 pending=876
2026-04-12 02:42:22,277 - INFO - 开始抓正文: book_id=242 title=史上最强赘婿 pending=687
2026-04-12 02:42:24,692 - INFO - 正文章节进度: 255000/9554851 success=255000 failure=0 current_book=242 elapsed=7858.02s
2026-04-12 02:42:40,064 - INFO - 开始抓正文: book_id=243 title=奋斗在洪武末年 pending=965
2026-04-12 02:42:50,583 - INFO - 正文章节进度: 256000/9554851 success=256000 failure=0 current_book=243 elapsed=7883.91s
2026-04-12 02:43:05,011 - INFO - 开始抓正文: book_id=244 title=儒道诸天 pending=625
2026-04-12 02:43:16,271 - INFO - 正文章节进度: 257000/9554851 success=257000 failure=0 current_book=244 elapsed=7909.60s
2026-04-12 02:43:21,126 - INFO - 开始抓正文: book_id=245 title=满级导演 pending=763
2026-04-12 02:43:40,772 - INFO - 开始抓正文: book_id=246 title=重生六零幸福攻略 pending=789
2026-04-12 02:43:42,247 - INFO - 正文章节进度: 258000/9554851 success=258000 failure=0 current_book=246 elapsed=7935.57s
2026-04-12 02:44:00,905 - INFO - 开始抓正文: book_id=247 title=重生之最强大亨 pending=1552
2026-04-12 02:44:08,038 - INFO - 正文章节进度: 259000/9554851 success=259000 failure=0 current_book=247 elapsed=7961.37s
2026-04-12 02:44:33,619 - INFO - 正文章节进度: 260000/9554851 success=260000 failure=0 current_book=247 elapsed=7986.95s
2026-04-12 02:44:40,963 - INFO - 开始抓正文: book_id=248 title=穿越全能网红 pending=1250
2026-04-12 02:44:58,909 - INFO - 正文章节进度: 261000/9554851 success=261000 failure=0 current_book=248 elapsed=8012.24s
2026-04-12 02:45:12,680 - INFO - 开始抓正文: book_id=249 title=洪荒之罗睺问道 pending=812
2026-04-12 02:45:24,177 - INFO - 正文章节进度: 262000/9554851 success=262000 failure=0 current_book=249 elapsed=8037.51s
2026-04-12 02:45:32,867 - INFO - 开始抓正文: book_id=250 title=大清贵人 pending=692
2026-04-12 02:45:49,468 - INFO - 正文章节进度: 263000/9554851 success=263000 failure=0 current_book=250 elapsed=8062.80s
2026-04-12 02:45:50,358 - INFO - 开始抓正文: book_id=251 title=系统的超级宗门 pending=1366
2026-04-12 02:46:14,908 - INFO - 正文章节进度: 264000/9554851 success=264000 failure=0 current_book=251 elapsed=8088.24s
2026-04-12 02:46:25,277 - INFO - 开始抓正文: book_id=252 title=重生南非当警察 pending=2734
2026-04-12 02:46:40,461 - INFO - 正文章节进度: 265000/9554851 success=265000 failure=0 current_book=252 elapsed=8113.79s
2026-04-12 02:47:05,189 - WARNING - 请求失败，稍后重试: url=https://apibi.cc/api/chapter?id=252&chapterid=799 attempt=1/5 error=HTTP Error 522: <none>
2026-04-12 02:47:33,205 - WARNING - 请求失败，稍后重试: url=https://apibi.cc/api/chapter?id=252&chapterid=860 attempt=1/5 error=The read operation timed out
2026-04-12 02:47:34,763 - WARNING - 请求失败，稍后重试: url=https://apibi.cc/api/chapter?id=252&chapterid=863 attempt=1/5 error=The read operation timed out
2026-04-12 02:48:04,114 - WARNING - 请求失败，稍后重试: url=https://apibi.cc/api/chapter?id=252&chapterid=1148 attempt=1/5 error=HTTP Error 522: <none>
2026-04-12 02:48:35,326 - INFO - 正文章节进度: 266000/9554851 success=266000 failure=0 current_book=252 elapsed=8228.65s
2026-04-12 02:49:02,395 - INFO - 正文章节进度: 267000/9554851 success=267000 failure=0 current_book=252 elapsed=8255.72s
2026-04-12 02:49:06,235 - INFO - 开始抓正文: book_id=253 title=网游之金刚不坏 pending=1152
2026-04-12 02:49:28,628 - INFO - 正文章节进度: 268000/9554851 success=268000 failure=0 current_book=253 elapsed=8281.96s
2026-04-12 02:49:35,957 - INFO - 开始抓正文: book_id=254 title=仙宫 pending=2269
2026-04-12 02:49:54,178 - INFO - 正文章节进度: 269000/9554851 success=269000 failure=0 current_book=254 elapsed=8307.51s
2026-04-12 02:50:20,117 - INFO - 正文章节进度: 270000/9554851 success=270000 failure=0 current_book=254 elapsed=8333.44s
2026-04-12 02:50:34,364 - INFO - 开始抓正文: book_id=255 title=南山隐 pending=298
2026-04-12 02:50:42,272 - INFO - 开始抓正文: book_id=256 title=天启预报 pending=1662
2026-04-12 02:50:46,022 - INFO - 正文章节进度: 271000/9554851 success=271000 failure=0 current_book=256 elapsed=8359.35s
2026-04-12 02:51:11,340 - INFO - 正文章节进度: 272000/9554851 success=272000 failure=0 current_book=256 elapsed=8384.67s
2026-04-12 02:51:24,465 - INFO - 开始抓正文: book_id=257 title=奶爸圣骑士 pending=704
2026-04-12 02:51:36,528 - INFO - 正文章节进度: 273000/9554851 success=273000 failure=0 current_book=257 elapsed=8409.86s
2026-04-12 02:51:42,216 - INFO - 开始抓正文: book_id=258 title=诸天之最强BOSS pending=1078
2026-04-12 02:52:01,959 - INFO - 正文章节进度: 274000/9554851 success=274000 failure=0 current_book=258 elapsed=8435.29s
2026-04-12 02:52:09,786 - INFO - 开始抓正文: book_id=259 title=重生之独步江湖 pending=1074
2026-04-12 02:52:27,218 - INFO - 正文章节进度: 275000/9554851 success=275000 failure=0 current_book=259 elapsed=8460.55s
2026-04-12 02:52:36,720 - INFO - 开始抓正文: book_id=260 title=高武27世纪 pending=712
2026-04-12 02:52:53,133 - INFO - 正文章节进度: 276000/9554851 success=276000 failure=0 current_book=260 elapsed=8486.46s
2026-04-12 02:52:55,408 - INFO - 正文书籍进度: 260/10000 chapters=276089/9554851 elapsed=8488.74s
2026-04-12 02:52:55,411 - INFO - 开始抓正文: book_id=261 title=外挂傍身的杂草 pending=890
2026-04-12 02:53:18,056 - INFO - 开始抓正文: book_id=262 title=我真要逆天啦 pending=1822
2026-04-12 02:53:18,823 - INFO - 正文章节进度: 277000/9554851 success=277000 failure=0 current_book=262 elapsed=8512.15s
2026-04-12 02:53:44,058 - INFO - 正文章节进度: 278000/9554851 success=278000 failure=0 current_book=262 elapsed=8537.39s
2026-04-12 02:54:04,899 - INFO - 开始抓正文: book_id=263 title=问道红尘 pending=1189
2026-04-12 02:54:09,981 - INFO - 正文章节进度: 279000/9554851 success=279000 failure=0 current_book=263 elapsed=8563.31s
2026-04-12 02:54:34,639 - INFO - 开始抓正文: book_id=265 title=尚书大人易折腰 pending=755
2026-04-12 02:54:35,135 - INFO - 正文章节进度: 280000/9554851 success=280000 failure=0 current_book=265 elapsed=8588.46s
2026-04-12 02:54:53,893 - INFO - 开始抓正文: book_id=266 title=我夺舍了魔皇 pending=764
2026-04-12 02:55:00,577 - INFO - 正文章节进度: 281000/9554851 success=281000 failure=0 current_book=266 elapsed=8613.91s
2026-04-12 02:55:27,705 - WARNING - 请求失败，稍后重试: url=https://apibi.cc/api/chapter?id=266&chapterid=554 attempt=1/5 error=HTTP Error 522: <none>
2026-04-12 02:55:45,842 - INFO - 开始抓正文: book_id=267 title=神圣罗马帝国 pending=1192
2026-04-12 02:56:08,903 - WARNING - 请求失败，稍后重试: url=https://apibi.cc/api/chapter?id=267&chapterid=132 attempt=1/5 error=HTTP Error 522: <none>
2026-04-12 02:56:30,648 - INFO - 正文章节进度: 282000/9554851 success=282000 failure=0 current_book=267 elapsed=8703.98s
2026-04-12 02:56:54,471 - WARNING - 请求失败，稍后重试: url=https://apibi.cc/api/chapter?id=267&chapterid=658 attempt=1/5 error=HTTP Error 522: <none>
2026-04-12 02:57:21,321 - WARNING - 请求失败，稍后重试: url=https://apibi.cc/api/chapter?id=267&chapterid=733 attempt=1/5 error=The read operation timed out
2026-04-12 02:57:35,412 - INFO - 开始抓正文: book_id=268 title=我想当巨星 pending=1259
2026-04-12 02:57:44,079 - INFO - 正文章节进度: 283000/9554851 success=283000 failure=0 current_book=268 elapsed=8777.41s
2026-04-12 02:58:09,839 - INFO - 开始抓正文: book_id=269 title=暗月纪元 pending=797
2026-04-12 02:58:11,009 - INFO - 正文章节进度: 284000/9554851 success=284000 failure=0 current_book=269 elapsed=8804.34s
2026-04-12 02:58:30,609 - INFO - 开始抓正文: book_id=270 title=我真没想出名啊 pending=1051
2026-04-12 02:58:37,097 - INFO - 正文章节进度: 285000/9554851 success=285000 failure=0 current_book=270 elapsed=8830.43s
2026-04-12 02:58:57,386 - INFO - 开始抓正文: book_id=271 title=我是传奇BOSS pending=713
2026-04-12 02:59:02,353 - INFO - 正文章节进度: 286000/9554851 success=286000 failure=0 current_book=271 elapsed=8855.68s
2026-04-12 02:59:15,737 - INFO - 开始抓正文: book_id=272 title=我在异界是个神 pending=795
2026-04-12 02:59:27,819 - INFO - 正文章节进度: 287000/9554851 success=287000 failure=0 current_book=272 elapsed=8881.15s
2026-04-12 02:59:36,020 - INFO - 开始抓正文: book_id=273 title=抢救大明朝 pending=2316
2026-04-12 02:59:53,398 - INFO - 正文章节进度: 288000/9554851 success=288000 failure=0 current_book=273 elapsed=8906.73s
2026-04-12 03:00:19,113 - INFO - 正文章节进度: 289000/9554851 success=289000 failure=0 current_book=273 elapsed=8932.44s
2026-04-12 03:00:49,242 - WARNING - 请求失败，稍后重试: url=https://apibi.cc/api/chapter?id=273&chapterid=2132 attempt=1/5 error=HTTP Error 522: <none>
2026-04-12 03:01:05,109 - INFO - 开始抓正文: book_id=274 title=寻唐 pending=1385
2026-04-12 03:01:15,027 - INFO - 正文章节进度: 290000/9554851 success=290000 failure=0 current_book=274 elapsed=8988.36s
2026-04-12 03:01:41,018 - INFO - 正文章节进度: 291000/9554851 success=291000 failure=0 current_book=274 elapsed=9014.35s
2026-04-12 03:01:41,486 - INFO - 开始抓正文: book_id=275 title=海贼之黑暗大将 pending=776
2026-04-12 03:02:01,322 - INFO - 开始抓正文: book_id=276 title=明日之劫 pending=1206
2026-04-12 03:02:06,562 - INFO - 正文章节进度: 292000/9554851 success=292000 failure=0 current_book=276 elapsed=9039.89s
2026-04-12 03:02:32,083 - INFO - 开始抓正文: book_id=277 title=齐欢 pending=790
2026-04-12 03:02:32,404 - INFO - 正文章节进度: 293000/9554851 success=293000 failure=0 current_book=277 elapsed=9065.73s
2026-04-12 03:02:52,137 - INFO - 开始抓正文: book_id=278 title=地球第一剑 pending=805
2026-04-12 03:02:57,513 - INFO - 正文章节进度: 294000/9554851 success=294000 failure=0 current_book=278 elapsed=9090.84s
2026-04-12 03:03:12,688 - INFO - 开始抓正文: book_id=279 title=重生之激荡年华 pending=764
2026-04-12 03:03:23,316 - INFO - 正文章节进度: 295000/9554851 success=295000 failure=0 current_book=279 elapsed=9116.64s
2026-04-12 03:03:32,151 - INFO - 开始抓正文: book_id=280 title=归向 pending=741
2026-04-12 03:03:48,665 - INFO - 正文章节进度: 296000/9554851 success=296000 failure=0 current_book=280 elapsed=9141.99s
2026-04-12 03:03:51,308 - INFO - 正文书籍进度: 280/10000 chapters=296099/9554851 elapsed=9144.64s
2026-04-12 03:03:51,310 - INFO - 开始抓正文: book_id=281 title=同时穿越了99个世界 pending=871
2026-04-12 03:04:13,079 - INFO - 开始抓正文: book_id=282 title=转生眼中的火影世界 pending=1462
2026-04-12 03:04:14,032 - INFO - 正文章节进度: 297000/9554851 success=297000 failure=0 current_book=282 elapsed=9167.36s
2026-04-12 03:04:46,740 - INFO - 正文章节进度: 298000/9554851 success=298000 failure=0 current_book=282 elapsed=9200.07s
2026-04-12 03:04:57,575 - INFO - 开始抓正文: book_id=283 title=手术直播间 pending=3047
2026-04-12 03:05:11,906 - INFO - 正文章节进度: 299000/9554851 success=299000 failure=0 current_book=283 elapsed=9225.23s
2026-04-12 03:05:37,220 - INFO - 正文章节进度: 300000/9554851 success=300000 failure=0 current_book=283 elapsed=9250.55s
2026-04-12 03:06:02,049 - INFO - 正文章节进度: 301000/9554851 success=301000 failure=0 current_book=283 elapsed=9275.38s
2026-04-12 03:06:14,566 - INFO - 开始抓正文: book_id=284 title=生活系游戏 pending=932
2026-04-12 03:06:27,736 - INFO - 正文章节进度: 302000/9554851 success=302000 failure=0 current_book=284 elapsed=9301.06s
2026-04-12 03:06:37,907 - INFO - 开始抓正文: book_id=285 title=我师叔是林正英 pending=257
2026-04-12 03:06:44,682 - INFO - 开始抓正文: book_id=286 title=离天大圣 pending=1101
2026-04-12 03:06:52,988 - INFO - 正文章节进度: 303000/9554851 success=303000 failure=0 current_book=286 elapsed=9326.32s
2026-04-12 03:07:12,865 - INFO - 开始抓正文: book_id=287 title=召唤梦魇 pending=920
2026-04-12 03:07:18,589 - INFO - 正文章节进度: 304000/9554851 success=304000 failure=0 current_book=287 elapsed=9351.92s
2026-04-12 03:07:36,225 - INFO - 开始抓正文: book_id=288 title=文娱帝国 pending=915
2026-04-12 03:07:44,170 - INFO - 正文章节进度: 305000/9554851 success=305000 failure=0 current_book=288 elapsed=9377.50s
2026-04-12 03:07:59,385 - INFO - 开始抓正文: book_id=289 title=异界召唤之千古群雄 pending=1687
2026-04-12 03:08:09,603 - INFO - 正文章节进度: 306000/9554851 success=306000 failure=0 current_book=289 elapsed=9402.93s
2026-04-12 03:08:34,541 - INFO - 正文章节进度: 307000/9554851 success=307000 failure=0 current_book=289 elapsed=9427.87s
2026-04-12 03:08:41,880 - INFO - 开始抓正文: book_id=290 title=长生种 pending=1136
2026-04-12 03:09:00,015 - INFO - 正文章节进度: 308000/9554851 success=308000 failure=0 current_book=290 elapsed=9453.34s
2026-04-12 03:09:25,557 - WARNING - 请求失败，稍后重试: url=https://apibi.cc/api/chapter?id=290&chapterid=945 attempt=1/5 error=HTTP Error 522: <none>
2026-04-12 03:09:38,938 - INFO - 开始抓正文: book_id=291 title=大唐第一狠人 pending=473
2026-04-12 03:09:51,640 - INFO - 开始抓正文: book_id=292 title=神道复苏 pending=791
2026-04-12 03:09:54,237 - INFO - 正文章节进度: 309000/9554851 success=309000 failure=0 current_book=292 elapsed=9507.56s
2026-04-12 03:10:12,526 - INFO - 开始抓正文: book_id=293 title=联盟之佣兵系统 pending=1228
2026-04-12 03:10:20,500 - INFO - 正文章节进度: 310000/9554851 success=310000 failure=0 current_book=293 elapsed=9533.83s
2026-04-12 03:10:44,040 - INFO - 开始抓正文: book_id=294 title=芝加哥1990 pending=1592
2026-04-12 03:10:46,152 - INFO - 正文章节进度: 311000/9554851 success=311000 failure=0 current_book=294 elapsed=9559.48s
2026-04-12 03:11:11,808 - INFO - 正文章节进度: 312000/9554851 success=312000 failure=0 current_book=294 elapsed=9585.14s
2026-04-12 03:11:24,626 - INFO - 开始抓正文: book_id=295 title=万古最强宗 pending=2012
2026-04-12 03:11:37,369 - INFO - 正文章节进度: 313000/9554851 success=313000 failure=0 current_book=295 elapsed=9610.70s
2026-04-12 03:12:02,748 - INFO - 正文章节进度: 314000/9554851 success=314000 failure=0 current_book=295 elapsed=9636.08s
2026-04-12 03:12:16,089 - INFO - 开始抓正文: book_id=296 title=随身带个狩猎空间 pending=1349
2026-04-12 03:12:27,998 - INFO - 正文章节进度: 315000/9554851 success=315000 failure=0 current_book=296 elapsed=9661.33s
2026-04-12 03:13:04,692 - WARNING - 请求失败，稍后重试: url=https://apibi.cc/api/chapter?id=296&chapterid=1173 attempt=1/5 error=HTTP Error 522: <none>
2026-04-12 03:13:34,955 - WARNING - 请求失败，稍后重试: url=https://apibi.cc/api/chapter?id=296&chapterid=1214 attempt=1/5 error=<urlopen error _ssl.c:1063: The handshake operation timed out>
2026-04-12 03:13:39,036 - INFO - 开始抓正文: book_id=297 title=诸天修道者 pending=583
2026-04-12 03:13:43,049 - INFO - 正文章节进度: 316000/9554851 success=316000 failure=0 current_book=297 elapsed=9736.38s
2026-04-12 03:13:55,560 - INFO - 开始抓正文: book_id=298 title=第一娇 pending=1058
2026-04-12 03:14:09,915 - INFO - 正文章节进度: 317000/9554851 success=317000 failure=0 current_book=298 elapsed=9763.24s
2026-04-12 03:14:22,889 - INFO - 开始抓正文: book_id=299 title=我是幕后大佬 pending=846
2026-04-12 03:14:35,576 - INFO - 正文章节进度: 318000/9554851 success=318000 failure=0 current_book=299 elapsed=9788.90s
2026-04-12 03:14:44,583 - INFO - 开始抓正文: book_id=300 title=喜上眉头 pending=951
2026-04-12 03:15:00,835 - INFO - 正文章节进度: 319000/9554851 success=319000 failure=0 current_book=300 elapsed=9814.16s
2026-04-12 03:15:08,489 - INFO - 正文书籍进度: 300/10000 chapters=319310/9554851 elapsed=9821.82s
2026-04-12 03:15:08,492 - INFO - 开始抓正文: book_id=301 title=我有一座冒险屋 pending=1242
2026-04-12 03:15:25,895 - INFO - 正文章节进度: 320000/9554851 success=320000 failure=0 current_book=301 elapsed=9839.22s
2026-04-12 03:15:40,276 - INFO - 开始抓正文: book_id=302 title=重生世纪之交 pending=873
2026-04-12 03:15:51,993 - INFO - 正文章节进度: 321000/9554851 success=321000 failure=0 current_book=302 elapsed=9865.32s
2026-04-12 03:16:03,157 - INFO - 开始抓正文: book_id=303 title=医路坦途 pending=2953
2026-04-12 03:16:17,551 - INFO - 正文章节进度: 322000/9554851 success=322000 failure=0 current_book=303 elapsed=9890.88s
2026-04-12 03:16:43,058 - INFO - 正文章节进度: 323000/9554851 success=323000 failure=0 current_book=303 elapsed=9916.39s
2026-04-12 03:17:10,152 - INFO - 正文章节进度: 324000/9554851 success=324000 failure=0 current_book=303 elapsed=9943.48s
2026-04-12 03:17:19,555 - INFO - 开始抓正文: book_id=304 title=诸天万界神龙系统 pending=2760
2026-04-12 03:17:35,184 - INFO - 正文章节进度: 325000/9554851 success=325000 failure=0 current_book=304 elapsed=9968.51s
2026-04-12 03:18:00,201 - INFO - 正文章节进度: 326000/9554851 success=326000 failure=0 current_book=304 elapsed=9993.53s
2026-04-12 03:18:25,632 - INFO - 正文章节进度: 327000/9554851 success=327000 failure=0 current_book=304 elapsed=10018.96s
2026-04-12 03:18:29,000 - INFO - 开始抓正文: book_id=305 title=穹顶之上 pending=1004
2026-04-12 03:18:50,981 - INFO - 正文章节进度: 328000/9554851 success=328000 failure=0 current_book=305 elapsed=10044.31s
2026-04-12 03:18:54,620 - INFO - 开始抓正文: book_id=306 title=剑徒之路 pending=2342
2026-04-12 03:19:16,152 - INFO - 正文章节进度: 329000/9554851 success=329000 failure=0 current_book=306 elapsed=10069.48s
2026-04-12 03:19:41,328 - INFO - 正文章节进度: 330000/9554851 success=330000 failure=0 current_book=306 elapsed=10094.66s
2026-04-12 03:20:09,654 - WARNING - 请求失败，稍后重试: url=https://apibi.cc/api/chapter?id=306&chapterid=2208 attempt=1/5 error=HTTP Error 522: <none>
2026-04-12 03:20:20,310 - INFO - 开始抓正文: book_id=307 title=会穿越的道观 pending=838
2026-04-12 03:20:34,157 - INFO - 正文章节进度: 331000/9554851 success=331000 failure=0 current_book=307 elapsed=10147.48s
2026-04-12 03:20:42,380 - INFO - 开始抓正文: book_id=308 title=斗罗大陆外传唐门英雄传 pending=92
2026-04-12 03:20:44,969 - INFO - 开始抓正文: book_id=309 title=重生女修仙传 pending=826
2026-04-12 03:20:59,909 - INFO - 正文章节进度: 332000/9554851 success=332000 failure=0 current_book=309 elapsed=10173.24s
2026-04-12 03:21:06,241 - INFO - 开始抓正文: book_id=310 title=北宋大丈夫 pending=1909
2026-04-12 03:21:25,748 - INFO - 正文章节进度: 333000/9554851 success=333000 failure=0 current_book=310 elapsed=10199.08s
2026-04-12 03:21:58,708 - WARNING - 请求失败，稍后重试: url=https://apibi.cc/api/chapter?id=310&chapterid=1299 attempt=1/5 error=HTTP Error 522: <none>
2026-04-12 03:22:35,584 - WARNING - 请求失败，稍后重试: url=https://apibi.cc/api/chapter?id=310&chapterid=1674 attempt=1/5 error=HTTP Error 522: <none>
2026-04-12 03:22:45,460 - INFO - 正文章节进度: 334000/9554851 success=334000 failure=0 current_book=310 elapsed=10278.79s
2026-04-12 03:23:05,270 - WARNING - 请求失败，稍后重试: url=https://apibi.cc/api/chapter?id=310&chapterid=1785 attempt=1/5 error=HTTP Error 522: <none>
2026-04-12 03:23:16,690 - INFO - 开始抓正文: book_id=311 title=这个地球有点凶 pending=1285
2026-04-12 03:23:40,747 - INFO - 正文章节进度: 335000/9554851 success=335000 failure=0 current_book=311 elapsed=10334.08s
2026-04-12 03:23:53,356 - INFO - 开始抓正文: book_id=312 title=九星毒奶 pending=1275
2026-04-12 03:24:08,219 - INFO - 正文章节进度: 336000/9554851 success=336000 failure=0 current_book=312 elapsed=10361.55s
2026-04-12 03:24:26,397 - INFO - 开始抓正文: book_id=313 title=舌尖上的霍格沃茨 pending=1329
2026-04-12 03:24:33,952 - INFO - 正文章节进度: 337000/9554851 success=337000 failure=0 current_book=313 elapsed=10387.28s
2026-04-12 03:24:52,554 - WARNING - 请求失败，稍后重试: url=https://apibi.cc/api/chapter?id=313&chapterid=273 attempt=1/5 error=HTTP Error 522: <none>
2026-04-12 03:25:24,170 - INFO - 正文章节进度: 338000/9554851 success=338000 failure=0 current_book=313 elapsed=10437.50s
2026-04-12 03:25:25,565 - INFO - 开始抓正文: book_id=314 title=天阿降临 pending=1555
2026-04-12 03:25:50,808 - INFO - 正文章节进度: 339000/9554851 success=339000 failure=0 current_book=314 elapsed=10464.14s
2026-04-12 03:26:05,310 - INFO - 开始抓正文: book_id=315 title=青梅仙道 pending=993
2026-04-12 03:26:16,007 - INFO - 正文章节进度: 340000/9554851 success=340000 failure=0 current_book=315 elapsed=10489.33s
2026-04-12 03:26:30,798 - INFO - 开始抓正文: book_id=316 title=绝代名师 pending=1344
2026-04-12 03:26:41,437 - INFO - 正文章节进度: 341000/9554851 success=341000 failure=0 current_book=316 elapsed=10514.77s
2026-04-12 03:27:05,276 - INFO - 开始抓正文: book_id=317 title=我的奶爸人生 pending=1115
2026-04-12 03:27:07,047 - INFO - 正文章节进度: 342000/9554851 success=342000 failure=0 current_book=317 elapsed=10540.38s
2026-04-12 03:27:32,303 - INFO - 正文章节进度: 343000/9554851 success=343000 failure=0 current_book=317 elapsed=10565.63s
2026-04-12 03:27:33,784 - INFO - 开始抓正文: book_id=318 title=最佳娱乐时代 pending=1151
2026-04-12 03:27:58,265 - INFO - 正文章节进度: 344000/9554851 success=344000 failure=0 current_book=318 elapsed=10591.59s
2026-04-12 03:28:03,416 - INFO - 开始抓正文: book_id=319 title=同桌凶猛 pending=271
2026-04-12 03:28:10,924 - INFO - 开始抓正文: book_id=320 title=映照万界 pending=1231
2026-04-12 03:28:24,487 - INFO - 正文章节进度: 345000/9554851 success=345000 failure=0 current_book=320 elapsed=10617.82s
2026-04-12 03:28:42,083 - INFO - 正文书籍进度: 320/10000 chapters=345698/9554851 elapsed=10635.41s
2026-04-12 03:28:42,085 - INFO - 开始抓正文: book_id=321 title=超神制卡师 pending=821
2026-04-12 03:28:49,658 - INFO - 正文章节进度: 346000/9554851 success=346000 failure=0 current_book=321 elapsed=10642.99s
2026-04-12 03:29:09,062 - WARNING - 请求失败，稍后重试: url=https://apibi.cc/api/chapter?id=321&chapterid=306 attempt=1/5 error=HTTP Error 522: <none>
2026-04-12 03:29:29,855 - INFO - 开始抓正文: book_id=322 title=地球穿越时代 pending=2249
2026-04-12 03:29:42,676 - INFO - 正文章节进度: 347000/9554851 success=347000 failure=0 current_book=322 elapsed=10696.00s
2026-04-12 03:30:08,573 - INFO - 正文章节进度: 348000/9554851 success=348000 failure=0 current_book=322 elapsed=10721.90s
2026-04-12 03:30:27,938 - INFO - 开始抓正文: book_id=323 title=我家后门通洪荒 pending=1025
2026-04-12 03:30:33,662 - INFO - 正文章节进度: 349000/9554851 success=349000 failure=0 current_book=323 elapsed=10746.99s
2026-04-12 03:30:53,666 - INFO - 开始抓正文: book_id=324 title=重生商纣王 pending=783
2026-04-12 03:30:58,888 - INFO - 正文章节进度: 350000/9554851 success=350000 failure=0 current_book=324 elapsed=10772.22s
2026-04-12 03:31:13,753 - INFO - 开始抓正文: book_id=325 title=开天录 pending=1129
2026-04-12 03:31:24,598 - INFO - 正文章节进度: 351000/9554851 success=351000 failure=0 current_book=325 elapsed=10797.93s
2026-04-12 03:31:42,354 - INFO - 开始抓正文: book_id=326 title=汉当更强 pending=550
2026-04-12 03:31:50,028 - INFO - 正文章节进度: 352000/9554851 success=352000 failure=0 current_book=326 elapsed=10823.36s
2026-04-12 03:31:56,378 - INFO - 开始抓正文: book_id=327 title=灵气逼人 pending=1023
2026-04-12 03:32:15,688 - INFO - 正文章节进度: 353000/9554851 success=353000 failure=0 current_book=327 elapsed=10849.02s
2026-04-12 03:32:23,063 - INFO - 开始抓正文: book_id=328 title=拜师九叔 pending=1524
2026-04-12 03:32:41,432 - INFO - 正文章节进度: 354000/9554851 success=354000 failure=0 current_book=328 elapsed=10874.76s
2026-04-12 03:33:01,323 - INFO - 开始抓正文: book_id=329 title=金鳞 pending=1618
2026-04-12 03:33:06,355 - INFO - 正文章节进度: 355000/9554851 success=355000 failure=0 current_book=329 elapsed=10899.68s
2026-04-12 03:33:31,624 - INFO - 正文章节进度: 356000/9554851 success=356000 failure=0 current_book=329 elapsed=10924.95s
2026-04-12 03:33:42,644 - INFO - 开始抓正文: book_id=330 title=诸天最强大佬 pending=1530
2026-04-12 03:33:57,522 - INFO - 正文章节进度: 357000/9554851 success=357000 failure=0 current_book=330 elapsed=10950.85s
2026-04-12 03:34:44,939 - WARNING - 请求失败，稍后重试: url=https://apibi.cc/api/chapter?id=330&chapterid=1447 attempt=1/5 error=HTTP Error 522: <none>
2026-04-12 03:34:50,909 - INFO - 开始抓正文: book_id=331 title=影视世界旅行家 pending=1892
2026-04-12 03:34:54,291 - INFO - 正文章节进度: 358000/9554851 success=358000 failure=0 current_book=331 elapsed=11007.62s
2026-04-12 03:35:21,170 - INFO - 正文章节进度: 359000/9554851 success=359000 failure=0 current_book=331 elapsed=11034.50s
2026-04-12 03:35:43,271 - INFO - 开始抓正文: book_id=332 title=大龟甲师 pending=179
2026-04-12 03:35:47,632 - INFO - 正文章节进度: 360000/9554851 success=360000 failure=0 current_book=332 elapsed=11060.96s
2026-04-12 03:35:48,142 - INFO - 开始抓正文: book_id=333 title=修罗帝尊 pending=1659
2026-04-12 03:36:13,397 - INFO - 正文章节进度: 361000/9554851 success=361000 failure=0 current_book=333 elapsed=11086.73s
2026-04-12 03:36:30,619 - INFO - 开始抓正文: book_id=334 title=谍影风云 pending=1307
2026-04-12 03:36:38,822 - INFO - 正文章节进度: 362000/9554851 success=362000 failure=0 current_book=334 elapsed=11112.15s
2026-04-12 03:37:03,682 - INFO - 开始抓正文: book_id=335 title=逆转重生1990 pending=1464
2026-04-12 03:37:04,298 - INFO - 正文章节进度: 363000/9554851 success=363000 failure=0 current_book=335 elapsed=11137.63s
2026-04-12 03:37:29,444 - INFO - 正文章节进度: 364000/9554851 success=364000 failure=0 current_book=335 elapsed=11162.77s
2026-04-12 03:37:40,838 - INFO - 开始抓正文: book_id=336 title=黄庭道主 pending=813
2026-04-12 03:37:54,660 - INFO - 正文章节进度: 365000/9554851 success=365000 failure=0 current_book=336 elapsed=11187.99s
2026-04-12 03:38:01,321 - INFO - 开始抓正文: book_id=337 title=封神问道行 pending=1113
2026-04-12 03:38:20,447 - INFO - 正文章节进度: 366000/9554851 success=366000 failure=0 current_book=337 elapsed=11213.78s
2026-04-12 03:38:30,260 - INFO - 开始抓正文: book_id=338 title=明日传奇 pending=1260
2026-04-12 03:38:46,284 - INFO - 正文章节进度: 367000/9554851 success=367000 failure=0 current_book=338 elapsed=11239.61s
2026-04-12 03:39:02,382 - INFO - 开始抓正文: book_id=339 title=超级锋暴 pending=1670
2026-04-12 03:39:11,869 - INFO - 正文章节进度: 368000/9554851 success=368000 failure=0 current_book=339 elapsed=11265.20s
2026-04-12 03:39:36,902 - INFO - 正文章节进度: 369000/9554851 success=369000 failure=0 current_book=339 elapsed=11290.23s
2026-04-12 03:39:44,765 - INFO - 开始抓正文: book_id=340 title=神农别闹 pending=799
2026-04-12 03:40:02,141 - INFO - 正文章节进度: 370000/9554851 success=370000 failure=0 current_book=340 elapsed=11315.47s
2026-04-12 03:40:04,789 - INFO - 正文书籍进度: 340/10000 chapters=370106/9554851 elapsed=11318.12s
2026-04-12 03:40:04,794 - INFO - 开始抓正文: book_id=341 title=神秘复苏 pending=1614
2026-04-12 03:40:27,572 - INFO - 正文章节进度: 371000/9554851 success=371000 failure=0 current_book=341 elapsed=11340.90s
2026-04-12 03:40:45,747 - INFO - 开始抓正文: book_id=342 title=奇迹的召唤师 pending=2610
2026-04-12 03:40:52,953 - INFO - 正文章节进度: 372000/9554851 success=372000 failure=0 current_book=342 elapsed=11366.28s
2026-04-12 03:41:18,642 - INFO - 正文章节进度: 373000/9554851 success=373000 failure=0 current_book=342 elapsed=11391.97s
2026-04-12 03:41:43,894 - INFO - 正文章节进度: 374000/9554851 success=374000 failure=0 current_book=342 elapsed=11417.22s
2026-04-12 03:41:52,367 - INFO - 开始抓正文: book_id=343 title=武侠之神级捕快 pending=1235
2026-04-12 03:42:09,590 - INFO - 正文章节进度: 375000/9554851 success=375000 failure=0 current_book=343 elapsed=11442.92s
2026-04-12 03:42:23,829 - INFO - 开始抓正文: book_id=344 title=我的女友是恶女 pending=488
2026-04-12 03:42:34,726 - INFO - 正文章节进度: 376000/9554851 success=376000 failure=0 current_book=344 elapsed=11468.05s
2026-04-12 03:42:36,372 - INFO - 开始抓正文: book_id=345 title=系统让我去算命 pending=910
2026-04-12 03:42:59,379 - INFO - 开始抓正文: book_id=346 title=快穿 pending=252
2026-04-12 03:43:00,430 - INFO - 正文章节进度: 377000/9554851 success=377000 failure=0 current_book=346 elapsed=11493.76s
2026-04-12 03:43:05,989 - INFO - 开始抓正文: book_id=347 title=全球高武 pending=1438
2026-04-12 03:43:26,226 - INFO - 正文章节进度: 378000/9554851 success=378000 failure=0 current_book=347 elapsed=11519.55s
2026-04-12 03:43:43,089 - INFO - 开始抓正文: book_id=348 title=妖神记 pending=484
2026-04-12 03:43:51,788 - INFO - 正文章节进度: 379000/9554851 success=379000 failure=0 current_book=348 elapsed=11545.12s
2026-04-12 03:43:55,699 - INFO - 开始抓正文: book_id=349 title=金庸绝学异世横行 pending=2245
2026-04-12 03:44:17,771 - INFO - 正文章节进度: 380000/9554851 success=380000 failure=0 current_book=349 elapsed=11571.10s
2026-04-12 03:44:42,767 - INFO - 正文章节进度: 381000/9554851 success=381000 failure=0 current_book=349 elapsed=11596.10s
2026-04-12 03:44:52,486 - INFO - 开始抓正文: book_id=350 title=这个明星来自地球 pending=747
2026-04-12 03:45:08,267 - INFO - 正文章节进度: 382000/9554851 success=382000 failure=0 current_book=350 elapsed=11621.60s
2026-04-12 03:45:11,467 - INFO - 开始抓正文: book_id=351 title=寒天帝 pending=1429
2026-04-12 03:45:33,339 - INFO - 正文章节进度: 383000/9554851 success=383000 failure=0 current_book=351 elapsed=11646.67s
2026-04-12 03:45:47,179 - INFO - 开始抓正文: book_id=352 title=小世界其乐无穷 pending=882
2026-04-12 03:45:58,160 - INFO - 正文章节进度: 384000/9554851 success=384000 failure=0 current_book=352 elapsed=11671.49s
2026-04-12 03:46:09,635 - INFO - 开始抓正文: book_id=353 title=六宫凤华 pending=1195
2026-04-12 03:46:23,751 - INFO - 正文章节进度: 385000/9554851 success=385000 failure=0 current_book=353 elapsed=11697.08s
2026-04-12 03:46:39,396 - INFO - 开始抓正文: book_id=354 title=从姑获鸟开始 pending=777
2026-04-12 03:46:48,637 - INFO - 正文章节进度: 386000/9554851 success=386000 failure=0 current_book=354 elapsed=11721.96s
2026-04-12 03:46:58,934 - INFO - 开始抓正文: book_id=355 title=冥河传承 pending=967
2026-04-12 03:47:21,410 - WARNING - 请求失败，稍后重试: url=https://apibi.cc/api/chapter?id=355&chapterid=119 attempt=1/5 error=HTTP Error 522: <none>
2026-04-12 03:47:42,062 - INFO - 正文章节进度: 387000/9554851 success=387000 failure=0 current_book=355 elapsed=11775.39s
2026-04-12 03:47:59,299 - WARNING - 请求失败，稍后重试: url=https://apibi.cc/api/chapter?id=355&chapterid=501 attempt=1/5 error=HTTP Error 522: <none>
2026-04-12 03:48:18,191 - INFO - 开始抓正文: book_id=356 title=掌家小农女 pending=1461
2026-04-12 03:48:35,124 - INFO - 正文章节进度: 388000/9554851 success=388000 failure=0 current_book=356 elapsed=11828.45s
2026-04-12 03:48:57,182 - INFO - 开始抓正文: book_id=357 title=重生家中宝 pending=3258
2026-04-12 03:49:01,328 - INFO - 正文章节进度: 389000/9554851 success=389000 failure=0 current_book=357 elapsed=11854.66s
2026-04-12 03:49:26,845 - INFO - 正文章节进度: 390000/9554851 success=390000 failure=0 current_book=357 elapsed=11880.17s
2026-04-12 03:49:52,254 - INFO - 正文章节进度: 391000/9554851 success=391000 failure=0 current_book=357 elapsed=11905.58s
2026-04-12 03:50:18,043 - INFO - 正文章节进度: 392000/9554851 success=392000 failure=0 current_book=357 elapsed=11931.37s
2026-04-12 03:50:20,565 - INFO - 开始抓正文: book_id=358 title=雷霆 pending=854
2026-04-12 03:50:42,742 - INFO - 开始抓正文: book_id=359 title=我家娘子已黑化 pending=881
2026-04-12 03:50:44,177 - INFO - 正文章节进度: 393000/9554851 success=393000 failure=0 current_book=359 elapsed=11957.51s
2026-04-12 03:51:05,255 - INFO - 开始抓正文: book_id=360 title=我真的长生不老 pending=1122
2026-04-12 03:51:09,571 - INFO - 正文章节进度: 394000/9554851 success=394000 failure=0 current_book=360 elapsed=11982.90s
2026-04-12 03:51:33,887 - INFO - 正文书籍进度: 360/10000 chapters=394955/9554851 elapsed=12007.22s
2026-04-12 03:51:33,890 - INFO - 开始抓正文: book_id=361 title=欢喜记事 pending=1259
2026-04-12 03:51:35,162 - INFO - 正文章节进度: 395000/9554851 success=395000 failure=0 current_book=361 elapsed=12008.49s
2026-04-12 03:51:59,757 - INFO - 正文章节进度: 396000/9554851 success=396000 failure=0 current_book=361 elapsed=12033.08s
2026-04-12 03:52:05,212 - INFO - 开始抓正文: book_id=362 title=前方高能 pending=1170
2026-04-12 03:52:25,246 - INFO - 正文章节进度: 397000/9554851 success=397000 failure=0 current_book=362 elapsed=12058.57s
2026-04-12 03:52:34,880 - INFO - 开始抓正文: book_id=363 title=金玉良医 pending=728
2026-04-12 03:52:50,506 - INFO - 正文章节进度: 398000/9554851 success=398000 failure=0 current_book=363 elapsed=12083.83s
2026-04-12 03:52:53,442 - INFO - 开始抓正文: book_id=364 title=三寸人间 pending=1461
2026-04-12 03:53:15,810 - INFO - 正文章节进度: 399000/9554851 success=399000 failure=0 current_book=364 elapsed=12109.14s
2026-04-12 03:53:30,627 - INFO - 开始抓正文: book_id=365 title=天下第九 pending=1366
2026-04-12 03:53:41,356 - INFO - 正文章节进度: 400000/9554851 success=400000 failure=0 current_book=365 elapsed=12134.68s
2026-04-12 03:54:05,063 - INFO - 开始抓正文: book_id=366 title=房产大玩家 pending=1261
2026-04-12 03:54:06,720 - INFO - 正文章节进度: 401000/9554851 success=401000 failure=0 current_book=366 elapsed=12160.05s
2026-04-12 03:54:31,638 - INFO - 正文章节进度: 402000/9554851 success=402000 failure=0 current_book=366 elapsed=12184.97s
2026-04-12 03:54:36,816 - INFO - 开始抓正文: book_id=367 title=大医凌然 pending=1450
2026-04-12 03:54:57,150 - INFO - 正文章节进度: 403000/9554851 success=403000 failure=0 current_book=367 elapsed=12210.48s
2026-04-12 03:55:14,242 - INFO - 开始抓正文: book_id=368 title=如意小郎君 pending=993
2026-04-12 03:55:23,007 - INFO - 正文章节进度: 404000/9554851 success=404000 failure=0 current_book=368 elapsed=12236.34s
2026-04-12 03:55:39,701 - INFO - 开始抓正文: book_id=369 title=妖龙古帝 pending=7365
2026-04-12 03:55:48,791 - INFO - 正文章节进度: 405000/9554851 success=405000 failure=0 current_book=369 elapsed=12262.12s
2026-04-12 03:56:14,200 - INFO - 正文章节进度: 406000/9554851 success=406000 failure=0 current_book=369 elapsed=12287.53s
2026-04-12 03:56:39,619 - INFO - 正文章节进度: 407000/9554851 success=407000 failure=0 current_book=369 elapsed=12312.95s
2026-04-12 03:57:04,983 - INFO - 正文章节进度: 408000/9554851 success=408000 failure=0 current_book=369 elapsed=12338.31s
2026-04-12 03:57:30,445 - INFO - 正文章节进度: 409000/9554851 success=409000 failure=0 current_book=369 elapsed=12363.77s
2026-04-12 03:57:55,869 - INFO - 正文章节进度: 410000/9554851 success=410000 failure=0 current_book=369 elapsed=12389.20s
2026-04-12 03:58:21,976 - INFO - 正文章节进度: 411000/9554851 success=411000 failure=0 current_book=369 elapsed=12415.30s
2026-04-12 03:58:48,326 - INFO - 正文章节进度: 412000/9554851 success=412000 failure=0 current_book=369 elapsed=12441.65s
2026-04-12 03:58:48,655 - INFO - 开始抓正文: book_id=370 title=神宠进化 pending=853
2026-04-12 03:59:10,376 - INFO - 开始抓正文: book_id=371 title=三国之巅峰召唤 pending=2992
2026-04-12 03:59:14,357 - INFO - 正文章节进度: 413000/9554851 success=413000 failure=0 current_book=371 elapsed=12467.69s
2026-04-12 03:59:39,668 - INFO - 正文章节进度: 414000/9554851 success=414000 failure=0 current_book=371 elapsed=12493.00s
2026-04-12 04:00:04,669 - INFO - 正文章节进度: 415000/9554851 success=415000 failure=0 current_book=371 elapsed=12518.00s
2026-04-12 04:00:26,384 - INFO - 开始抓正文: book_id=372 title=暗黑破坏神之毁灭 pending=4146
2026-04-12 04:00:30,324 - INFO - 正文章节进度: 416000/9554851 success=416000 failure=0 current_book=372 elapsed=12543.65s
2026-04-12 04:00:56,292 - INFO - 正文章节进度: 417000/9554851 success=417000 failure=0 current_book=372 elapsed=12569.62s
2026-04-12 04:01:30,820 - WARNING - 请求失败，稍后重试: url=https://apibi.cc/api/chapter?id=372&chapterid=1746 attempt=1/5 error=HTTP Error 522: <none>
2026-04-12 04:01:50,333 - INFO - 正文章节进度: 418000/9554851 success=418000 failure=0 current_book=372 elapsed=12623.66s
2026-04-12 04:02:17,675 - INFO - 正文章节进度: 419000/9554851 success=419000 failure=0 current_book=372 elapsed=12651.00s
2026-04-12 04:02:43,640 - INFO - 开始抓正文: book_id=373 title=诸天投影 pending=1665
2026-04-12 04:02:43,945 - INFO - 正文章节进度: 420000/9554851 success=420000 failure=0 current_book=373 elapsed=12677.27s
2026-04-12 04:03:08,658 - INFO - 正文章节进度: 421000/9554851 success=421000 failure=0 current_book=373 elapsed=12701.99s
2026-04-12 04:03:25,442 - INFO - 开始抓正文: book_id=374 title=快穿之还愿人生路 pending=1802
2026-04-12 04:03:33,855 - INFO - 正文章节进度: 422000/9554851 success=422000 failure=0 current_book=374 elapsed=12727.18s
2026-04-12 04:03:59,254 - INFO - 正文章节进度: 423000/9554851 success=423000 failure=0 current_book=374 elapsed=12752.58s
2026-04-12 04:04:11,241 - INFO - 开始抓正文: book_id=375 title=奶爸的异界餐厅 pending=2505
2026-04-12 04:04:24,918 - INFO - 正文章节进度: 424000/9554851 success=424000 failure=0 current_book=375 elapsed=12778.25s
2026-04-12 04:04:33,352 - WARNING - 请求失败，稍后重试: url=https://apibi.cc/api/chapter?id=375&chapterid=631 attempt=1/5 error=<urlopen error [Errno 54] Connection reset by peer>
2026-04-12 04:04:57,605 - INFO - 正文章节进度: 425000/9554851 success=425000 failure=0 current_book=375 elapsed=12810.93s
2026-04-12 04:05:22,928 - INFO - 开始抓正文: book_id=376 title=非凡洪荒 pending=3442
2026-04-12 04:05:23,810 - INFO - 正文章节进度: 426000/9554851 success=426000 failure=0 current_book=376 elapsed=12837.14s
2026-04-12 04:05:49,145 - INFO - 正文章节进度: 427000/9554851 success=427000 failure=0 current_book=376 elapsed=12862.47s
2026-04-12 04:06:14,740 - INFO - 正文章节进度: 428000/9554851 success=428000 failure=0 current_book=376 elapsed=12888.07s
2026-04-12 04:06:40,790 - INFO - 正文章节进度: 429000/9554851 success=429000 failure=0 current_book=376 elapsed=12914.12s
2026-04-12 04:06:51,350 - INFO - 开始抓正文: book_id=377 title=武侠世界大穿越 pending=3005
2026-04-12 04:07:06,269 - INFO - 正文章节进度: 430000/9554851 success=430000 failure=0 current_book=377 elapsed=12939.60s
2026-04-12 04:07:34,115 - INFO - 正文章节进度: 431000/9554851 success=431000 failure=0 current_book=377 elapsed=12967.44s
2026-04-12 04:07:59,281 - INFO - 正文章节进度: 432000/9554851 success=432000 failure=0 current_book=377 elapsed=12992.61s
2026-04-12 04:08:10,329 - INFO - 开始抓正文: book_id=378 title=神门 pending=1118
2026-04-12 04:08:25,377 - INFO - 正文章节进度: 433000/9554851 success=433000 failure=0 current_book=378 elapsed=13018.71s
2026-04-12 04:08:41,764 - INFO - 开始抓正文: book_id=379 title=极品飞仙 pending=4637
2026-04-12 04:08:53,511 - INFO - 正文章节进度: 434000/9554851 success=434000 failure=0 current_book=379 elapsed=13046.84s
2026-04-12 04:09:19,023 - INFO - 正文章节进度: 435000/9554851 success=435000 failure=0 current_book=379 elapsed=13072.35s
2026-04-12 04:09:44,290 - INFO - 正文章节进度: 436000/9554851 success=436000 failure=0 current_book=379 elapsed=13097.62s
2026-04-12 04:10:09,492 - INFO - 正文章节进度: 437000/9554851 success=437000 failure=0 current_book=379 elapsed=13122.82s
2026-04-12 04:10:36,550 - WARNING - 请求失败，稍后重试: url=https://apibi.cc/api/chapter?id=379&chapterid=3764 attempt=1/5 error=HTTP Error 522: <none>
2026-04-12 04:11:00,440 - INFO - 正文章节进度: 438000/9554851 success=438000 failure=0 current_book=379 elapsed=13173.77s
2026-04-12 04:11:05,088 - INFO - 开始抓正文: book_id=380 title=修炼狂潮 pending=2560
2026-04-12 04:11:26,735 - INFO - 正文章节进度: 439000/9554851 success=439000 failure=0 current_book=380 elapsed=13200.06s
2026-04-12 04:11:54,444 - WARNING - 请求失败，稍后重试: url=https://apibi.cc/api/chapter?id=380&chapterid=1140 attempt=1/5 error=HTTP Error 522: <none>
2026-04-12 04:12:17,957 - INFO - 正文章节进度: 440000/9554851 success=440000 failure=0 current_book=380 elapsed=13251.28s
2026-04-12 04:12:37,300 - INFO - 正文书籍进度: 380/10000 chapters=440733/9554851 elapsed=13270.63s
2026-04-12 04:12:37,303 - INFO - 开始抓正文: book_id=381 title=万界天尊 pending=1582
2026-04-12 04:12:44,460 - INFO - 正文章节进度: 441000/9554851 success=441000 failure=0 current_book=381 elapsed=13277.79s
2026-04-12 04:13:09,783 - INFO - 正文章节进度: 442000/9554851 success=442000 failure=0 current_book=381 elapsed=13303.11s
2026-04-12 04:13:17,905 - INFO - 开始抓正文: book_id=382 title=赘婿 pending=1343
2026-04-12 04:13:34,960 - INFO - 正文章节进度: 443000/9554851 success=443000 failure=0 current_book=382 elapsed=13328.29s
2026-04-12 04:13:51,763 - INFO - 开始抓正文: book_id=383 title=裁决 pending=769
2026-04-12 04:14:00,415 - INFO - 正文章节进度: 444000/9554851 success=444000 failure=0 current_book=383 elapsed=13353.74s
2026-04-12 04:14:11,590 - INFO - 开始抓正文: book_id=384 title=天醒之路 pending=1073
2026-04-12 04:14:25,957 - INFO - 正文章节进度: 445000/9554851 success=445000 failure=0 current_book=384 elapsed=13379.28s
2026-04-12 04:14:38,175 - INFO - 开始抓正文: book_id=385 title=狂神刑天 pending=5179
2026-04-12 04:15:06,649 - WARNING - 请求失败，稍后重试: url=https://apibi.cc/api/chapter?id=385&chapterid=352 attempt=1/5 error=HTTP Error 522: <none>
2026-04-12 04:15:17,650 - INFO - 正文章节进度: 446000/9554851 success=446000 failure=0 current_book=385 elapsed=13430.98s
2026-04-12 04:15:43,921 - INFO - 正文章节进度: 447000/9554851 success=447000 failure=0 current_book=385 elapsed=13457.25s
2026-04-12 04:16:10,125 - INFO - 正文章节进度: 448000/9554851 success=448000 failure=0 current_book=385 elapsed=13483.45s
2026-04-12 04:16:35,841 - INFO - 正文章节进度: 449000/9554851 success=449000 failure=0 current_book=385 elapsed=13509.17s
2026-04-12 04:17:00,939 - INFO - 正文章节进度: 450000/9554851 success=450000 failure=0 current_book=385 elapsed=13534.27s
2026-04-12 04:17:18,826 - INFO - 开始抓正文: book_id=386 title=两界搬运工 pending=1330
2026-04-12 04:17:26,899 - INFO - 正文章节进度: 451000/9554851 success=451000 failure=0 current_book=386 elapsed=13560.23s
2026-04-12 04:17:52,371 - INFO - 正文章节进度: 452000/9554851 success=452000 failure=0 current_book=386 elapsed=13585.70s
2026-04-12 04:17:52,669 - INFO - 开始抓正文: book_id=387 title=无敌升级王 pending=6307
2026-04-12 04:18:16,081 - WARNING - 请求失败，稍后重试: url=https://apibi.cc/api/chapter?id=387&chapterid=150 attempt=1/5 error=HTTP Error 522: <none>
2026-04-12 04:18:45,845 - WARNING - 请求失败，稍后重试: url=https://apibi.cc/api/chapter?id=387&chapterid=402 attempt=1/5 error=HTTP Error 522: <none>
2026-04-12 04:18:46,805 - WARNING - 请求失败，稍后重试: url=https://apibi.cc/api/chapter?id=387&chapterid=449 attempt=1/5 error=HTTP Error 522: <none>
2026-04-12 04:19:16,739 - WARNING - 请求失败，稍后重试: url=https://apibi.cc/api/chapter?id=387&chapterid=624 attempt=1/5 error=HTTP Error 522: <none>
2026-04-12 04:19:30,728 - INFO - 正文章节进度: 453000/9554851 success=453000 failure=0 current_book=387 elapsed=13684.06s
2026-04-12 04:19:57,695 - INFO - 正文章节进度: 454000/9554851 success=454000 failure=0 current_book=387 elapsed=13711.02s
2026-04-12 04:20:23,782 - INFO - 正文章节进度: 455000/9554851 success=455000 failure=0 current_book=387 elapsed=13737.11s
2026-04-12 04:20:49,850 - INFO - 正文章节进度: 456000/9554851 success=456000 failure=0 current_book=387 elapsed=13763.18s
2026-04-12 04:21:15,557 - INFO - 正文章节进度: 457000/9554851 success=457000 failure=0 current_book=387 elapsed=13788.88s
2026-04-12 04:21:40,986 - INFO - 正文章节进度: 458000/9554851 success=458000 failure=0 current_book=387 elapsed=13814.31s
2026-04-12 04:21:49,395 - INFO - 开始抓正文: book_id=388 title=超级仙学院 pending=2065
2026-04-12 04:22:06,640 - INFO - 正文章节进度: 459000/9554851 success=459000 failure=0 current_book=388 elapsed=13839.97s
2026-04-12 04:22:32,494 - INFO - 正文章节进度: 460000/9554851 success=460000 failure=0 current_book=388 elapsed=13865.82s
2026-04-12 04:22:42,159 - INFO - 开始抓正文: book_id=389 title=末日轮盘 pending=2739
2026-04-12 04:22:57,855 - INFO - 正文章节进度: 461000/9554851 success=461000 failure=0 current_book=389 elapsed=13891.18s
2026-04-12 04:23:22,936 - INFO - 正文章节进度: 462000/9554851 success=462000 failure=0 current_book=389 elapsed=13916.26s
2026-04-12 04:23:48,102 - INFO - 正文章节进度: 463000/9554851 success=463000 failure=0 current_book=389 elapsed=13941.43s
2026-04-12 04:23:52,744 - INFO - 开始抓正文: book_id=390 title=永恒国度 pending=2377
2026-04-12 04:24:33,111 - WARNING - 请求失败，稍后重试: url=https://apibi.cc/api/chapter?id=390&chapterid=840 attempt=1/5 error=HTTP Error 522: <none>
2026-04-12 04:24:40,380 - INFO - 正文章节进度: 464000/9554851 success=464000 failure=0 current_book=390 elapsed=13993.71s
2026-04-12 04:25:06,489 - INFO - 正文章节进度: 465000/9554851 success=465000 failure=0 current_book=390 elapsed=14019.82s
2026-04-12 04:25:19,557 - INFO - 开始抓正文: book_id=391 title=修真四万年 pending=3527
2026-04-12 04:25:33,878 - INFO - 正文章节进度: 466000/9554851 success=466000 failure=0 current_book=391 elapsed=14047.21s
2026-04-12 04:25:59,727 - INFO - 正文章节进度: 467000/9554851 success=467000 failure=0 current_book=391 elapsed=14073.06s
2026-04-12 04:26:24,894 - INFO - 正文章节进度: 468000/9554851 success=468000 failure=0 current_book=391 elapsed=14098.22s
2026-04-12 04:26:50,556 - INFO - 正文章节进度: 469000/9554851 success=469000 failure=0 current_book=391 elapsed=14123.88s
2026-04-12 04:26:51,212 - INFO - 开始抓正文: book_id=392 title=名侦探世界里的巫师 pending=3083
2026-04-12 04:27:34,631 - WARNING - 请求失败，稍后重试: url=https://apibi.cc/api/chapter?id=392&chapterid=938 attempt=1/5 error=HTTP Error 522: <none>
2026-04-12 04:27:40,847 - INFO - 正文章节进度: 470000/9554851 success=470000 failure=0 current_book=392 elapsed=14174.18s
2026-04-12 04:28:08,434 - INFO - 正文章节进度: 471000/9554851 success=471000 failure=0 current_book=392 elapsed=14201.76s
2026-04-12 04:28:34,445 - INFO - 正文章节进度: 472000/9554851 success=472000 failure=0 current_book=392 elapsed=14227.77s
2026-04-12 04:28:37,449 - INFO - 开始抓正文: book_id=393 title=道门法则 pending=1678
2026-04-12 04:29:00,335 - INFO - 正文章节进度: 473000/9554851 success=473000 failure=0 current_book=393 elapsed=14253.66s
2026-04-12 04:29:20,446 - INFO - 开始抓正文: book_id=394 title=异世界的美食家 pending=1876
2026-04-12 04:29:25,805 - INFO - 正文章节进度: 474000/9554851 success=474000 failure=0 current_book=394 elapsed=14279.13s
2026-04-12 04:29:51,098 - INFO - 正文章节进度: 475000/9554851 success=475000 failure=0 current_book=394 elapsed=14304.43s
2026-04-12 04:30:07,688 - INFO - 开始抓正文: book_id=395 title=无上崛起 pending=1531
2026-04-12 04:30:16,272 - INFO - 正文章节进度: 476000/9554851 success=476000 failure=0 current_book=395 elapsed=14329.60s
2026-04-12 04:30:41,834 - INFO - 正文章节进度: 477000/9554851 success=477000 failure=0 current_book=395 elapsed=14355.16s
2026-04-12 04:30:46,450 - INFO - 开始抓正文: book_id=396 title=帝霸 pending=7206
2026-04-12 04:31:07,294 - INFO - 正文章节进度: 478000/9554851 success=478000 failure=0 current_book=396 elapsed=14380.62s
2026-04-12 04:31:33,249 - INFO - 正文章节进度: 479000/9554851 success=479000 failure=0 current_book=396 elapsed=14406.58s
2026-04-12 04:31:59,065 - INFO - 正文章节进度: 480000/9554851 success=480000 failure=0 current_book=396 elapsed=14432.39s
2026-04-12 04:32:25,089 - INFO - 正文章节进度: 481000/9554851 success=481000 failure=0 current_book=396 elapsed=14458.42s
2026-04-12 04:32:51,829 - INFO - 正文章节进度: 482000/9554851 success=482000 failure=0 current_book=396 elapsed=14485.16s
2026-04-12 04:33:17,721 - INFO - 正文章节进度: 483000/9554851 success=483000 failure=0 current_book=396 elapsed=14511.05s
2026-04-12 04:33:43,642 - INFO - 正文章节进度: 484000/9554851 success=484000 failure=0 current_book=396 elapsed=14536.97s
2026-04-12 04:33:54,215 - INFO - 开始抓正文: book_id=397 title=重生之最强剑神 pending=4797
2026-04-12 04:34:09,847 - INFO - 正文章节进度: 485000/9554851 success=485000 failure=0 current_book=397 elapsed=14563.18s
2026-04-12 04:34:35,189 - INFO - 正文章节进度: 486000/9554851 success=486000 failure=0 current_book=397 elapsed=14588.52s
2026-04-12 04:35:00,319 - INFO - 正文章节进度: 487000/9554851 success=487000 failure=0 current_book=397 elapsed=14613.65s
2026-04-12 04:35:25,642 - INFO - 正文章节进度: 488000/9554851 success=488000 failure=0 current_book=397 elapsed=14638.97s
2026-04-12 04:35:51,158 - INFO - 正文章节进度: 489000/9554851 success=489000 failure=0 current_book=397 elapsed=14664.49s
2026-04-12 04:35:56,098 - INFO - 开始抓正文: book_id=398 title=秦吏 pending=1073
2026-04-12 04:36:16,518 - INFO - 正文章节进度: 490000/9554851 success=490000 failure=0 current_book=398 elapsed=14689.85s
2026-04-12 04:36:23,398 - INFO - 开始抓正文: book_id=399 title=放开那个女巫 pending=1499
2026-04-12 04:36:42,512 - INFO - 正文章节进度: 491000/9554851 success=491000 failure=0 current_book=399 elapsed=14715.84s
2026-04-12 04:37:02,888 - INFO - 开始抓正文: book_id=400 title=大道争锋 pending=2363
2026-04-12 04:37:08,837 - INFO - 正文章节进度: 492000/9554851 success=492000 failure=0 current_book=400 elapsed=14742.17s
2026-04-12 04:37:34,605 - INFO - 正文章节进度: 493000/9554851 success=493000 failure=0 current_book=400 elapsed=14767.93s
2026-04-12 04:38:00,336 - INFO - 正文章节进度: 494000/9554851 success=494000 failure=0 current_book=400 elapsed=14793.66s
2026-04-12 04:38:03,684 - INFO - 正文书籍进度: 400/10000 chapters=494130/9554851 elapsed=14797.01s
2026-04-12 04:38:03,687 - INFO - 开始抓正文: book_id=401 title=大明文魁 pending=1406
2026-04-12 04:38:25,767 - INFO - 正文章节进度: 495000/9554851 success=495000 failure=0 current_book=401 elapsed=14819.10s
2026-04-12 04:38:39,479 - INFO - 开始抓正文: book_id=402 title=大王饶命 pending=1363
2026-04-12 04:38:51,117 - INFO - 正文章节进度: 496000/9554851 success=496000 failure=0 current_book=402 elapsed=14844.44s
2026-04-12 04:39:14,625 - INFO - 开始抓正文: book_id=403 title=穷鬼的上下两千年 pending=479
2026-04-12 04:39:17,151 - INFO - 正文章节进度: 497000/9554851 success=497000 failure=0 current_book=403 elapsed=14870.48s
2026-04-12 04:39:38,076 - WARNING - 请求失败，稍后重试: url=https://apibi.cc/api/chapter?id=403&chapterid=147 attempt=1/5 error=HTTP Error 522: <none>
2026-04-12 04:39:51,682 - INFO - 开始抓正文: book_id=404 title=原始战记 pending=895
2026-04-12 04:40:08,514 - INFO - 正文章节进度: 498000/9554851 success=498000 failure=0 current_book=404 elapsed=14921.84s
2026-04-12 04:40:15,747 - INFO - 开始抓正文: book_id=405 title=佣兵的战争 pending=2835
2026-04-12 04:40:35,151 - INFO - 正文章节进度: 499000/9554851 success=499000 failure=0 current_book=405 elapsed=14948.48s
2026-04-12 04:41:00,637 - INFO - 正文章节进度: 500000/9554851 success=500000 failure=0 current_book=405 elapsed=14973.97s
2026-04-12 04:41:25,826 - INFO - 正文章节进度: 501000/9554851 success=501000 failure=0 current_book=405 elapsed=14999.15s
2026-04-12 04:41:28,567 - INFO - 开始抓正文: book_id=406 title=我是大玩家 pending=735
2026-04-12 04:41:47,125 - INFO - 开始抓正文: book_id=407 title=三国之召唤猛将 pending=1699
2026-04-12 04:41:51,315 - INFO - 正文章节进度: 502000/9554851 success=502000 failure=0 current_book=407 elapsed=15024.64s
2026-04-12 04:42:16,759 - INFO - 正文章节进度: 503000/9554851 success=503000 failure=0 current_book=407 elapsed=15050.09s
2026-04-12 04:42:30,670 - INFO - 开始抓正文: book_id=408 title=无限之配角的逆袭 pending=2198
2026-04-12 04:42:42,391 - INFO - 正文章节进度: 504000/9554851 success=504000 failure=0 current_book=408 elapsed=15075.72s
2026-04-12 04:43:07,977 - INFO - 正文章节进度: 505000/9554851 success=505000 failure=0 current_book=408 elapsed=15101.31s
2026-04-12 04:43:26,689 - INFO - 开始抓正文: book_id=409 title=神级英雄 pending=2086
2026-04-12 04:43:33,686 - INFO - 正文章节进度: 506000/9554851 success=506000 failure=0 current_book=409 elapsed=15127.01s
2026-04-12 04:43:59,288 - INFO - 正文章节进度: 507000/9554851 success=507000 failure=0 current_book=409 elapsed=15152.62s
2026-04-12 04:44:20,522 - INFO - 开始抓正文: book_id=410 title=雪鹰领主 pending=1387
2026-04-12 04:44:25,042 - INFO - 正文章节进度: 508000/9554851 success=508000 failure=0 current_book=410 elapsed=15178.37s
2026-04-12 04:44:59,332 - WARNING - 请求失败，稍后重试: url=https://apibi.cc/api/chapter?id=410&chapterid=787 attempt=1/5 error=HTTP Error 522: <none>
2026-04-12 04:45:15,301 - INFO - 正文章节进度: 509000/9554851 success=509000 failure=0 current_book=410 elapsed=15228.63s
2026-04-12 04:45:20,789 - INFO - 开始抓正文: book_id=411 title=掠天记 pending=1821
2026-04-12 04:45:41,318 - WARNING - 请求失败，稍后重试: url=https://apibi.cc/api/chapter?id=411&chapterid=35 attempt=1/5 error=HTTP Error 522: <none>
2026-04-12 04:46:05,824 - INFO - 正文章节进度: 510000/9554851 success=510000 failure=0 current_book=411 elapsed=15279.15s
2026-04-12 04:46:32,059 - INFO - 正文章节进度: 511000/9554851 success=511000 failure=0 current_book=411 elapsed=15305.39s
2026-04-12 04:46:33,225 - INFO - 开始抓正文: book_id=412 title=大数据修仙 pending=3499
2026-04-12 04:46:58,617 - INFO - 正文章节进度: 512000/9554851 success=512000 failure=0 current_book=412 elapsed=15331.95s
2026-04-12 04:47:23,615 - INFO - 正文章节进度: 513000/9554851 success=513000 failure=0 current_book=412 elapsed=15356.94s
2026-04-12 04:47:48,737 - INFO - 正文章节进度: 514000/9554851 success=514000 failure=0 current_book=412 elapsed=15382.07s
2026-04-12 04:48:02,864 - INFO - 开始抓正文: book_id=413 title=我的1979 pending=1741
2026-04-12 04:48:14,682 - INFO - 正文章节进度: 515000/9554851 success=515000 failure=0 current_book=413 elapsed=15408.01s
2026-04-12 04:48:39,811 - INFO - 正文章节进度: 516000/9554851 success=516000 failure=0 current_book=413 elapsed=15433.14s
2026-04-12 04:48:47,240 - INFO - 开始抓正文: book_id=414 title=大道朝天 pending=1028
2026-04-12 04:49:06,053 - INFO - 正文章节进度: 517000/9554851 success=517000 failure=0 current_book=414 elapsed=15459.38s
2026-04-12 04:49:13,355 - INFO - 开始抓正文: book_id=415 title=白袍总管 pending=3162
2026-04-12 04:49:31,157 - INFO - 正文章节进度: 518000/9554851 success=518000 failure=0 current_book=415 elapsed=15484.49s
2026-04-12 04:49:56,689 - INFO - 正文章节进度: 519000/9554851 success=519000 failure=0 current_book=415 elapsed=15510.02s
2026-04-12 04:50:22,430 - INFO - 正文章节进度: 520000/9554851 success=520000 failure=0 current_book=415 elapsed=15535.76s
2026-04-12 04:50:34,159 - INFO - 开始抓正文: book_id=416 title=无疆 pending=1169
2026-04-12 04:50:47,755 - INFO - 正文章节进度: 521000/9554851 success=521000 failure=0 current_book=416 elapsed=15561.08s
2026-04-12 04:51:03,958 - INFO - 开始抓正文: book_id=417 title=超级神基因 pending=3476
2026-04-12 04:51:13,566 - INFO - 正文章节进度: 522000/9554851 success=522000 failure=0 current_book=417 elapsed=15586.89s
2026-04-12 04:51:38,833 - INFO - 正文章节进度: 523000/9554851 success=523000 failure=0 current_book=417 elapsed=15612.16s
2026-04-12 04:52:04,152 - INFO - 正文章节进度: 524000/9554851 success=524000 failure=0 current_book=417 elapsed=15637.48s
2026-04-12 04:52:29,662 - INFO - 正文章节进度: 525000/9554851 success=525000 failure=0 current_book=417 elapsed=15662.99s
2026-04-12 04:52:32,390 - INFO - 开始抓正文: book_id=418 title=替天行盗 pending=1078
2026-04-12 04:52:55,375 - INFO - 正文章节进度: 526000/9554851 success=526000 failure=0 current_book=418 elapsed=15688.70s
2026-04-12 04:53:01,091 - INFO - 开始抓正文: book_id=419 title=神道丹尊 pending=4925
2026-04-12 04:53:22,166 - INFO - 正文章节进度: 527000/9554851 success=527000 failure=0 current_book=419 elapsed=15715.49s
2026-04-12 04:53:47,616 - INFO - 正文章节进度: 528000/9554851 success=528000 failure=0 current_book=419 elapsed=15740.94s
2026-04-12 04:54:12,933 - INFO - 正文章节进度: 529000/9554851 success=529000 failure=0 current_book=419 elapsed=15766.26s
2026-04-12 04:54:46,863 - WARNING - 请求失败，稍后重试: url=https://apibi.cc/api/chapter?id=419&chapterid=3384 attempt=1/5 error=HTTP Error 522: <none>
2026-04-12 04:55:02,262 - INFO - 正文章节进度: 530000/9554851 success=530000 failure=0 current_book=419 elapsed=15815.59s
2026-04-12 04:55:29,284 - INFO - 正文章节进度: 531000/9554851 success=531000 failure=0 current_book=419 elapsed=15842.61s
2026-04-12 04:55:32,442 - INFO - 开始抓正文: book_id=420 title=神界红包群 pending=1971
2026-04-12 04:55:55,320 - INFO - 正文章节进度: 532000/9554851 success=532000 failure=0 current_book=420 elapsed=15868.65s
2026-04-12 04:56:20,594 - INFO - 正文章节进度: 533000/9554851 success=533000 failure=0 current_book=420 elapsed=15893.92s
2026-04-12 04:56:22,980 - INFO - 正文书籍进度: 420/10000 chapters=533083/9554851 elapsed=15896.31s
2026-04-12 04:56:22,983 - INFO - 开始抓正文: book_id=421 title=黎明之剑 pending=1601
2026-04-12 04:56:46,190 - INFO - 正文章节进度: 534000/9554851 success=534000 failure=0 current_book=421 elapsed=15919.52s
2026-04-12 04:57:04,030 - INFO - 开始抓正文: book_id=422 title=寻宝全世界 pending=3439
2026-04-12 04:57:12,282 - INFO - 正文章节进度: 535000/9554851 success=535000 failure=0 current_book=422 elapsed=15945.61s
2026-04-12 04:57:37,977 - INFO - 正文章节进度: 536000/9554851 success=536000 failure=0 current_book=422 elapsed=15971.30s
2026-04-12 04:57:55,002 - WARNING - 请求失败，稍后重试: url=https://apibi.cc/api/chapter?id=422&chapterid=1221 attempt=1/5 error=HTTP Error 522: <none>
2026-04-12 04:58:27,769 - INFO - 正文章节进度: 537000/9554851 success=537000 failure=0 current_book=422 elapsed=16021.10s
2026-04-12 04:58:53,519 - INFO - 正文章节进度: 538000/9554851 success=538000 failure=0 current_book=422 elapsed=16046.85s
2026-04-12 04:58:56,788 - INFO - 开始抓正文: book_id=423 title=大龙挂了 pending=1121
2026-04-12 04:59:19,270 - INFO - 正文章节进度: 539000/9554851 success=539000 failure=0 current_book=423 elapsed=16072.60s
2026-04-12 04:59:25,661 - INFO - 开始抓正文: book_id=424 title=盛华 pending=749
2026-04-12 04:59:44,732 - INFO - 开始抓正文: book_id=425 title=刀碎星河 pending=5242
2026-04-12 04:59:45,164 - INFO - 正文章节进度: 540000/9554851 success=540000 failure=0 current_book=425 elapsed=16098.49s
2026-04-12 05:00:10,683 - INFO - 正文章节进度: 541000/9554851 success=541000 failure=0 current_book=425 elapsed=16124.01s
2026-04-12 05:00:36,186 - INFO - 正文章节进度: 542000/9554851 success=542000 failure=0 current_book=425 elapsed=16149.51s
2026-04-12 05:01:01,642 - INFO - 正文章节进度: 543000/9554851 success=543000 failure=0 current_book=425 elapsed=16174.97s
2026-04-12 05:01:26,455 - WARNING - 请求失败，稍后重试: url=https://apibi.cc/api/chapter?id=425&chapterid=3232 attempt=1/5 error=HTTP Error 522: <none>
2026-04-12 05:01:53,223 - INFO - 正文章节进度: 544000/9554851 success=544000 failure=0 current_book=425 elapsed=16226.55s
2026-04-12 05:02:19,387 - INFO - 正文章节进度: 545000/9554851 success=545000 failure=0 current_book=425 elapsed=16252.72s
2026-04-12 05:02:25,644 - INFO - 开始抓正文: book_id=426 title=太古吞噬诀 pending=1506
2026-04-12 05:02:45,108 - INFO - 正文章节进度: 546000/9554851 success=546000 failure=0 current_book=426 elapsed=16278.44s
2026-04-12 05:03:04,174 - INFO - 开始抓正文: book_id=427 title=丧尸不修仙 pending=2185
2026-04-12 05:03:11,065 - INFO - 正文章节进度: 547000/9554851 success=547000 failure=0 current_book=427 elapsed=16304.39s
2026-04-12 05:03:36,390 - INFO - 正文章节进度: 548000/9554851 success=548000 failure=0 current_book=427 elapsed=16329.72s
2026-04-12 05:03:58,517 - WARNING - 请求失败，稍后重试: url=https://apibi.cc/api/chapter?id=427&chapterid=1371 attempt=1/5 error=HTTP Error 522: <none>
2026-04-12 05:04:27,861 - INFO - 开始抓正文: book_id=428 title=凡人修仙之仙界篇 pending=1399
2026-04-12 05:04:30,616 - INFO - 正文章节进度: 549000/9554851 success=549000 failure=0 current_book=428 elapsed=16383.94s
2026-04-12 05:05:07,124 - WARNING - 请求失败，稍后重试: url=https://apibi.cc/api/chapter?id=428&chapterid=703 attempt=1/5 error=HTTP Error 522: <none>
2026-04-12 05:05:22,496 - INFO - 正文章节进度: 550000/9554851 success=550000 failure=0 current_book=428 elapsed=16435.82s
2026-04-12 05:05:31,222 - INFO - 开始抓正文: book_id=429 title=明朝败家子 pending=1821
2026-04-12 05:05:49,388 - INFO - 正文章节进度: 551000/9554851 success=551000 failure=0 current_book=429 elapsed=16462.72s
2026-04-12 05:06:15,299 - INFO - 正文章节进度: 552000/9554851 success=552000 failure=0 current_book=429 elapsed=16488.63s
2026-04-12 05:06:19,366 - INFO - 开始抓正文: book_id=430 title=动力之王 pending=1959
2026-04-12 05:06:41,714 - INFO - 正文章节进度: 553000/9554851 success=553000 failure=0 current_book=430 elapsed=16515.04s
2026-04-12 05:07:06,712 - INFO - 正文章节进度: 554000/9554851 success=554000 failure=0 current_book=430 elapsed=16540.04s
2026-04-12 05:07:09,510 - INFO - 开始抓正文: book_id=431 title=黄金渔村 pending=1582
2026-04-12 05:07:32,584 - INFO - 正文章节进度: 555000/9554851 success=555000 failure=0 current_book=431 elapsed=16565.91s
2026-04-12 05:08:04,305 - WARNING - 请求失败，稍后重试: url=https://apibi.cc/api/chapter?id=431&chapterid=1395 attempt=1/5 error=HTTP Error 522: <none>
2026-04-12 05:08:14,471 - INFO - 开始抓正文: book_id=432 title=一品道门 pending=2343
2026-04-12 05:08:22,606 - INFO - 正文章节进度: 556000/9554851 success=556000 failure=0 current_book=432 elapsed=16615.93s
2026-04-12 05:08:49,142 - INFO - 正文章节进度: 557000/9554851 success=557000 failure=0 current_book=432 elapsed=16642.47s
2026-04-12 05:09:15,201 - INFO - 正文章节进度: 558000/9554851 success=558000 failure=0 current_book=432 elapsed=16668.53s
2026-04-12 05:09:15,884 - INFO - 开始抓正文: book_id=433 title=斩龙 pending=554
2026-04-12 05:09:30,312 - INFO - 开始抓正文: book_id=434 title=重生完美时代 pending=1839
2026-04-12 05:09:41,028 - INFO - 正文章节进度: 559000/9554851 success=559000 failure=0 current_book=434 elapsed=16694.36s
2026-04-12 05:10:04,623 - WARNING - 请求失败，稍后重试: url=https://apibi.cc/api/chapter?id=434&chapterid=582 attempt=1/5 error=HTTP Error 522: <none>
2026-04-12 05:10:34,829 - WARNING - 请求失败，稍后重试: url=https://apibi.cc/api/chapter?id=434&chapterid=744 attempt=1/5 error=HTTP Error 522: <none>
2026-04-12 05:10:34,829 - WARNING - 请求失败，稍后重试: url=https://apibi.cc/api/chapter?id=434&chapterid=743 attempt=1/5 error=HTTP Error 522: <none>
2026-04-12 05:10:57,451 - INFO - 正文章节进度: 560000/9554851 success=560000 failure=0 current_book=434 elapsed=16770.78s
2026-04-12 05:11:09,326 - INFO - 开始抓正文: book_id=435 title=系统的黑科技网吧 pending=1006
2026-04-12 05:11:24,413 - INFO - 正文章节进度: 561000/9554851 success=561000 failure=0 current_book=435 elapsed=16797.74s
2026-04-12 05:11:35,653 - INFO - 开始抓正文: book_id=436 title=深夜书屋 pending=1552
2026-04-12 05:11:50,305 - INFO - 正文章节进度: 562000/9554851 success=562000 failure=0 current_book=436 elapsed=16823.63s
2026-04-12 05:12:15,321 - INFO - 开始抓正文: book_id=437 title=轮回乐园 pending=4226
2026-04-12 05:12:16,034 - INFO - 正文章节进度: 563000/9554851 success=563000 failure=0 current_book=437 elapsed=16849.36s
2026-04-12 05:12:41,642 - INFO - 正文章节进度: 564000/9554851 success=564000 failure=0 current_book=437 elapsed=16874.97s
2026-04-12 05:13:06,897 - INFO - 正文章节进度: 565000/9554851 success=565000 failure=0 current_book=437 elapsed=16900.23s
2026-04-12 05:13:32,371 - INFO - 正文章节进度: 566000/9554851 success=566000 failure=0 current_book=437 elapsed=16925.70s
2026-04-12 05:13:58,573 - INFO - 正文章节进度: 567000/9554851 success=567000 failure=0 current_book=437 elapsed=16951.90s
2026-04-12 05:14:04,279 - INFO - 开始抓正文: book_id=438 title=漫威世界的术士 pending=1095
2026-04-12 05:14:24,233 - INFO - 正文章节进度: 568000/9554851 success=568000 failure=0 current_book=438 elapsed=16977.56s
2026-04-12 05:14:31,994 - INFO - 开始抓正文: book_id=439 title=垂钓诸天 pending=1545
2026-04-12 05:14:49,536 - INFO - 正文章节进度: 569000/9554851 success=569000 failure=0 current_book=439 elapsed=17002.86s
2026-04-12 05:15:10,901 - INFO - 开始抓正文: book_id=440 title=怪物乐园 pending=2198
2026-04-12 05:15:15,037 - INFO - 正文章节进度: 570000/9554851 success=570000 failure=0 current_book=440 elapsed=17028.37s
2026-04-12 05:15:40,106 - INFO - 正文章节进度: 571000/9554851 success=571000 failure=0 current_book=440 elapsed=17053.43s
2026-04-12 05:16:16,603 - WARNING - 请求失败，稍后重试: url=https://apibi.cc/api/chapter?id=440&chapterid=1828 attempt=1/5 error=HTTP Error 522: <none>
2026-04-12 05:16:28,640 - INFO - 正文章节进度: 572000/9554851 success=572000 failure=0 current_book=440 elapsed=17101.97s
2026-04-12 05:16:30,557 - INFO - 正文书籍进度: 440/10000 chapters=572045/9554851 elapsed=17103.88s
2026-04-12 05:16:30,560 - INFO - 开始抓正文: book_id=441 title=伊塔之柱 pending=1305
2026-04-12 05:16:55,719 - INFO - 正文章节进度: 573000/9554851 success=573000 failure=0 current_book=441 elapsed=17129.05s
2026-04-12 05:17:05,018 - INFO - 开始抓正文: book_id=442 title=纣临 pending=251
2026-04-12 05:17:11,743 - INFO - 开始抓正文: book_id=443 title=玄尘道途 pending=838
2026-04-12 05:17:22,092 - INFO - 正文章节进度: 574000/9554851 success=574000 failure=0 current_book=443 elapsed=17155.42s
2026-04-12 05:17:33,032 - INFO - 开始抓正文: book_id=444 title=摄政大明 pending=1485
2026-04-12 05:17:47,176 - INFO - 正文章节进度: 575000/9554851 success=575000 failure=0 current_book=444 elapsed=17180.50s
2026-04-12 05:18:00,801 - WARNING - 请求失败，稍后重试: url=https://apibi.cc/api/chapter?id=444&chapterid=1089 attempt=1/5 error=Expecting value: line 1 column 1 (char 0)
2026-04-12 05:18:02,119 - WARNING - 请求失败，稍后重试: url=https://apibi.cc/api/chapter?id=444&chapterid=1089 attempt=2/5 error=Expecting value: line 1 column 1 (char 0)
2026-04-12 05:18:04,457 - WARNING - 请求失败，稍后重试: url=https://apibi.cc/api/chapter?id=444&chapterid=1089 attempt=3/5 error=Expecting value: line 1 column 1 (char 0)
2026-04-12 05:18:08,713 - WARNING - 请求失败，稍后重试: url=https://apibi.cc/api/chapter?id=444&chapterid=1089 attempt=4/5 error=Expecting value: line 1 column 1 (char 0)
2026-04-12 05:18:16,978 - WARNING - 正文抓取失败: book_id=444 chapter_id=1089 error=请求失败: https://apibi.cc/api/chapter?id=444&chapterid=1089 -> Expecting value: line 1 column 1 (char 0)
2026-04-12 05:18:24,448 - INFO - 开始抓正文: book_id=445 title=大文豪 pending=1034
2026-04-12 05:18:26,525 - INFO - 正文章节进度: 576000/9554851 success=575999 failure=1 current_book=445 elapsed=17219.85s
2026-04-12 05:18:51,390 - INFO - 开始抓正文: book_id=446 title=大帝姬 pending=596
2026-04-12 05:18:52,620 - INFO - 正文章节进度: 577000/9554851 success=576999 failure=1 current_book=446 elapsed=17245.95s
2026-04-12 05:19:06,784 - INFO - 开始抓正文: book_id=447 title=超级卡牌系统 pending=842
2026-04-12 05:19:18,439 - INFO - 正文章节进度: 578000/9554851 success=577999 failure=1 current_book=447 elapsed=17271.77s
2026-04-12 05:19:28,709 - INFO - 开始抓正文: book_id=448 title=雀仙桥 pending=241
2026-04-12 05:19:35,269 - INFO - 开始抓正文: book_id=449 title=异常生物见闻录 pending=1824
2026-04-12 05:19:44,812 - INFO - 正文章节进度: 579000/9554851 success=578999 failure=1 current_book=449 elapsed=17298.14s
2026-04-12 05:20:10,059 - INFO - 正文章节进度: 580000/9554851 success=579999 failure=1 current_book=449 elapsed=17323.39s
2026-04-12 05:20:21,904 - INFO - 开始抓正文: book_id=450 title=慕南枝 pending=1154
2026-04-12 05:20:35,715 - INFO - 正文章节进度: 581000/9554851 success=580999 failure=1 current_book=450 elapsed=17349.04s
2026-04-12 05:20:51,168 - INFO - 开始抓正文: book_id=451 title=重生之神级学霸 pending=1537
2026-04-12 05:21:01,290 - INFO - 正文章节进度: 582000/9554851 success=581999 failure=1 current_book=451 elapsed=17374.62s
2026-04-12 05:21:26,741 - INFO - 正文章节进度: 583000/9554851 success=582999 failure=1 current_book=451 elapsed=17400.07s
2026-04-12 05:21:30,628 - INFO - 开始抓正文: book_id=452 title=武神空间 pending=3907
2026-04-12 05:21:52,442 - INFO - 正文章节进度: 584000/9554851 success=583999 failure=1 current_book=452 elapsed=17425.77s
2026-04-12 05:22:17,413 - INFO - 正文章节进度: 585000/9554851 success=584999 failure=1 current_book=452 elapsed=17450.74s
2026-04-12 05:22:42,405 - INFO - 正文章节进度: 586000/9554851 success=585999 failure=1 current_book=452 elapsed=17475.73s
2026-04-12 05:23:08,432 - INFO - 正文章节进度: 587000/9554851 success=586999 failure=1 current_book=452 elapsed=17501.76s
2026-04-12 05:23:09,876 - INFO - 开始抓正文: book_id=453 title=一世之尊 pending=1414
2026-04-12 05:23:33,436 - INFO - 正文章节进度: 588000/9554851 success=587999 failure=1 current_book=453 elapsed=17526.76s
2026-04-12 05:23:45,408 - INFO - 开始抓正文: book_id=454 title=明末边军一小兵 pending=906
2026-04-12 05:24:00,269 - INFO - 正文章节进度: 589000/9554851 success=588999 failure=1 current_book=454 elapsed=17553.60s
2026-04-12 05:24:10,022 - INFO - 开始抓正文: book_id=455 title=完美世界 pending=2079
2026-04-12 05:24:26,154 - INFO - 正文章节进度: 590000/9554851 success=589999 failure=1 current_book=455 elapsed=17579.48s
2026-04-12 05:24:51,515 - INFO - 正文章节进度: 591000/9554851 success=590999 failure=1 current_book=455 elapsed=17604.84s
2026-04-12 05:25:03,477 - INFO - 开始抓正文: book_id=456 title=夜天子 pending=1001
2026-04-12 05:25:17,619 - INFO - 正文章节进度: 592000/9554851 success=591999 failure=1 current_book=456 elapsed=17630.95s
2026-04-12 05:25:29,290 - INFO - 开始抓正文: book_id=457 title=大宋的智慧 pending=1102
2026-04-12 05:25:43,195 - INFO - 正文章节进度: 593000/9554851 success=592999 failure=1 current_book=457 elapsed=17656.52s
2026-04-12 05:25:57,444 - INFO - 开始抓正文: book_id=458 title=黄金渔场 pending=1919
2026-04-12 05:26:08,895 - INFO - 正文章节进度: 594000/9554851 success=593999 failure=1 current_book=458 elapsed=17682.22s
2026-04-12 05:26:34,340 - INFO - 正文章节进度: 595000/9554851 success=594999 failure=1 current_book=458 elapsed=17707.67s
2026-04-12 05:26:46,738 - INFO - 开始抓正文: book_id=459 title=巫界术士 pending=1185
2026-04-12 05:27:00,020 - INFO - 正文章节进度: 596000/9554851 success=595999 failure=1 current_book=459 elapsed=17733.35s
2026-04-12 05:27:17,034 - INFO - 开始抓正文: book_id=460 title=造化之门 pending=1530
2026-04-12 05:27:25,670 - INFO - 正文章节进度: 597000/9554851 success=596999 failure=1 current_book=460 elapsed=17759.00s
2026-04-12 05:27:51,254 - INFO - 正文章节进度: 598000/9554851 success=597999 failure=1 current_book=460 elapsed=17784.58s
2026-04-12 05:27:56,387 - INFO - 正文书籍进度: 460/10000 chapters=598195/9554851 elapsed=17789.72s
2026-04-12 05:27:56,390 - INFO - 开始抓正文: book_id=461 title=联盟之魔王系统 pending=1536
2026-04-12 05:28:16,389 - INFO - 正文章节进度: 599000/9554851 success=598999 failure=1 current_book=461 elapsed=17809.72s
2026-04-12 05:28:35,394 - INFO - 开始抓正文: book_id=462 title=乾坤剑神 pending=3808
2026-04-12 05:28:42,474 - INFO - 正文章节进度: 600000/9554851 success=599999 failure=1 current_book=462 elapsed=17835.80s
2026-04-12 05:29:07,742 - INFO - 正文章节进度: 601000/9554851 success=600999 failure=1 current_book=462 elapsed=17861.07s
2026-04-12 05:29:33,063 - INFO - 正文章节进度: 602000/9554851 success=601999 failure=1 current_book=462 elapsed=17886.39s
2026-04-12 05:29:58,669 - INFO - 正文章节进度: 603000/9554851 success=602999 failure=1 current_book=462 elapsed=17912.00s
2026-04-12 05:30:12,415 - INFO - 开始抓正文: book_id=463 title=绝世药神 pending=3121
2026-04-12 05:30:24,201 - INFO - 正文章节进度: 604000/9554851 success=603999 failure=1 current_book=463 elapsed=17937.53s
2026-04-12 05:30:50,537 - INFO - 正文章节进度: 605000/9554851 success=604999 failure=1 current_book=463 elapsed=17963.87s
2026-04-12 05:31:16,192 - INFO - 正文章节进度: 606000/9554851 success=605999 failure=1 current_book=463 elapsed=17989.52s
2026-04-12 05:31:33,352 - INFO - 开始抓正文: book_id=464 title=君临星空 pending=1230
2026-04-12 05:31:42,172 - INFO - 正文章节进度: 607000/9554851 success=606999 failure=1 current_book=464 elapsed=18015.50s
2026-04-12 05:32:05,549 - INFO - 开始抓正文: book_id=465 title=纯阳武神 pending=2571
2026-04-12 05:32:08,224 - INFO - 正文章节进度: 608000/9554851 success=607999 failure=1 current_book=465 elapsed=18041.55s
2026-04-12 05:32:33,681 - INFO - 正文章节进度: 609000/9554851 success=608999 failure=1 current_book=465 elapsed=18067.01s
2026-04-12 05:32:58,401 - INFO - 正文章节进度: 610000/9554851 success=609999 failure=1 current_book=465 elapsed=18091.73s
2026-04-12 05:33:10,155 - INFO - 开始抓正文: book_id=466 title=狂探 pending=2722
2026-04-12 05:33:23,973 - INFO - 正文章节进度: 611000/9554851 success=610999 failure=1 current_book=466 elapsed=18117.30s
2026-04-12 05:33:48,986 - INFO - 正文章节进度: 612000/9554851 success=611999 failure=1 current_book=466 elapsed=18142.31s
2026-04-12 05:34:14,375 - INFO - 正文章节进度: 613000/9554851 success=612999 failure=1 current_book=466 elapsed=18167.70s
2026-04-12 05:34:18,823 - INFO - 开始抓正文: book_id=467 title=我家古井通武林 pending=1079
2026-04-12 05:34:39,998 - INFO - 正文章节进度: 614000/9554851 success=613999 failure=1 current_book=467 elapsed=18193.33s
2026-04-12 05:34:46,604 - INFO - 开始抓正文: book_id=468 title=我被系统托管了 pending=1166
2026-04-12 05:35:05,220 - INFO - 正文章节进度: 615000/9554851 success=614999 failure=1 current_book=468 elapsed=18218.55s
2026-04-12 05:35:16,194 - INFO - 开始抓正文: book_id=469 title=万道剑尊 pending=6501
2026-04-12 05:35:30,555 - INFO - 正文章节进度: 616000/9554851 success=615999 failure=1 current_book=469 elapsed=18243.88s
2026-04-12 05:35:56,135 - INFO - 正文章节进度: 617000/9554851 success=616999 failure=1 current_book=469 elapsed=18269.46s
2026-04-12 05:36:21,587 - INFO - 正文章节进度: 618000/9554851 success=617999 failure=1 current_book=469 elapsed=18294.91s
2026-04-12 05:36:47,271 - INFO - 正文章节进度: 619000/9554851 success=618999 failure=1 current_book=469 elapsed=18320.60s
2026-04-12 05:37:13,010 - INFO - 正文章节进度: 620000/9554851 success=619999 failure=1 current_book=469 elapsed=18346.34s
2026-04-12 05:37:38,282 - INFO - 正文章节进度: 621000/9554851 success=620999 failure=1 current_book=469 elapsed=18371.61s
2026-04-12 05:38:02,648 - INFO - 开始抓正文: book_id=470 title=伏天氏 pending=2023
2026-04-12 05:38:04,542 - INFO - 正文章节进度: 622000/9554851 success=621999 failure=1 current_book=470 elapsed=18397.87s
2026-04-12 05:38:29,905 - INFO - 正文章节进度: 623000/9554851 success=622999 failure=1 current_book=470 elapsed=18423.23s
2026-04-12 05:38:54,122 - INFO - 开始抓正文: book_id=471 title=逆剑狂神 pending=12101
2026-04-12 05:38:55,545 - INFO - 正文章节进度: 624000/9554851 success=623999 failure=1 current_book=471 elapsed=18448.87s
2026-04-12 05:39:21,560 - INFO - 正文章节进度: 625000/9554851 success=624999 failure=1 current_book=471 elapsed=18474.89s
2026-04-12 05:39:47,794 - INFO - 正文章节进度: 626000/9554851 success=625999 failure=1 current_book=471 elapsed=18501.12s
2026-04-12 05:40:13,465 - INFO - 正文章节进度: 627000/9554851 success=626999 failure=1 current_book=471 elapsed=18526.79s
2026-04-12 05:40:38,978 - INFO - 正文章节进度: 628000/9554851 success=627999 failure=1 current_book=471 elapsed=18552.31s
2026-04-12 05:41:04,954 - INFO - 正文章节进度: 629000/9554851 success=628999 failure=1 current_book=471 elapsed=18578.28s
2026-04-12 05:41:30,755 - INFO - 正文章节进度: 630000/9554851 success=629999 failure=1 current_book=471 elapsed=18604.08s
2026-04-12 05:41:56,284 - INFO - 正文章节进度: 631000/9554851 success=630999 failure=1 current_book=471 elapsed=18629.61s
2026-04-12 05:42:22,815 - INFO - 正文章节进度: 632000/9554851 success=631999 failure=1 current_book=471 elapsed=18656.14s
2026-04-12 05:42:48,685 - INFO - 正文章节进度: 633000/9554851 success=632999 failure=1 current_book=471 elapsed=18682.01s
2026-04-12 05:43:17,749 - INFO - 正文章节进度: 634000/9554851 success=633999 failure=1 current_book=471 elapsed=18711.08s
2026-04-12 05:44:01,713 - INFO - 正文章节进度: 635000/9554851 success=634999 failure=1 current_book=471 elapsed=18755.04s
2026-04-12 05:44:31,346 - INFO - 正文章节进度: 636000/9554851 success=635999 failure=1 current_book=471 elapsed=18784.67s
2026-04-12 05:44:32,607 - INFO - 开始抓正文: book_id=472 title=仙王的日常生活 pending=2468
2026-04-12 05:44:56,949 - INFO - 正文章节进度: 637000/9554851 success=636999 failure=1 current_book=472 elapsed=18810.28s
2026-04-12 05:45:15,320 - WARNING - 请求失败，稍后重试: url=https://apibi.cc/api/chapter?id=472&chapterid=914 attempt=1/5 error=HTTP Error 522: <none>
2026-04-12 05:45:47,577 - WARNING - 请求失败，稍后重试: url=https://apibi.cc/api/chapter?id=472&chapterid=1187 attempt=1/5 error=HTTP Error 522: <none>
2026-04-12 05:46:15,691 - INFO - 正文章节进度: 638000/9554851 success=637999 failure=1 current_book=472 elapsed=18889.02s
2026-04-12 05:46:29,526 - INFO - 开始抓正文: book_id=473 title=龙血武帝 pending=5391
2026-04-12 05:46:42,324 - INFO - 正文章节进度: 639000/9554851 success=638999 failure=1 current_book=473 elapsed=18915.65s
2026-04-12 05:47:08,674 - INFO - 正文章节进度: 640000/9554851 success=639999 failure=1 current_book=473 elapsed=18942.00s
2026-04-12 05:47:34,217 - INFO - 正文章节进度: 641000/9554851 success=640999 failure=1 current_book=473 elapsed=18967.55s
2026-04-12 05:48:00,324 - INFO - 正文章节进度: 642000/9554851 success=641999 failure=1 current_book=473 elapsed=18993.65s
2026-04-12 05:48:26,092 - INFO - 正文章节进度: 643000/9554851 success=642999 failure=1 current_book=473 elapsed=19019.42s
2026-04-12 05:48:49,787 - INFO - 开始抓正文: book_id=474 title=恶魔囚笼 pending=1855
2026-04-12 05:48:52,073 - INFO - 正文章节进度: 644000/9554851 success=643999 failure=1 current_book=474 elapsed=19045.40s
2026-04-12 05:49:18,561 - INFO - 正文章节进度: 645000/9554851 success=644999 failure=1 current_book=474 elapsed=19071.89s
2026-04-12 05:49:38,095 - INFO - 开始抓正文: book_id=475 title=网游之神级机械猎人 pending=2069
2026-04-12 05:49:44,130 - INFO - 正文章节进度: 646000/9554851 success=645999 failure=1 current_book=475 elapsed=19097.46s
2026-04-12 05:50:09,858 - INFO - 正文章节进度: 647000/9554851 success=646999 failure=1 current_book=475 elapsed=19123.19s
2026-04-12 05:50:44,532 - WARNING - 请求失败，稍后重试: url=https://apibi.cc/api/chapter?id=475&chapterid=1840 attempt=1/5 error=HTTP Error 522: <none>
2026-04-12 05:50:55,140 - INFO - 开始抓正文: book_id=476 title=寒门祸害 pending=2436
2026-04-12 05:50:59,622 - INFO - 正文章节进度: 648000/9554851 success=647999 failure=1 current_book=476 elapsed=19172.95s
2026-04-12 05:51:25,559 - INFO - 正文章节进度: 649000/9554851 success=648999 failure=1 current_book=476 elapsed=19198.89s
2026-04-12 05:51:51,683 - INFO - 正文章节进度: 650000/9554851 success=649999 failure=1 current_book=476 elapsed=19225.01s
2026-04-12 05:51:58,631 - INFO - 开始抓正文: book_id=477 title=逍遥小书生 pending=1195
2026-04-12 05:52:17,662 - INFO - 正文章节进度: 651000/9554851 success=650999 failure=1 current_book=477 elapsed=19250.99s
2026-04-12 05:52:28,848 - INFO - 开始抓正文: book_id=478 title=带着仓库到大明 pending=2661
2026-04-12 05:52:42,190 - INFO - 正文章节进度: 652000/9554851 success=651999 failure=1 current_book=478 elapsed=19275.52s
2026-04-12 05:53:07,090 - INFO - 正文章节进度: 653000/9554851 success=652999 failure=1 current_book=478 elapsed=19300.42s
2026-04-12 05:53:32,684 - INFO - 正文章节进度: 654000/9554851 success=653999 failure=1 current_book=478 elapsed=19326.01s
2026-04-12 05:53:35,899 - INFO - 开始抓正文: book_id=479 title=天道图书馆 pending=2376
2026-04-12 05:53:58,260 - INFO - 正文章节进度: 655000/9554851 success=654999 failure=1 current_book=479 elapsed=19351.59s
2026-04-12 05:54:23,356 - INFO - 正文章节进度: 656000/9554851 success=655999 failure=1 current_book=479 elapsed=19376.68s
2026-04-12 05:54:49,507 - WARNING - 请求失败，稍后重试: url=https://apibi.cc/api/chapter?id=479&chapterid=2155 attempt=1/5 error=HTTP Error 522: <none>
2026-04-12 05:55:01,407 - INFO - 开始抓正文: book_id=480 title=武侠世界轮回者 pending=718
2026-04-12 05:55:14,996 - INFO - 正文章节进度: 657000/9554851 success=656999 failure=1 current_book=480 elapsed=19428.32s
2026-04-12 05:55:20,542 - INFO - 正文书籍进度: 480/10000 chapters=657222/9554851 elapsed=19433.87s
2026-04-12 05:55:20,544 - INFO - 开始抓正文: book_id=481 title=娱乐之唯一传说 pending=1270
2026-04-12 05:55:40,822 - INFO - 正文章节进度: 658000/9554851 success=657999 failure=1 current_book=481 elapsed=19454.15s
2026-04-12 05:55:53,553 - INFO - 开始抓正文: book_id=482 title=不灭龙帝 pending=3843
2026-04-12 05:56:06,594 - INFO - 正文章节进度: 659000/9554851 success=658999 failure=1 current_book=482 elapsed=19479.92s
2026-04-12 05:56:47,276 - WARNING - 请求失败，稍后重试: url=https://apibi.cc/api/chapter?id=482&chapterid=1347 attempt=1/5 error=HTTP Error 522: <none>
2026-04-12 05:56:55,873 - INFO - 正文章节进度: 660000/9554851 success=659999 failure=1 current_book=482 elapsed=19529.20s
2026-04-12 05:57:22,586 - INFO - 正文章节进度: 661000/9554851 success=660999 failure=1 current_book=482 elapsed=19555.91s
2026-04-12 05:57:49,018 - INFO - 正文章节进度: 662000/9554851 success=661999 failure=1 current_book=482 elapsed=19582.35s
2026-04-12 05:57:57,879 - INFO - 开始抓正文: book_id=483 title=大夏纪 pending=2899
2026-04-12 05:58:14,868 - INFO - 正文章节进度: 663000/9554851 success=662999 failure=1 current_book=483 elapsed=19608.20s
2026-04-12 05:58:39,831 - INFO - 正文章节进度: 664000/9554851 success=663999 failure=1 current_book=483 elapsed=19633.16s
2026-04-12 05:59:05,631 - INFO - 正文章节进度: 665000/9554851 success=664999 failure=1 current_book=483 elapsed=19658.96s
2026-04-12 05:59:11,661 - INFO - 开始抓正文: book_id=484 title=最强基因 pending=881
2026-04-12 05:59:31,699 - INFO - 正文章节进度: 666000/9554851 success=665999 failure=1 current_book=484 elapsed=19685.03s
2026-04-12 05:59:34,640 - INFO - 开始抓正文: book_id=485 title=武侠世界侠客行 pending=818
2026-04-12 06:00:02,613 - WARNING - 请求失败，稍后重试: url=https://apibi.cc/api/chapter?id=485&chapterid=340 attempt=1/5 error=HTTP Error 522: <none>
2026-04-12 06:00:20,991 - INFO - 开始抓正文: book_id=486 title=最强神话帝皇 pending=1906
2026-04-12 06:00:22,904 - INFO - 正文章节进度: 667000/9554851 success=666999 failure=1 current_book=486 elapsed=19736.23s
2026-04-12 06:00:49,756 - INFO - 正文章节进度: 668000/9554851 success=667999 failure=1 current_book=486 elapsed=19763.08s
2026-04-12 06:01:10,904 - INFO - 开始抓正文: book_id=487 title=恶魔就在身边 pending=3313
2026-04-12 06:01:15,144 - INFO - 正文章节进度: 669000/9554851 success=668999 failure=1 current_book=487 elapsed=19788.47s
2026-04-12 06:01:40,544 - INFO - 正文章节进度: 670000/9554851 success=669999 failure=1 current_book=487 elapsed=19813.87s
2026-04-12 06:02:06,112 - INFO - 正文章节进度: 671000/9554851 success=670999 failure=1 current_book=487 elapsed=19839.44s
2026-04-12 06:02:31,182 - INFO - 正文章节进度: 672000/9554851 success=671999 failure=1 current_book=487 elapsed=19864.51s
2026-04-12 06:02:34,960 - INFO - 开始抓正文: book_id=488 title=国民校草是女生 pending=1745
2026-04-12 06:02:57,015 - INFO - 正文章节进度: 673000/9554851 success=672999 failure=1 current_book=488 elapsed=19890.34s
2026-04-12 06:03:19,648 - INFO - 开始抓正文: book_id=489 title=大唐贞观第一纨绔 pending=1989
2026-04-12 06:03:22,178 - INFO - 正文章节进度: 674000/9554851 success=673999 failure=1 current_book=489 elapsed=19915.51s
2026-04-12 06:03:52,962 - INFO - 正文章节进度: 675000/9554851 success=674999 failure=1 current_book=489 elapsed=19946.29s
2026-04-12 06:04:21,117 - WARNING - 请求失败，稍后重试: url=https://apibi.cc/api/chapter?id=489&chapterid=1784 attempt=1/5 error=<urlopen error [Errno 54] Connection reset by peer>
2026-04-12 06:04:32,089 - INFO - 开始抓正文: book_id=490 title=神藏 pending=1519
2026-04-12 06:04:35,462 - INFO - 正文章节进度: 676000/9554851 success=675999 failure=1 current_book=490 elapsed=19988.79s
2026-04-12 06:05:03,739 - WARNING - 请求失败，稍后重试: url=https://apibi.cc/api/chapter?id=490&chapterid=926 attempt=1/5 error=<urlopen error [Errno 54] Connection reset by peer>
2026-04-12 06:05:09,495 - INFO - 正文章节进度: 677000/9554851 success=676999 failure=1 current_book=490 elapsed=20022.82s
2026-04-12 06:05:21,668 - INFO - 开始抓正文: book_id=491 title=富贵不能吟 pending=548
2026-04-12 06:05:35,966 - INFO - 开始抓正文: book_id=492 title=帝国吃相 pending=1601
2026-04-12 06:05:37,339 - INFO - 正文章节进度: 678000/9554851 success=677999 failure=1 current_book=492 elapsed=20050.67s
2026-04-12 06:06:02,513 - INFO - 正文章节进度: 679000/9554851 success=678999 failure=1 current_book=492 elapsed=20075.84s
2026-04-12 06:06:16,811 - INFO - 开始抓正文: book_id=493 title=独断大明 pending=1549
2026-04-12 06:06:27,917 - INFO - 正文章节进度: 680000/9554851 success=679999 failure=1 current_book=493 elapsed=20101.25s
2026-04-12 06:06:53,024 - INFO - 正文章节进度: 681000/9554851 success=680999 failure=1 current_book=493 elapsed=20126.35s
2026-04-12 06:06:55,365 - INFO - 开始抓正文: book_id=494 title=诸界末日在线 pending=2250
2026-04-12 06:07:17,945 - INFO - 正文章节进度: 682000/9554851 success=681999 failure=1 current_book=494 elapsed=20151.27s
2026-04-12 06:07:42,996 - INFO - 正文章节进度: 683000/9554851 success=682999 failure=1 current_book=494 elapsed=20176.32s
2026-04-12 06:07:52,271 - INFO - 开始抓正文: book_id=495 title=巫师不朽 pending=954
2026-04-12 06:08:08,774 - INFO - 正文章节进度: 684000/9554851 success=683999 failure=1 current_book=495 elapsed=20202.10s
2026-04-12 06:08:16,421 - INFO - 开始抓正文: book_id=496 title=苍穹之上 pending=1848
2026-04-12 06:08:33,861 - INFO - 正文章节进度: 685000/9554851 success=684999 failure=1 current_book=496 elapsed=20227.19s
2026-04-12 06:08:59,750 - INFO - 正文章节进度: 686000/9554851 success=685999 failure=1 current_book=496 elapsed=20253.08s
2026-04-12 06:09:03,616 - INFO - 开始抓正文: book_id=497 title=机破星河 pending=1682
2026-04-12 06:09:25,018 - INFO - 正文章节进度: 687000/9554851 success=686999 failure=1 current_book=497 elapsed=20278.35s
2026-04-12 06:10:00,929 - WARNING - 请求失败，稍后重试: url=https://apibi.cc/api/chapter?id=497&chapterid=1447 attempt=1/5 error=HTTP Error 522: <none>
2026-04-12 06:10:11,535 - INFO - 开始抓正文: book_id=498 title=进化的四十六亿重奏 pending=4885
2026-04-12 06:10:16,135 - INFO - 正文章节进度: 688000/9554851 success=687999 failure=1 current_book=498 elapsed=20329.46s
2026-04-12 06:10:42,805 - INFO - 正文章节进度: 689000/9554851 success=688999 failure=1 current_book=498 elapsed=20356.13s
2026-04-12 06:11:15,885 - WARNING - 请求失败，稍后重试: url=https://apibi.cc/api/chapter?id=498&chapterid=1692 attempt=1/5 error=HTTP Error 522: <none>
2026-04-12 06:11:32,209 - INFO - 正文章节进度: 690000/9554851 success=689999 failure=1 current_book=498 elapsed=20405.54s
2026-04-12 06:11:58,869 - INFO - 正文章节进度: 691000/9554851 success=690999 failure=1 current_book=498 elapsed=20432.20s
2026-04-12 06:12:24,538 - INFO - 正文章节进度: 692000/9554851 success=691999 failure=1 current_book=498 elapsed=20457.87s
2026-04-12 06:12:43,474 - INFO - 开始抓正文: book_id=499 title=墨唐 pending=1451
2026-04-12 06:12:50,792 - INFO - 正文章节进度: 693000/9554851 success=692999 failure=1 current_book=499 elapsed=20484.12s
2026-04-12 06:13:16,475 - INFO - 正文章节进度: 694000/9554851 success=693999 failure=1 current_book=499 elapsed=20509.80s
2026-04-12 06:13:21,104 - INFO - 开始抓正文: book_id=500 title=超级怪兽工厂 pending=1409
2026-04-12 06:13:42,164 - INFO - 正文章节进度: 695000/9554851 success=694999 failure=1 current_book=500 elapsed=20535.49s
2026-04-12 06:13:57,086 - INFO - 正文书籍进度: 500/10000 chapters=695582/9554851 elapsed=20550.41s
2026-04-12 06:13:57,090 - INFO - 开始抓正文: book_id=501 title=悠闲乡村直播间 pending=1724
2026-04-12 06:14:07,681 - INFO - 正文章节进度: 696000/9554851 success=695999 failure=1 current_book=501 elapsed=20561.01s
2026-04-12 06:14:33,086 - INFO - 正文章节进度: 697000/9554851 success=696999 failure=1 current_book=501 elapsed=20586.41s
2026-04-12 06:14:41,196 - INFO - 开始抓正文: book_id=502 title=特拉福买家俱乐部 pending=4099
2026-04-12 06:14:59,446 - INFO - 正文章节进度: 698000/9554851 success=697999 failure=1 current_book=502 elapsed=20612.77s
2026-04-12 06:15:25,158 - INFO - 正文章节进度: 699000/9554851 success=698999 failure=1 current_book=502 elapsed=20638.49s
2026-04-12 06:15:50,963 - INFO - 正文章节进度: 700000/9554851 success=699999 failure=1 current_book=502 elapsed=20664.29s
2026-04-12 06:16:17,054 - INFO - 正文章节进度: 701000/9554851 success=700999 failure=1 current_book=502 elapsed=20690.38s
2026-04-12 06:16:27,968 - INFO - 开始抓正文: book_id=503 title=春闺密事 pending=1504
2026-04-12 06:16:43,080 - INFO - 正文章节进度: 702000/9554851 success=701999 failure=1 current_book=503 elapsed=20716.41s
2026-04-12 06:17:22,780 - WARNING - 请求失败，稍后重试: url=https://apibi.cc/api/chapter?id=503&chapterid=1407 attempt=1/5 error=HTTP Error 522: <none>
2026-04-12 06:17:31,384 - INFO - 开始抓正文: book_id=504 title=进化之眼 pending=1890
2026-04-12 06:17:33,776 - INFO - 正文章节进度: 703000/9554851 success=702999 failure=1 current_book=504 elapsed=20767.10s
2026-04-12 06:18:00,676 - INFO - 正文章节进度: 704000/9554851 success=703999 failure=1 current_book=504 elapsed=20794.00s
2026-04-12 06:18:21,449 - INFO - 开始抓正文: book_id=505 title=神医凰后 pending=4254
2026-04-12 06:18:26,737 - INFO - 正文章节进度: 705000/9554851 success=704999 failure=1 current_book=505 elapsed=20820.06s
2026-04-12 06:18:52,618 - INFO - 正文章节进度: 706000/9554851 success=705999 failure=1 current_book=505 elapsed=20845.95s
2026-04-12 06:19:17,954 - INFO - 正文章节进度: 707000/9554851 success=706999 failure=1 current_book=505 elapsed=20871.28s
2026-04-12 06:19:43,283 - INFO - 正文章节进度: 708000/9554851 success=707999 failure=1 current_book=505 elapsed=20896.61s
2026-04-12 06:20:08,792 - INFO - 正文章节进度: 709000/9554851 success=708999 failure=1 current_book=505 elapsed=20922.12s
2026-04-12 06:20:10,008 - INFO - 开始抓正文: book_id=506 title=饕餮娇气包在八零 pending=66
2026-04-12 06:20:11,986 - INFO - 开始抓正文: book_id=507 title=农家仙田 pending=1651
2026-04-12 06:20:34,293 - INFO - 正文章节进度: 710000/9554851 success=709999 failure=1 current_book=507 elapsed=20947.62s
2026-04-12 06:20:54,046 - INFO - 开始抓正文: book_id=508 title=权国 pending=3633
2026-04-12 06:20:59,837 - INFO - 正文章节进度: 711000/9554851 success=710999 failure=1 current_book=508 elapsed=20973.16s
2026-04-12 06:21:28,031 - WARNING - 请求失败，稍后重试: url=https://apibi.cc/api/chapter?id=508&chapterid=588 attempt=1/5 error=HTTP Error 522: <none>
2026-04-12 06:21:51,707 - INFO - 正文章节进度: 712000/9554851 success=711999 failure=1 current_book=508 elapsed=21025.04s
2026-04-12 06:22:21,790 - WARNING - 请求失败，稍后重试: url=https://apibi.cc/api/chapter?id=508&chapterid=1633 attempt=1/5 error=HTTP Error 522: <none>
2026-04-12 06:22:54,321 - WARNING - 请求失败，稍后重试: url=https://apibi.cc/api/chapter?id=508&chapterid=1943 attempt=1/5 error=HTTP Error 522: <none>
2026-04-12 06:22:54,321 - WARNING - 请求失败，稍后重试: url=https://apibi.cc/api/chapter?id=508&chapterid=1941 attempt=1/5 error=HTTP Error 522: <none>
2026-04-12 06:23:06,588 - INFO - 正文章节进度: 713000/9554851 success=712999 failure=1 current_book=508 elapsed=21099.92s
2026-04-12 06:23:33,855 - INFO - 正文章节进度: 714000/9554851 success=713999 failure=1 current_book=508 elapsed=21127.18s
2026-04-12 06:23:45,185 - INFO - 开始抓正文: book_id=509 title=心魔 pending=870
2026-04-12 06:24:01,865 - INFO - 正文章节进度: 715000/9554851 success=714999 failure=1 current_book=509 elapsed=21155.19s
2026-04-12 06:24:09,023 - INFO - 开始抓正文: book_id=510 title=江南第一媳 pending=823
2026-04-12 06:24:27,662 - INFO - 正文章节进度: 716000/9554851 success=715999 failure=1 current_book=510 elapsed=21180.99s
2026-04-12 06:24:29,778 - INFO - 开始抓正文: book_id=511 title=归藏剑仙 pending=1057
2026-04-12 06:24:52,676 - INFO - 正文章节进度: 717000/9554851 success=716999 failure=1 current_book=511 elapsed=21206.00s
2026-04-12 06:24:56,635 - INFO - 开始抓正文: book_id=512 title=俗人回档 pending=1519
2026-04-12 06:25:18,246 - INFO - 正文章节进度: 718000/9554851 success=717999 failure=1 current_book=512 elapsed=21231.57s
2026-04-12 06:25:35,460 - INFO - 开始抓正文: book_id=513 title=执魔 pending=1350
2026-04-12 06:25:43,795 - INFO - 正文章节进度: 719000/9554851 success=718999 failure=1 current_book=513 elapsed=21257.12s
2026-04-12 06:26:10,459 - INFO - 正文章节进度: 720000/9554851 success=719999 failure=1 current_book=513 elapsed=21283.79s
2026-04-12 06:26:11,072 - INFO - 开始抓正文: book_id=514 title=龙皇武神 pending=2001
2026-04-12 06:26:35,712 - INFO - 正文章节进度: 721000/9554851 success=720999 failure=1 current_book=514 elapsed=21309.04s
2026-04-12 06:27:01,175 - INFO - 正文章节进度: 722000/9554851 success=721999 failure=1 current_book=514 elapsed=21334.50s
2026-04-12 06:27:01,673 - INFO - 开始抓正文: book_id=515 title=完美人生 pending=1077
2026-04-12 06:27:28,479 - WARNING - 请求失败，稍后重试: url=https://apibi.cc/api/chapter?id=515&chapterid=297 attempt=1/5 error=HTTP Error 522: <none>
2026-04-12 06:27:51,686 - INFO - 正文章节进度: 723000/9554851 success=722999 failure=1 current_book=515 elapsed=21385.01s
2026-04-12 06:27:54,152 - INFO - 开始抓正文: book_id=516 title=山洼小富农 pending=834
2026-04-12 06:28:16,167 - INFO - 开始抓正文: book_id=517 title=钢铁皇朝 pending=1187
2026-04-12 06:28:18,010 - INFO - 正文章节进度: 724000/9554851 success=723999 failure=1 current_book=517 elapsed=21411.34s
2026-04-12 06:28:44,046 - INFO - 正文章节进度: 725000/9554851 success=724999 failure=1 current_book=517 elapsed=21437.37s
2026-04-12 06:28:47,080 - INFO - 开始抓正文: book_id=518 title=覆手繁华 pending=779
2026-04-12 06:29:07,079 - INFO - 开始抓正文: book_id=519 title=惊悚乐园 pending=1537
2026-04-12 06:29:09,684 - INFO - 正文章节进度: 726000/9554851 success=725999 failure=1 current_book=519 elapsed=21463.01s
2026-04-12 06:29:35,382 - INFO - 正文章节进度: 727000/9554851 success=726999 failure=1 current_book=519 elapsed=21488.71s
2026-04-12 06:29:46,165 - INFO - 开始抓正文: book_id=520 title=明末工程师 pending=1157
2026-04-12 06:30:00,668 - INFO - 正文章节进度: 728000/9554851 success=727999 failure=1 current_book=520 elapsed=21514.00s
2026-04-12 06:30:16,287 - INFO - 正文书籍进度: 520/10000 chapters=728594/9554851 elapsed=21529.62s
2026-04-12 06:30:16,291 - INFO - 开始抓正文: book_id=521 title=巫师之旅 pending=2081
2026-04-12 06:30:26,647 - INFO - 正文章节进度: 729000/9554851 success=728999 failure=1 current_book=521 elapsed=21539.98s
2026-04-12 06:30:52,274 - INFO - 正文章节进度: 730000/9554851 success=729999 failure=1 current_book=521 elapsed=21565.60s
2026-04-12 06:31:09,538 - INFO - 开始抓正文: book_id=522 title=择天记 pending=1187
2026-04-12 06:31:18,111 - INFO - 正文章节进度: 731000/9554851 success=730999 failure=1 current_book=522 elapsed=21591.44s
2026-04-12 06:31:40,256 - INFO - 开始抓正文: book_id=523 title=娇宠令 pending=1062
2026-04-12 06:31:43,891 - INFO - 正文章节进度: 732000/9554851 success=731999 failure=1 current_book=523 elapsed=21617.22s
2026-04-12 06:32:07,033 - INFO - 开始抓正文: book_id=524 title=深渊主宰 pending=1105
2026-04-12 06:32:09,013 - INFO - 正文章节进度: 733000/9554851 success=732999 failure=1 current_book=524 elapsed=21642.34s
2026-04-12 06:32:34,078 - INFO - 正文章节进度: 734000/9554851 success=733999 failure=1 current_book=524 elapsed=21667.41s
2026-04-12 06:32:35,090 - INFO - 开始抓正文: book_id=525 title=我的女友是丧尸 pending=1395
2026-04-12 06:33:00,015 - INFO - 正文章节进度: 735000/9554851 success=734999 failure=1 current_book=525 elapsed=21693.34s
2026-04-12 06:33:10,610 - INFO - 开始抓正文: book_id=526 title=天下第一 pending=777
2026-04-12 06:33:25,171 - INFO - 正文章节进度: 736000/9554851 success=735999 failure=1 current_book=526 elapsed=21718.50s
2026-04-12 06:33:30,363 - INFO - 开始抓正文: book_id=527 title=北宋小厨师 pending=1903
2026-04-12 06:33:34,592 - WARNING - 请求失败，稍后重试: url=https://apibi.cc/api/chapter?id=527&chapterid=162 attempt=1/5 error=<urlopen error [SSL: UNEXPECTED_EOF_WHILE_READING] EOF occurred in violation of protocol (_ssl.c:1081)>
2026-04-12 06:33:51,450 - INFO - 正文章节进度: 737000/9554851 success=736999 failure=1 current_book=527 elapsed=21744.78s
2026-04-12 06:34:16,735 - INFO - 正文章节进度: 738000/9554851 success=737999 failure=1 current_book=527 elapsed=21770.06s
2026-04-12 06:34:19,496 - INFO - 开始抓正文: book_id=528 title=人皇 pending=738
2026-04-12 06:34:38,767 - INFO - 开始抓正文: book_id=529 title=百炼成仙 pending=4259
2026-04-12 06:34:42,983 - INFO - 正文章节进度: 739000/9554851 success=738999 failure=1 current_book=529 elapsed=21796.31s
2026-04-12 06:35:08,346 - INFO - 正文章节进度: 740000/9554851 success=739999 failure=1 current_book=529 elapsed=21821.67s
2026-04-12 06:35:33,571 - INFO - 正文章节进度: 741000/9554851 success=740999 failure=1 current_book=529 elapsed=21846.90s
2026-04-12 06:35:59,367 - INFO - 正文章节进度: 742000/9554851 success=741999 failure=1 current_book=529 elapsed=21872.70s
2026-04-12 06:36:24,843 - INFO - 正文章节进度: 743000/9554851 success=742999 failure=1 current_book=529 elapsed=21898.17s
2026-04-12 06:36:27,639 - INFO - 开始抓正文: book_id=530 title=盗墓笔记 pending=484
2026-04-12 06:36:40,529 - INFO - 开始抓正文: book_id=531 title=剑道独尊 pending=1503
2026-04-12 06:36:51,499 - INFO - 正文章节进度: 744000/9554851 success=743999 failure=1 current_book=531 elapsed=21924.83s
2026-04-12 06:37:29,040 - WARNING - 请求失败，稍后重试: url=https://apibi.cc/api/chapter?id=531&chapterid=1109 attempt=1/5 error=HTTP Error 522: <none>
2026-04-12 06:37:41,511 - INFO - 正文章节进度: 745000/9554851 success=744999 failure=1 current_book=531 elapsed=21974.84s
2026-04-12 06:37:44,055 - INFO - 开始抓正文: book_id=532 title=莽荒纪 pending=1455
2026-04-12 06:38:07,974 - INFO - 正文章节进度: 746000/9554851 success=745999 failure=1 current_book=532 elapsed=22001.30s
2026-04-12 06:38:22,768 - INFO - 开始抓正文: book_id=533 title=唐砖 pending=1459
2026-04-12 06:38:34,427 - INFO - 正文章节进度: 747000/9554851 success=746999 failure=1 current_book=533 elapsed=22027.76s
2026-04-12 06:39:00,304 - INFO - 正文章节进度: 748000/9554851 success=747999 failure=1 current_book=533 elapsed=22053.63s
2026-04-12 06:39:00,363 - INFO - 开始抓正文: book_id=534 title=帝尊 pending=1633
2026-04-12 06:39:26,260 - INFO - 正文章节进度: 749000/9554851 success=748999 failure=1 current_book=534 elapsed=22079.59s
2026-04-12 06:39:42,108 - INFO - 开始抓正文: book_id=535 title=王牌 pending=843
2026-04-12 06:39:51,560 - INFO - 正文章节进度: 750000/9554851 success=749999 failure=1 current_book=535 elapsed=22104.89s
2026-04-12 06:40:03,471 - INFO - 开始抓正文: book_id=536 title=明朝伪君子 pending=743
2026-04-12 06:40:16,691 - INFO - 正文章节进度: 751000/9554851 success=750999 failure=1 current_book=536 elapsed=22130.02s
2026-04-12 06:40:22,529 - INFO - 开始抓正文: book_id=537 title=傲世九重天 pending=2623
2026-04-12 06:40:41,987 - INFO - 正文章节进度: 752000/9554851 success=751999 failure=1 current_book=537 elapsed=22155.31s
2026-04-12 06:41:07,252 - INFO - 正文章节进度: 753000/9554851 success=752999 failure=1 current_book=537 elapsed=22180.58s
2026-04-12 06:41:28,719 - INFO - 开始抓正文: book_id=538 title=奥术神座 pending=850
2026-04-12 06:41:32,901 - INFO - 正文章节进度: 754000/9554851 success=753999 failure=1 current_book=538 elapsed=22206.23s
2026-04-12 06:41:50,468 - INFO - 开始抓正文: book_id=539 title=希灵帝国 pending=1685
2026-04-12 06:41:58,158 - INFO - 正文章节进度: 755000/9554851 success=754999 failure=1 current_book=539 elapsed=22231.49s
2026-04-12 06:42:24,411 - INFO - 正文章节进度: 756000/9554851 success=755999 failure=1 current_book=539 elapsed=22257.74s
2026-04-12 06:42:34,255 - INFO - 开始抓正文: book_id=540 title=醉枕江山 pending=1122
2026-04-12 06:42:50,250 - INFO - 正文章节进度: 757000/9554851 success=756999 failure=1 current_book=540 elapsed=22283.58s
2026-04-12 06:43:02,739 - INFO - 正文书籍进度: 540/10000 chapters=757501/9554851 elapsed=22296.07s
2026-04-12 06:43:02,742 - INFO - 开始抓正文: book_id=541 title=求魔 pending=1519
2026-04-12 06:43:15,830 - INFO - 正文章节进度: 758000/9554851 success=757999 failure=1 current_book=541 elapsed=22309.16s
2026-04-12 06:43:40,922 - INFO - 正文章节进度: 759000/9554851 success=758999 failure=1 current_book=541 elapsed=22334.25s
2026-04-12 06:43:41,373 - INFO - 开始抓正文: book_id=542 title=将夜 pending=1132
2026-04-12 06:44:06,748 - INFO - 正文章节进度: 760000/9554851 success=759999 failure=1 current_book=542 elapsed=22360.08s
2026-04-12 06:44:10,842 - INFO - 开始抓正文: book_id=543 title=九重紫 pending=515
2026-04-12 06:44:24,322 - INFO - 开始抓正文: book_id=544 title=光明纪元 pending=2271
2026-04-12 06:44:32,925 - INFO - 正文章节进度: 761000/9554851 success=760999 failure=1 current_book=544 elapsed=22386.25s
2026-04-12 06:44:58,884 - INFO - 正文章节进度: 762000/9554851 success=761999 failure=1 current_book=544 elapsed=22412.21s
2026-04-12 06:45:22,694 - INFO - 开始抓正文: book_id=545 title=拣宝 pending=1049
2026-04-12 06:45:24,367 - INFO - 正文章节进度: 763000/9554851 success=762999 failure=1 current_book=545 elapsed=22437.69s
2026-04-12 06:45:49,417 - INFO - 开始抓正文: book_id=546 title=凡人修仙传 pending=2456
2026-04-12 06:45:50,011 - INFO - 正文章节进度: 764000/9554851 success=763999 failure=1 current_book=546 elapsed=22463.34s
2026-04-12 06:46:29,173 - WARNING - 请求失败，稍后重试: url=https://apibi.cc/api/chapter?id=546&chapterid=792 attempt=1/5 error=HTTP Error 522: <none>
2026-04-12 06:46:41,051 - INFO - 正文章节进度: 765000/9554851 success=764999 failure=1 current_book=546 elapsed=22514.38s
2026-04-12 06:47:07,528 - INFO - 正文章节进度: 766000/9554851 success=765999 failure=1 current_book=546 elapsed=22540.86s
2026-04-12 06:47:19,519 - INFO - 开始抓正文: book_id=547 title=神医圣手 pending=1020
2026-04-12 06:47:34,025 - INFO - 正文章节进度: 767000/9554851 success=766999 failure=1 current_book=547 elapsed=22567.35s
2026-04-12 06:47:45,768 - INFO - 开始抓正文: book_id=548 title=奶爸的文艺人生 pending=1318
2026-04-12 06:48:06,454 - WARNING - 请求失败，稍后重试: url=https://apibi.cc/api/chapter?id=548&chapterid=38 attempt=1/5 error=HTTP Error 522: <none>
2026-04-12 06:48:24,366 - INFO - 正文章节进度: 768000/9554851 success=767999 failure=1 current_book=548 elapsed=22617.69s
2026-04-12 06:48:45,305 - INFO - 开始抓正文: book_id=549 title=重燃 pending=760
2026-04-12 06:48:50,921 - INFO - 正文章节进度: 769000/9554851 success=768999 failure=1 current_book=549 elapsed=22644.25s
2026-04-12 06:49:05,334 - INFO - 开始抓正文: book_id=550 title=儒道至圣 pending=3335
2026-04-12 06:49:17,128 - INFO - 正文章节进度: 770000/9554851 success=769999 failure=1 current_book=550 elapsed=22670.46s
2026-04-12 06:49:42,618 - INFO - 正文章节进度: 771000/9554851 success=770999 failure=1 current_book=550 elapsed=22695.95s
2026-04-12 06:50:08,033 - INFO - 正文章节进度: 772000/9554851 success=771999 failure=1 current_book=550 elapsed=22721.36s
2026-04-12 06:50:30,341 - INFO - 开始抓正文: book_id=551 title=至尊特工 pending=2567
2026-04-12 06:50:33,785 - INFO - 正文章节进度: 773000/9554851 success=772999 failure=1 current_book=551 elapsed=22747.11s
2026-04-12 06:50:58,959 - INFO - 正文章节进度: 774000/9554851 success=773999 failure=1 current_book=551 elapsed=22772.29s
2026-04-12 06:51:20,499 - WARNING - 请求失败，稍后重试: url=https://apibi.cc/api/chapter?id=551&chapterid=1210 attempt=1/5 error=HTTP Error 522: <none>
2026-04-12 06:51:48,842 - INFO - 正文章节进度: 775000/9554851 success=774999 failure=1 current_book=551 elapsed=22822.17s
2026-04-12 06:52:00,616 - INFO - 开始抓正文: book_id=552 title=电影世界大盗 pending=2126
2026-04-12 06:52:15,334 - INFO - 正文章节进度: 776000/9554851 success=775999 failure=1 current_book=552 elapsed=22848.66s
2026-04-12 06:52:40,750 - INFO - 正文章节进度: 777000/9554851 success=776999 failure=1 current_book=552 elapsed=22874.08s
2026-04-12 06:52:55,453 - INFO - 开始抓正文: book_id=553 title=天神诀 pending=3651
2026-04-12 06:53:06,479 - INFO - 正文章节进度: 778000/9554851 success=777999 failure=1 current_book=553 elapsed=22899.81s
2026-04-12 06:53:31,741 - INFO - 正文章节进度: 779000/9554851 success=778999 failure=1 current_book=553 elapsed=22925.07s
2026-04-12 06:53:58,112 - INFO - 正文章节进度: 780000/9554851 success=779999 failure=1 current_book=553 elapsed=22951.44s
2026-04-12 06:54:23,109 - INFO - 正文章节进度: 781000/9554851 success=780999 failure=1 current_book=553 elapsed=22976.44s
2026-04-12 06:54:28,999 - INFO - 开始抓正文: book_id=554 title=我只想当一个安静的学霸 pending=657
2026-04-12 06:54:45,684 - INFO - 开始抓正文: book_id=555 title=造化之王 pending=3453
2026-04-12 06:54:49,092 - INFO - 正文章节进度: 782000/9554851 success=781999 failure=1 current_book=555 elapsed=23002.42s
2026-04-12 06:55:14,452 - INFO - 正文章节进度: 783000/9554851 success=782999 failure=1 current_book=555 elapsed=23027.78s
2026-04-12 06:55:39,872 - INFO - 正文章节进度: 784000/9554851 success=783999 failure=1 current_book=555 elapsed=23053.20s
2026-04-12 06:56:05,854 - INFO - 正文章节进度: 785000/9554851 success=784999 failure=1 current_book=555 elapsed=23079.18s
2026-04-12 06:56:14,224 - INFO - 开始抓正文: book_id=556 title=最强医圣 pending=4258
2026-04-12 06:56:46,641 - WARNING - 请求失败，稍后重试: url=https://apibi.cc/api/chapter?id=556&chapterid=515 attempt=1/5 error=HTTP Error 522: <none>
2026-04-12 06:56:55,020 - INFO - 正文章节进度: 786000/9554851 success=785999 failure=1 current_book=556 elapsed=23128.35s
2026-04-12 06:57:21,515 - INFO - 正文章节进度: 787000/9554851 success=786999 failure=1 current_book=556 elapsed=23154.84s
2026-04-12 06:57:48,163 - INFO - 正文章节进度: 788000/9554851 success=787999 failure=1 current_book=556 elapsed=23181.49s
2026-04-12 06:58:13,417 - INFO - 正文章节进度: 789000/9554851 success=788999 failure=1 current_book=556 elapsed=23206.75s
2026-04-12 06:58:28,462 - INFO - 开始抓正文: book_id=557 title=全职法师 pending=3109
2026-04-12 06:58:38,913 - INFO - 正文章节进度: 790000/9554851 success=789999 failure=1 current_book=557 elapsed=23232.24s
2026-04-12 06:59:04,758 - INFO - 正文章节进度: 791000/9554851 success=790999 failure=1 current_book=557 elapsed=23258.09s
2026-04-12 06:59:36,135 - WARNING - 请求失败，稍后重试: url=https://apibi.cc/api/chapter?id=557&chapterid=1888 attempt=1/5 error=HTTP Error 522: <none>
2026-04-12 06:59:56,549 - INFO - 正文章节进度: 792000/9554851 success=791999 failure=1 current_book=557 elapsed=23309.88s
2026-04-12 07:00:22,736 - WARNING - 请求失败，稍后重试: url=https://apibi.cc/api/chapter?id=557&chapterid=2678 attempt=1/5 error=HTTP Error 522: <none>
2026-04-12 07:00:38,592 - INFO - 开始抓正文: book_id=558 title=混在大唐的工科宅男 pending=2248
2026-04-12 07:01:03,699 - WARNING - 请求失败，稍后重试: url=https://apibi.cc/api/chapter?id=558&chapterid=213 attempt=1/5 error=HTTP Error 522: <none>
2026-04-12 07:01:12,278 - INFO - 正文章节进度: 793000/9554851 success=792999 failure=1 current_book=558 elapsed=23385.61s
2026-04-12 07:01:39,208 - INFO - 正文章节进度: 794000/9554851 success=793999 failure=1 current_book=558 elapsed=23412.54s
2026-04-12 07:02:03,847 - INFO - 开始抓正文: book_id=559 title=无限气运主宰 pending=2040
2026-04-12 07:02:05,349 - INFO - 正文章节进度: 795000/9554851 success=794999 failure=1 current_book=559 elapsed=23438.68s
2026-04-12 07:02:30,412 - INFO - 正文章节进度: 796000/9554851 success=795999 failure=1 current_book=559 elapsed=23463.74s
2026-04-12 07:02:55,327 - INFO - 开始抓正文: book_id=560 title=带着农场混异界 pending=16209
2026-04-12 07:02:56,011 - INFO - 正文章节进度: 797000/9554851 success=796999 failure=1 current_book=560 elapsed=23489.34s
2026-04-12 07:03:21,707 - INFO - 正文章节进度: 798000/9554851 success=797999 failure=1 current_book=560 elapsed=23515.04s
2026-04-12 07:03:47,535 - INFO - 正文章节进度: 799000/9554851 success=798999 failure=1 current_book=560 elapsed=23540.86s
2026-04-12 07:04:14,008 - INFO - 正文章节进度: 800000/9554851 success=799999 failure=1 current_book=560 elapsed=23567.34s
2026-04-12 07:04:21,774 - WARNING - 请求失败，稍后重试: url=https://apibi.cc/api/chapter?id=560&chapterid=3097 attempt=1/5 error=<urlopen error [Errno 54] Connection reset by peer>
2026-04-12 07:04:48,509 - INFO - 正文章节进度: 801000/9554851 success=800999 failure=1 current_book=560 elapsed=23601.84s
2026-04-12 07:05:15,124 - INFO - 正文章节进度: 802000/9554851 success=801999 failure=1 current_book=560 elapsed=23628.45s
2026-04-12 07:05:40,689 - WARNING - 请求失败，稍后重试: url=https://apibi.cc/api/chapter?id=560&chapterid=5261 attempt=1/5 error=HTTP Error 522: <none>
2026-04-12 07:06:09,754 - INFO - 正文章节进度: 803000/9554851 success=802999 failure=1 current_book=560 elapsed=23683.08s
2026-04-12 07:06:37,124 - INFO - 正文章节进度: 804000/9554851 success=803999 failure=1 current_book=560 elapsed=23710.45s
2026-04-12 07:07:03,852 - INFO - 正文章节进度: 805000/9554851 success=804999 failure=1 current_book=560 elapsed=23737.18s
2026-04-12 07:07:30,400 - INFO - 正文章节进度: 806000/9554851 success=805999 failure=1 current_book=560 elapsed=23763.73s
2026-04-12 07:07:56,706 - INFO - 正文章节进度: 807000/9554851 success=806999 failure=1 current_book=560 elapsed=23790.03s
2026-04-12 07:08:23,159 - INFO - 正文章节进度: 808000/9554851 success=807999 failure=1 current_book=560 elapsed=23816.49s
2026-04-12 07:08:50,292 - INFO - 正文章节进度: 809000/9554851 success=808999 failure=1 current_book=560 elapsed=23843.62s
2026-04-12 07:09:16,552 - INFO - 正文章节进度: 810000/9554851 success=809999 failure=1 current_book=560 elapsed=23869.88s
2026-04-12 07:09:43,278 - INFO - 正文章节进度: 811000/9554851 success=810999 failure=1 current_book=560 elapsed=23896.61s
2026-04-12 07:10:10,608 - INFO - 正文章节进度: 812000/9554851 success=811999 failure=1 current_book=560 elapsed=23923.94s
2026-04-12 07:10:37,633 - INFO - 正文章节进度: 813000/9554851 success=812999 failure=1 current_book=560 elapsed=23950.96s
2026-04-12 07:10:42,918 - INFO - 正文书籍进度: 560/10000 chapters=813194/9554851 elapsed=23956.25s
2026-04-12 07:10:42,925 - INFO - 开始抓正文: book_id=561 title=重生之完美未来 pending=2353
2026-04-12 07:11:03,387 - INFO - 正文章节进度: 814000/9554851 success=813999 failure=1 current_book=561 elapsed=23976.72s
2026-04-12 07:11:28,984 - INFO - 正文章节进度: 815000/9554851 success=814999 failure=1 current_book=561 elapsed=24002.31s
2026-04-12 07:12:01,106 - WARNING - 请求失败，稍后重试: url=https://apibi.cc/api/chapter?id=561&chapterid=2321 attempt=1/5 error=HTTP Error 522: <none>
2026-04-12 07:12:07,266 - INFO - 开始抓正文: book_id=562 title=无限先知 pending=3348
2026-04-12 07:12:36,433 - WARNING - 请求失败，稍后重试: url=https://apibi.cc/api/chapter?id=562&chapterid=123 attempt=1/5 error=HTTP Error 522: <none>
2026-04-12 07:12:53,235 - INFO - 正文章节进度: 816000/9554851 success=815999 failure=1 current_book=562 elapsed=24086.56s
2026-04-12 07:13:20,919 - INFO - 正文章节进度: 817000/9554851 success=816999 failure=1 current_book=562 elapsed=24114.25s
2026-04-12 07:13:54,770 - WARNING - 请求失败，稍后重试: url=https://apibi.cc/api/chapter?id=562&chapterid=1996 attempt=1/5 error=HTTP Error 522: <none>
2026-04-12 07:14:15,089 - INFO - 正文章节进度: 818000/9554851 success=817999 failure=1 current_book=562 elapsed=24168.42s
2026-04-12 07:14:37,782 - WARNING - 请求失败，稍后重试: url=https://apibi.cc/api/chapter?id=562&chapterid=2594 attempt=1/5 error=HTTP Error 522: <none>
2026-04-12 07:15:06,803 - WARNING - 请求失败，稍后重试: url=https://apibi.cc/api/chapter?id=562&chapterid=2648 attempt=1/5 error=The read operation timed out
2026-04-12 07:15:31,556 - WARNING - 请求失败，稍后重试: url=https://apibi.cc/api/chapter?id=562&chapterid=2812 attempt=1/5 error=HTTP Error 522: <none>
2026-04-12 07:16:10,744 - WARNING - 请求失败，稍后重试: url=https://apibi.cc/api/chapter?id=562&chapterid=3248 attempt=1/5 error=HTTP Error 522: <none>
2026-04-12 07:16:21,329 - INFO - 开始抓正文: book_id=563 title=圣墟 pending=1687
2026-04-12 07:16:26,179 - INFO - 正文章节进度: 819000/9554851 success=818999 failure=1 current_book=563 elapsed=24299.51s
2026-04-12 07:16:54,241 - INFO - 正文章节进度: 820000/9554851 success=819999 failure=1 current_book=563 elapsed=24327.57s
2026-04-12 07:17:09,634 - INFO - 开始抓正文: book_id=564 title=穿梭时空的侠客 pending=1926
2026-04-12 07:17:20,461 - INFO - 正文章节进度: 821000/9554851 success=820999 failure=1 current_book=564 elapsed=24353.79s
2026-04-12 07:17:45,740 - INFO - 正文章节进度: 822000/9554851 success=821999 failure=1 current_book=564 elapsed=24379.07s
2026-04-12 07:17:58,970 - INFO - 开始抓正文: book_id=565 title=血狱江湖 pending=2213
2026-04-12 07:18:11,768 - INFO - 正文章节进度: 823000/9554851 success=822999 failure=1 current_book=565 elapsed=24405.10s
2026-04-12 07:18:37,227 - INFO - 正文章节进度: 824000/9554851 success=823999 failure=1 current_book=565 elapsed=24430.56s
2026-04-12 07:18:55,608 - INFO - 开始抓正文: book_id=566 title=位面电梯 pending=2099
2026-04-12 07:19:03,034 - INFO - 正文章节进度: 825000/9554851 success=824999 failure=1 current_book=566 elapsed=24456.36s
2026-04-12 07:19:38,854 - WARNING - 请求失败，稍后重试: url=https://apibi.cc/api/chapter?id=566&chapterid=946 attempt=1/5 error=HTTP Error 522: <none>
2026-04-12 07:19:56,635 - INFO - 正文章节进度: 826000/9554851 success=825999 failure=1 current_book=566 elapsed=24509.96s
2026-04-12 07:20:18,306 - INFO - 开始抓正文: book_id=567 title=无敌真寂寞 pending=1179
2026-04-12 07:20:23,335 - INFO - 正文章节进度: 827000/9554851 success=826999 failure=1 current_book=567 elapsed=24536.66s
2026-04-12 07:20:48,853 - INFO - 开始抓正文: book_id=568 title=重生之2006 pending=1484
2026-04-12 07:20:49,203 - INFO - 正文章节进度: 828000/9554851 success=827999 failure=1 current_book=568 elapsed=24562.53s
2026-04-12 07:21:14,243 - INFO - 正文章节进度: 829000/9554851 success=828999 failure=1 current_book=568 elapsed=24587.57s
2026-04-12 07:21:26,455 - INFO - 开始抓正文: book_id=569 title=逆流纯真年代 pending=813
2026-04-12 07:21:55,320 - WARNING - 请求失败，稍后重试: url=https://apibi.cc/api/chapter?id=569&chapterid=370 attempt=1/5 error=HTTP Error 522: <none>
2026-04-12 07:22:07,401 - INFO - 正文章节进度: 830000/9554851 success=829999 failure=1 current_book=569 elapsed=24640.73s
2026-04-12 07:22:20,822 - INFO - 开始抓正文: book_id=570 title=覆汉 pending=564
2026-04-12 07:22:36,526 - INFO - 开始抓正文: book_id=571 title=顾道长生 pending=773
2026-04-12 07:22:40,613 - INFO - 正文章节进度: 831000/9554851 success=830999 failure=1 current_book=571 elapsed=24673.94s
2026-04-12 07:22:57,255 - INFO - 开始抓正文: book_id=572 title=乘鸾 pending=826
2026-04-12 07:23:06,855 - INFO - 正文章节进度: 832000/9554851 success=831999 failure=1 current_book=572 elapsed=24700.18s
2026-04-12 07:23:18,383 - INFO - 开始抓正文: book_id=573 title=牧神记 pending=1893
2026-04-12 07:23:38,982 - WARNING - 请求失败，稍后重试: url=https://apibi.cc/api/chapter?id=573&chapterid=38 attempt=1/5 error=HTTP Error 522: <none>
2026-04-12 07:24:01,036 - INFO - 正文章节进度: 833000/9554851 success=832999 failure=1 current_book=573 elapsed=24754.36s
2026-04-12 07:24:27,299 - INFO - 正文章节进度: 834000/9554851 success=833999 failure=1 current_book=573 elapsed=24780.63s
2026-04-12 07:24:36,630 - INFO - 开始抓正文: book_id=574 title=我的小人国 pending=2294
2026-04-12 07:24:53,092 - INFO - 正文章节进度: 835000/9554851 success=834999 failure=1 current_book=574 elapsed=24806.42s
2026-04-12 07:25:18,149 - INFO - 正文章节进度: 836000/9554851 success=835999 failure=1 current_book=574 elapsed=24831.48s
2026-04-12 07:25:34,959 - INFO - 开始抓正文: book_id=575 title=万古之王 pending=1586
2026-04-12 07:25:44,021 - INFO - 正文章节进度: 837000/9554851 success=836999 failure=1 current_book=575 elapsed=24857.35s
2026-04-12 07:26:09,748 - INFO - 正文章节进度: 838000/9554851 success=837999 failure=1 current_book=575 elapsed=24883.08s
2026-04-12 07:26:15,673 - INFO - 开始抓正文: book_id=576 title=超级母舰 pending=885
2026-04-12 07:26:35,326 - INFO - 正文章节进度: 839000/9554851 success=838999 failure=1 current_book=576 elapsed=24908.65s
2026-04-12 07:26:38,476 - INFO - 开始抓正文: book_id=577 title=回到山沟去种田 pending=1011
2026-04-12 07:27:01,258 - INFO - 正文章节进度: 840000/9554851 success=839999 failure=1 current_book=577 elapsed=24934.59s
2026-04-12 07:27:04,564 - INFO - 开始抓正文: book_id=578 title=都市剑说 pending=1779
2026-04-12 07:27:26,932 - INFO - 正文章节进度: 841000/9554851 success=840999 failure=1 current_book=578 elapsed=24960.26s
2026-04-12 07:27:49,397 - INFO - 开始抓正文: book_id=579 title=武破九荒 pending=6417
2026-04-12 07:27:51,697 - INFO - 正文章节进度: 842000/9554851 success=841999 failure=1 current_book=579 elapsed=24985.02s
2026-04-12 07:28:17,825 - INFO - 正文章节进度: 843000/9554851 success=842999 failure=1 current_book=579 elapsed=25011.15s
2026-04-12 07:28:42,967 - INFO - 正文章节进度: 844000/9554851 success=843999 failure=1 current_book=579 elapsed=25036.30s
2026-04-12 07:29:08,541 - INFO - 正文章节进度: 845000/9554851 success=844999 failure=1 current_book=579 elapsed=25061.87s
2026-04-12 07:29:34,462 - INFO - 正文章节进度: 846000/9554851 success=845999 failure=1 current_book=579 elapsed=25087.79s
2026-04-12 07:30:00,160 - INFO - 正文章节进度: 847000/9554851 success=846999 failure=1 current_book=579 elapsed=25113.49s
2026-04-12 07:30:26,279 - INFO - 正文章节进度: 848000/9554851 success=847999 failure=1 current_book=579 elapsed=25139.61s
2026-04-12 07:30:34,936 - INFO - 开始抓正文: book_id=580 title=天行战记 pending=577
2026-04-12 07:30:49,567 - INFO - 正文书籍进度: 580/10000 chapters=848901/9554851 elapsed=25162.89s
2026-04-12 07:30:49,570 - INFO - 开始抓正文: book_id=581 title=凌天剑神 pending=4353
2026-04-12 07:30:52,063 - INFO - 正文章节进度: 849000/9554851 success=848999 failure=1 current_book=581 elapsed=25165.39s
2026-04-12 07:31:17,652 - INFO - 正文章节进度: 850000/9554851 success=849999 failure=1 current_book=581 elapsed=25190.98s
2026-04-12 07:31:42,944 - INFO - 正文章节进度: 851000/9554851 success=850999 failure=1 current_book=581 elapsed=25216.27s
2026-04-12 07:32:08,421 - INFO - 正文章节进度: 852000/9554851 success=851999 failure=1 current_book=581 elapsed=25241.75s
2026-04-12 07:32:34,374 - INFO - 正文章节进度: 853000/9554851 success=852999 failure=1 current_book=581 elapsed=25267.70s
2026-04-12 07:32:40,772 - INFO - 开始抓正文: book_id=582 title=神话版三国 pending=7369
2026-04-12 07:33:00,033 - INFO - 正文章节进度: 854000/9554851 success=853999 failure=1 current_book=582 elapsed=25293.36s
2026-04-12 07:33:25,776 - INFO - 正文章节进度: 855000/9554851 success=854999 failure=1 current_book=582 elapsed=25319.10s
2026-04-12 07:33:50,823 - INFO - 正文章节进度: 856000/9554851 success=855999 failure=1 current_book=582 elapsed=25344.15s
2026-04-12 07:34:17,243 - INFO - 正文章节进度: 857000/9554851 success=856999 failure=1 current_book=582 elapsed=25370.57s
2026-04-12 07:34:42,873 - INFO - 正文章节进度: 858000/9554851 success=857999 failure=1 current_book=582 elapsed=25396.20s
2026-04-12 07:35:08,647 - INFO - 正文章节进度: 859000/9554851 success=858999 failure=1 current_book=582 elapsed=25421.98s
2026-04-12 07:35:34,698 - INFO - 正文章节进度: 860000/9554851 success=859999 failure=1 current_book=582 elapsed=25448.03s
2026-04-12 07:35:50,611 - INFO - 开始抓正文: book_id=583 title=诡秘之主 pending=1435
2026-04-12 07:36:00,296 - INFO - 正文章节进度: 861000/9554851 success=860999 failure=1 current_book=583 elapsed=25473.62s
2026-04-12 07:36:25,287 - INFO - 正文章节进度: 862000/9554851 success=861999 failure=1 current_book=583 elapsed=25498.62s
2026-04-12 07:36:26,599 - INFO - 开始抓正文: book_id=584 title=道君 pending=1589
2026-04-12 07:36:50,485 - INFO - 正文章节进度: 863000/9554851 success=862999 failure=1 current_book=584 elapsed=25523.81s
2026-04-12 07:37:07,235 - INFO - 开始抓正文: book_id=585 title=抗日之铁血战将 pending=1571
2026-04-12 07:37:16,158 - INFO - 正文章节进度: 864000/9554851 success=863999 failure=1 current_book=585 elapsed=25549.49s
2026-04-12 07:37:41,922 - INFO - 正文章节进度: 865000/9554851 success=864999 failure=1 current_book=585 elapsed=25575.25s
2026-04-12 07:37:47,330 - INFO - 开始抓正文: book_id=586 title=大盗贼 pending=1993
2026-04-12 07:38:07,230 - INFO - 正文章节进度: 866000/9554851 success=865999 failure=1 current_book=586 elapsed=25600.56s
2026-04-12 07:38:32,140 - INFO - 正文章节进度: 867000/9554851 success=866999 failure=1 current_book=586 elapsed=25625.47s
2026-04-12 07:38:37,769 - INFO - 开始抓正文: book_id=587 title=修真聊天群 pending=3177
2026-04-12 07:39:04,683 - WARNING - 请求失败，稍后重试: url=https://apibi.cc/api/chapter?id=587&chapterid=298 attempt=1/5 error=HTTP Error 522: <none>
2026-04-12 07:39:26,864 - INFO - 正文章节进度: 868000/9554851 success=867999 failure=1 current_book=587 elapsed=25680.19s
2026-04-12 07:39:53,077 - INFO - 正文章节进度: 869000/9554851 success=868999 failure=1 current_book=587 elapsed=25706.41s
2026-04-12 07:40:19,041 - INFO - 正文章节进度: 870000/9554851 success=869999 failure=1 current_book=587 elapsed=25732.37s
2026-04-12 07:40:29,016 - INFO - 开始抓正文: book_id=588 title=洪荒之红云大道 pending=2041
2026-04-12 07:40:44,911 - INFO - 正文章节进度: 871000/9554851 success=870999 failure=1 current_book=588 elapsed=25758.24s
2026-04-12 07:41:10,531 - INFO - 正文章节进度: 872000/9554851 success=871999 failure=1 current_book=588 elapsed=25783.86s
2026-04-12 07:41:21,664 - INFO - 开始抓正文: book_id=589 title=重生之资本帝国 pending=765
2026-04-12 07:41:36,190 - INFO - 正文章节进度: 873000/9554851 success=872999 failure=1 current_book=589 elapsed=25809.52s
2026-04-12 07:41:41,127 - INFO - 开始抓正文: book_id=590 title=氪金魔主 pending=1672
2026-04-12 07:42:02,211 - INFO - 正文章节进度: 874000/9554851 success=873999 failure=1 current_book=590 elapsed=25835.54s
2026-04-12 07:42:23,951 - INFO - 开始抓正文: book_id=591 title=大劫主 pending=1004
2026-04-12 07:42:27,862 - INFO - 正文章节进度: 875000/9554851 success=874999 failure=1 current_book=591 elapsed=25861.19s
2026-04-12 07:42:49,710 - INFO - 开始抓正文: book_id=592 title=天唐锦绣 pending=9231
2026-04-12 07:42:53,441 - INFO - 正文章节进度: 876000/9554851 success=875999 failure=1 current_book=592 elapsed=25886.77s
2026-04-12 07:43:18,911 - WARNING - 请求失败，稍后重试: url=https://apibi.cc/api/chapter?id=592&chapterid=358 attempt=1/5 error=HTTP Error 522: <none>
2026-04-12 07:43:49,050 - INFO - 正文章节进度: 877000/9554851 success=876999 failure=1 current_book=592 elapsed=25942.38s
2026-04-12 07:44:18,029 - WARNING - 请求失败，稍后重试: url=https://apibi.cc/api/chapter?id=592&chapterid=1494 attempt=1/5 error=HTTP Error 522: <none>
2026-04-12 07:44:19,328 - WARNING - 请求失败，稍后重试: url=https://apibi.cc/api/chapter?id=592&chapterid=1550 attempt=1/5 error=HTTP Error 522: <none>
2026-04-12 07:44:54,267 - WARNING - 请求失败，稍后重试: url=https://apibi.cc/api/chapter?id=592&chapterid=1567 attempt=1/5 error=The read operation timed out
2026-04-12 07:45:09,797 - INFO - 正文章节进度: 878000/9554851 success=877999 failure=1 current_book=592 elapsed=26023.13s
2026-04-12 07:45:37,452 - INFO - 正文章节进度: 879000/9554851 success=878999 failure=1 current_book=592 elapsed=26050.78s
2026-04-12 07:46:03,294 - INFO - 正文章节进度: 880000/9554851 success=879999 failure=1 current_book=592 elapsed=26076.62s
2026-04-12 07:46:28,947 - INFO - 正文章节进度: 881000/9554851 success=880999 failure=1 current_book=592 elapsed=26102.27s
2026-04-12 07:46:54,898 - INFO - 正文章节进度: 882000/9554851 success=881999 failure=1 current_book=592 elapsed=26128.23s
2026-04-12 07:47:20,388 - INFO - 正文章节进度: 883000/9554851 success=882999 failure=1 current_book=592 elapsed=26153.72s
2026-04-12 07:47:45,978 - INFO - 正文章节进度: 884000/9554851 success=883999 failure=1 current_book=592 elapsed=26179.31s
2026-04-12 07:48:11,853 - INFO - 正文章节进度: 885000/9554851 success=884999 failure=1 current_book=592 elapsed=26205.18s
2026-04-12 07:48:14,258 - INFO - 开始抓正文: book_id=593 title=武炼巅峰 pending=7975
2026-04-12 07:48:37,546 - INFO - 正文章节进度: 886000/9554851 success=885999 failure=1 current_book=593 elapsed=26230.87s
2026-04-12 07:49:02,981 - INFO - 正文章节进度: 887000/9554851 success=886999 failure=1 current_book=593 elapsed=26256.31s
2026-04-12 07:49:35,482 - WARNING - 请求失败，稍后重试: url=https://apibi.cc/api/chapter?id=593&chapterid=2403 attempt=1/5 error=HTTP Error 522: <none>
2026-04-12 07:50:03,153 - WARNING - 请求失败，稍后重试: url=https://apibi.cc/api/chapter?id=593&chapterid=2530 attempt=1/5 error=<urlopen error _ssl.c:1063: The handshake operation timed out>
2026-04-12 07:50:13,647 - INFO - 正文章节进度: 888000/9554851 success=887999 failure=1 current_book=593 elapsed=26326.97s
2026-04-12 07:50:41,530 - INFO - 正文章节进度: 889000/9554851 success=888999 failure=1 current_book=593 elapsed=26354.86s
2026-04-12 07:51:07,759 - INFO - 正文章节进度: 890000/9554851 success=889999 failure=1 current_book=593 elapsed=26381.09s
2026-04-12 07:51:34,432 - INFO - 正文章节进度: 891000/9554851 success=890999 failure=1 current_book=593 elapsed=26407.76s
2026-04-12 07:52:00,049 - INFO - 正文章节进度: 892000/9554851 success=891999 failure=1 current_book=593 elapsed=26433.38s
2026-04-12 07:52:26,063 - INFO - 正文章节进度: 893000/9554851 success=892999 failure=1 current_book=593 elapsed=26459.39s
2026-04-12 07:52:28,251 - INFO - 开始抓正文: book_id=594 title=凤回巢 pending=1340
2026-04-12 07:52:51,639 - INFO - 正文章节进度: 894000/9554851 success=893999 failure=1 current_book=594 elapsed=26484.97s
2026-04-12 07:53:02,223 - INFO - 开始抓正文: book_id=595 title=汉乡 pending=1447
2026-04-12 07:53:17,059 - INFO - 正文章节进度: 895000/9554851 success=894999 failure=1 current_book=595 elapsed=26510.39s
2026-04-12 07:53:38,788 - INFO - 开始抓正文: book_id=596 title=我修的可能是假仙 pending=2461
2026-04-12 07:53:42,534 - INFO - 正文章节进度: 896000/9554851 success=895999 failure=1 current_book=596 elapsed=26535.86s
2026-04-12 07:54:07,697 - INFO - 正文章节进度: 897000/9554851 success=896999 failure=1 current_book=596 elapsed=26561.03s
2026-04-12 07:54:32,821 - INFO - 正文章节进度: 898000/9554851 success=897999 failure=1 current_book=596 elapsed=26586.15s
2026-04-12 07:54:41,018 - INFO - 开始抓正文: book_id=597 title=山沟皇帝 pending=2166
2026-04-12 07:54:58,459 - INFO - 正文章节进度: 899000/9554851 success=898999 failure=1 current_book=597 elapsed=26611.79s
2026-04-12 07:55:23,542 - INFO - 正文章节进度: 900000/9554851 success=899999 failure=1 current_book=597 elapsed=26636.87s
2026-04-12 07:55:40,989 - WARNING - 请求失败，稍后重试: url=https://apibi.cc/api/chapter?id=597&chapterid=1586 attempt=1/5 error=HTTP Error 522: <none>
2026-04-12 07:56:09,821 - WARNING - 请求失败，稍后重试: url=https://apibi.cc/api/chapter?id=597&chapterid=1693 attempt=1/5 error=The read operation timed out
2026-04-12 07:56:15,773 - WARNING - 请求失败，稍后重试: url=https://apibi.cc/api/chapter?id=597&chapterid=1694 attempt=1/5 error=The read operation timed out
2026-04-12 07:56:28,157 - INFO - 开始抓正文: book_id=598 title=从继承一家兵器铺开始 pending=441
2026-04-12 07:56:40,512 - INFO - 开始抓正文: book_id=599 title=重生南美做国王 pending=565
2026-04-12 07:56:42,508 - INFO - 正文章节进度: 901000/9554851 success=900999 failure=1 current_book=599 elapsed=26715.84s
2026-04-12 07:56:55,247 - INFO - 开始抓正文: book_id=600 title=寒门枭士 pending=1055
2026-04-12 07:57:09,077 - INFO - 正文章节进度: 902000/9554851 success=901999 failure=1 current_book=600 elapsed=26742.41s
2026-04-12 07:57:22,653 - INFO - 正文书籍进度: 600/10000 chapters=902551/9554851 elapsed=26755.98s
2026-04-12 07:57:22,660 - INFO - 开始抓正文: book_id=601 title=唐朝小闲人 pending=2071
2026-04-12 07:57:34,270 - INFO - 正文章节进度: 903000/9554851 success=902999 failure=1 current_book=601 elapsed=26767.60s
2026-04-12 07:57:59,750 - INFO - 正文章节进度: 904000/9554851 success=903999 failure=1 current_book=601 elapsed=26793.08s
2026-04-12 07:58:15,597 - INFO - 开始抓正文: book_id=602 title=三界红包群 pending=4890
2026-04-12 07:58:26,165 - INFO - 正文章节进度: 905000/9554851 success=904999 failure=1 current_book=602 elapsed=26819.49s
2026-04-12 07:58:51,137 - INFO - 正文章节进度: 906000/9554851 success=905999 failure=1 current_book=602 elapsed=26844.47s
2026-04-12 07:59:16,661 - INFO - 正文章节进度: 907000/9554851 success=906999 failure=1 current_book=602 elapsed=26869.99s
2026-04-12 07:59:42,588 - INFO - 正文章节进度: 908000/9554851 success=907999 failure=1 current_book=602 elapsed=26895.92s
2026-04-12 08:00:08,359 - INFO - 正文章节进度: 909000/9554851 success=908999 failure=1 current_book=602 elapsed=26921.69s
2026-04-12 08:00:21,360 - INFO - 开始抓正文: book_id=603 title=太初 pending=1766
2026-04-12 08:00:42,042 - WARNING - 请求失败，稍后重试: url=https://apibi.cc/api/chapter?id=603&chapterid=39 attempt=1/5 error=HTTP Error 522: <none>
2026-04-12 08:01:14,297 - WARNING - 请求失败，稍后重试: url=https://apibi.cc/api/chapter?id=603&chapterid=253 attempt=1/5 error=HTTP Error 522: <none>
2026-04-12 08:01:46,676 - WARNING - 请求失败，稍后重试: url=https://apibi.cc/api/chapter?id=603&chapterid=376 attempt=1/5 error=The read operation timed out
2026-04-12 08:01:55,171 - INFO - 正文章节进度: 910000/9554851 success=909999 failure=1 current_book=603 elapsed=27028.50s
2026-04-12 08:02:16,762 - WARNING - 请求失败，稍后重试: url=https://apibi.cc/api/chapter?id=603&chapterid=578 attempt=1/5 error=HTTP Error 522: <none>
2026-04-12 08:02:47,424 - WARNING - 请求失败，稍后重试: url=https://apibi.cc/api/chapter?id=603&chapterid=608 attempt=1/5 error=The read operation timed out
2026-04-12 08:03:12,689 - INFO - 正文章节进度: 911000/9554851 success=910999 failure=1 current_book=603 elapsed=27106.02s
2026-04-12 08:03:20,620 - INFO - 开始抓正文: book_id=604 title=反叛的大魔王 pending=1395
2026-04-12 08:03:39,987 - INFO - 正文章节进度: 912000/9554851 success=911999 failure=1 current_book=604 elapsed=27133.32s
2026-04-12 08:03:58,487 - INFO - 开始抓正文: book_id=605 title=超维术士 pending=4402
2026-04-12 08:04:06,923 - INFO - 正文章节进度: 913000/9554851 success=912999 failure=1 current_book=605 elapsed=27160.25s
2026-04-12 08:04:56,216 - INFO - 正文章节进度: 914000/9554851 success=913999 failure=1 current_book=605 elapsed=27209.54s
2026-04-12 08:05:23,449 - INFO - 正文章节进度: 915000/9554851 success=914999 failure=1 current_book=605 elapsed=27236.78s
2026-04-12 08:05:48,912 - INFO - 正文章节进度: 916000/9554851 success=915999 failure=1 current_book=605 elapsed=27262.24s
2026-04-12 08:06:14,805 - INFO - 正文章节进度: 917000/9554851 success=916999 failure=1 current_book=605 elapsed=27288.13s
2026-04-12 08:06:16,455 - INFO - 开始抓正文: book_id=606 title=似锦 pending=843
2026-04-12 08:06:37,786 - INFO - 开始抓正文: book_id=607 title=正版修仙 pending=1370
2026-04-12 08:06:39,866 - INFO - 正文章节进度: 918000/9554851 success=917999 failure=1 current_book=607 elapsed=27313.19s
2026-04-12 08:07:05,329 - INFO - 正文章节进度: 919000/9554851 success=918999 failure=1 current_book=607 elapsed=27338.66s
2026-04-12 08:07:12,465 - INFO - 开始抓正文: book_id=608 title=独步成仙 pending=5920
2026-04-12 08:07:30,233 - INFO - 正文章节进度: 920000/9554851 success=919999 failure=1 current_book=608 elapsed=27363.56s
2026-04-12 08:07:55,611 - INFO - 正文章节进度: 921000/9554851 success=920999 failure=1 current_book=608 elapsed=27388.94s
2026-04-12 08:08:20,818 - INFO - 正文章节进度: 922000/9554851 success=921999 failure=1 current_book=608 elapsed=27414.15s
2026-04-12 08:08:46,103 - INFO - 正文章节进度: 923000/9554851 success=922999 failure=1 current_book=608 elapsed=27439.43s
2026-04-12 08:09:10,967 - WARNING - 请求失败，稍后重试: url=https://apibi.cc/api/chapter?id=608&chapterid=3931 attempt=1/5 error=HTTP Error 522: <none>
2026-04-12 08:09:42,998 - INFO - 正文章节进度: 924000/9554851 success=923999 failure=1 current_book=608 elapsed=27496.33s
2026-04-12 08:10:23,159 - WARNING - 请求失败，稍后重试: url=https://apibi.cc/api/chapter?id=608&chapterid=5489 attempt=1/5 error=HTTP Error 522: <none>
2026-04-12 08:10:38,201 - INFO - 正文章节进度: 925000/9554851 success=924999 failure=1 current_book=608 elapsed=27551.53s
2026-04-12 08:10:44,086 - INFO - 开始抓正文: book_id=609 title=电影世界逍遥行 pending=2143
2026-04-12 08:11:05,122 - INFO - 正文章节进度: 926000/9554851 success=925999 failure=1 current_book=609 elapsed=27578.45s
2026-04-12 08:11:31,206 - INFO - 正文章节进度: 927000/9554851 success=926999 failure=1 current_book=609 elapsed=27604.53s
2026-04-12 08:11:40,479 - INFO - 开始抓正文: book_id=610 title=洪荒之逆天妖帝 pending=548
2026-04-12 08:11:54,780 - INFO - 开始抓正文: book_id=611 title=科技图书馆 pending=1135
2026-04-12 08:11:57,339 - INFO - 正文章节进度: 928000/9554851 success=927999 failure=1 current_book=611 elapsed=27630.67s
2026-04-12 08:12:22,861 - INFO - 正文章节进度: 929000/9554851 success=928999 failure=1 current_book=611 elapsed=27656.19s
2026-04-12 08:12:23,594 - INFO - 开始抓正文: book_id=612 title=间谍的战争 pending=1527
2026-04-12 08:12:48,294 - INFO - 正文章节进度: 930000/9554851 success=929999 failure=1 current_book=612 elapsed=27681.62s
2026-04-12 08:13:02,192 - INFO - 开始抓正文: book_id=613 title=永恒圣帝 pending=4380
2026-04-12 08:13:13,500 - INFO - 正文章节进度: 931000/9554851 success=930999 failure=1 current_book=613 elapsed=27706.83s
2026-04-12 08:13:38,232 - WARNING - 请求失败，稍后重试: url=https://apibi.cc/api/chapter?id=613&chapterid=639 attempt=1/5 error=HTTP Error 522: <none>
2026-04-12 08:14:09,693 - INFO - 正文章节进度: 932000/9554851 success=931999 failure=1 current_book=613 elapsed=27763.02s
2026-04-12 08:14:36,466 - INFO - 正文章节进度: 933000/9554851 success=932999 failure=1 current_book=613 elapsed=27789.79s
2026-04-12 08:15:01,983 - INFO - 正文章节进度: 934000/9554851 success=933999 failure=1 current_book=613 elapsed=27815.31s
2026-04-12 08:15:26,656 - INFO - 开始抓正文: book_id=614 title=箭魔 pending=5518
2026-04-12 08:15:28,272 - INFO - 正文章节进度: 935000/9554851 success=934999 failure=1 current_book=614 elapsed=27841.60s
2026-04-12 08:15:53,440 - INFO - 正文章节进度: 936000/9554851 success=935999 failure=1 current_book=614 elapsed=27866.77s
2026-04-12 08:16:19,042 - INFO - 正文章节进度: 937000/9554851 success=936999 failure=1 current_book=614 elapsed=27892.37s
2026-04-12 08:16:45,562 - INFO - 正文章节进度: 938000/9554851 success=937999 failure=1 current_book=614 elapsed=27918.89s
2026-04-12 08:17:11,310 - INFO - 正文章节进度: 939000/9554851 success=938999 failure=1 current_book=614 elapsed=27944.64s
2026-04-12 08:17:36,910 - INFO - 正文章节进度: 940000/9554851 success=939999 failure=1 current_book=614 elapsed=27970.24s
2026-04-12 08:17:48,457 - INFO - 开始抓正文: book_id=615 title=神话禁区 pending=917
2026-04-12 08:18:02,230 - INFO - 正文章节进度: 941000/9554851 success=940999 failure=1 current_book=615 elapsed=27995.56s
2026-04-12 08:18:11,592 - INFO - 开始抓正文: book_id=616 title=洪荒之妖皇逆天 pending=1155
2026-04-12 08:18:27,700 - INFO - 正文章节进度: 942000/9554851 success=941999 failure=1 current_book=616 elapsed=28021.03s
2026-04-12 08:18:41,095 - INFO - 开始抓正文: book_id=617 title=我从凡间来 pending=3822
2026-04-12 08:18:53,029 - INFO - 正文章节进度: 943000/9554851 success=942999 failure=1 current_book=617 elapsed=28046.36s
2026-04-12 08:19:18,905 - INFO - 正文章节进度: 944000/9554851 success=943999 failure=1 current_book=617 elapsed=28072.23s
2026-04-12 08:19:44,722 - INFO - 正文章节进度: 945000/9554851 success=944999 failure=1 current_book=617 elapsed=28098.05s
2026-04-12 08:20:10,184 - INFO - 正文章节进度: 946000/9554851 success=945999 failure=1 current_book=617 elapsed=28123.51s
2026-04-12 08:20:27,368 - WARNING - 请求失败，稍后重试: url=https://apibi.cc/api/chapter?id=617&chapterid=3380 attempt=1/5 error=HTTP Error 522: <none>
2026-04-12 08:20:48,682 - INFO - 开始抓正文: book_id=618 title=神级大魔头 pending=2962
2026-04-12 08:21:06,346 - INFO - 正文章节进度: 947000/9554851 success=946999 failure=1 current_book=618 elapsed=28179.67s
2026-04-12 08:21:47,239 - WARNING - 请求失败，稍后重试: url=https://apibi.cc/api/chapter?id=618&chapterid=1471 attempt=1/5 error=HTTP Error 522: <none>
2026-04-12 08:21:58,175 - INFO - 正文章节进度: 948000/9554851 success=947999 failure=1 current_book=618 elapsed=28231.50s
2026-04-12 08:22:25,624 - INFO - 正文章节进度: 949000/9554851 success=948999 failure=1 current_book=618 elapsed=28258.95s
2026-04-12 08:22:33,918 - INFO - 开始抓正文: book_id=619 title=女帝家的小白脸 pending=1266
2026-04-12 08:22:51,687 - INFO - 正文章节进度: 950000/9554851 success=949999 failure=1 current_book=619 elapsed=28285.02s
2026-04-12 08:23:06,674 - INFO - 开始抓正文: book_id=620 title=史上最强店主 pending=1814
2026-04-12 08:23:17,664 - INFO - 正文章节进度: 951000/9554851 success=950999 failure=1 current_book=620 elapsed=28310.99s
2026-04-12 08:23:42,951 - INFO - 正文章节进度: 952000/9554851 success=951999 failure=1 current_book=620 elapsed=28336.28s
2026-04-12 08:23:55,003 - INFO - 正文书籍进度: 620/10000 chapters=952395/9554851 elapsed=28348.33s
2026-04-12 08:23:55,005 - INFO - 开始抓正文: book_id=621 title=厉害了我的原始人 pending=953
2026-04-12 08:24:10,369 - INFO - 正文章节进度: 953000/9554851 success=952999 failure=1 current_book=621 elapsed=28363.70s
2026-04-12 08:24:19,059 - INFO - 开始抓正文: book_id=622 title=飞剑问道 pending=739
2026-04-12 08:24:36,120 - INFO - 正文章节进度: 954000/9554851 success=953999 failure=1 current_book=622 elapsed=28389.45s
2026-04-12 08:24:38,555 - INFO - 开始抓正文: book_id=623 title=移动藏经阁 pending=4016
2026-04-12 08:25:02,187 - INFO - 正文章节进度: 955000/9554851 success=954999 failure=1 current_book=623 elapsed=28415.52s
2026-04-12 08:25:27,441 - INFO - 正文章节进度: 956000/9554851 success=955999 failure=1 current_book=623 elapsed=28440.77s
2026-04-12 08:25:52,821 - INFO - 正文章节进度: 957000/9554851 success=956999 failure=1 current_book=623 elapsed=28466.15s
2026-04-12 08:26:18,258 - INFO - 正文章节进度: 958000/9554851 success=957999 failure=1 current_book=623 elapsed=28491.59s
2026-04-12 08:26:20,868 - INFO - 开始抓正文: book_id=624 title=逍遥侯 pending=1839
2026-04-12 08:26:43,340 - INFO - 正文章节进度: 959000/9554851 success=958999 failure=1 current_book=624 elapsed=28516.67s
2026-04-12 08:27:07,389 - INFO - 开始抓正文: book_id=625 title=临高启明 pending=2990
2026-04-12 08:27:09,061 - INFO - 正文章节进度: 960000/9554851 success=959999 failure=1 current_book=625 elapsed=28542.39s
2026-04-12 08:27:37,960 - WARNING - 请求失败，稍后重试: url=https://apibi.cc/api/chapter?id=625&chapterid=449 attempt=1/5 error=HTTP Error 522: <none>
2026-04-12 08:28:13,051 - WARNING - 请求失败，稍后重试: url=https://apibi.cc/api/chapter?id=625&chapterid=687 attempt=1/5 error=HTTP Error 522: <none>
2026-04-12 08:28:40,175 - WARNING - 请求失败，稍后重试: url=https://apibi.cc/api/chapter?id=625&chapterid=724 attempt=1/5 error=The read operation timed out
2026-04-12 08:28:49,855 - INFO - 正文章节进度: 961000/9554851 success=960999 failure=1 current_book=625 elapsed=28643.18s
2026-04-12 08:29:23,433 - WARNING - 请求失败，稍后重试: url=https://apibi.cc/api/chapter?id=625&chapterid=1570 attempt=1/5 error=HTTP Error 522: <none>
2026-04-12 08:29:51,169 - INFO - 正文章节进度: 962000/9554851 success=961999 failure=1 current_book=625 elapsed=28704.50s
2026-04-12 08:30:14,122 - WARNING - 请求失败，稍后重试: url=https://apibi.cc/api/chapter?id=625&chapterid=2190 attempt=1/5 error=HTTP Error 522: <none>
2026-04-12 08:30:43,403 - INFO - 开始抓正文: book_id=626 title=重生奋斗俏甜妻 pending=1788
2026-04-12 08:30:45,287 - INFO - 正文章节进度: 963000/9554851 success=962999 failure=1 current_book=626 elapsed=28758.61s
2026-04-12 08:31:11,545 - INFO - 正文章节进度: 964000/9554851 success=963999 failure=1 current_book=626 elapsed=28784.87s
2026-04-12 08:31:30,344 - INFO - 开始抓正文: book_id=627 title=学霸的黑科技系统 pending=1681
2026-04-12 08:31:37,780 - INFO - 正文章节进度: 965000/9554851 success=964999 failure=1 current_book=627 elapsed=28811.11s
2026-04-12 08:32:03,322 - INFO - 正文章节进度: 966000/9554851 success=965999 failure=1 current_book=627 elapsed=28836.65s
2026-04-12 08:32:13,982 - INFO - 开始抓正文: book_id=628 title=古董商的寻宝之旅 pending=2164
2026-04-12 08:32:28,841 - INFO - 正文章节进度: 967000/9554851 success=966999 failure=1 current_book=628 elapsed=28862.17s
2026-04-12 08:32:54,661 - INFO - 正文章节进度: 968000/9554851 success=967999 failure=1 current_book=628 elapsed=28887.99s
2026-04-12 08:33:09,429 - INFO - 开始抓正文: book_id=629 title=一指成仙 pending=1308
2026-04-12 08:33:20,311 - INFO - 正文章节进度: 969000/9554851 success=968999 failure=1 current_book=629 elapsed=28913.64s
2026-04-12 08:33:43,068 - INFO - 开始抓正文: book_id=630 title=寒门崛起 pending=2301
2026-04-12 08:33:46,555 - INFO - 正文章节进度: 970000/9554851 success=969999 failure=1 current_book=630 elapsed=28939.88s
2026-04-12 08:34:11,075 - INFO - 正文章节进度: 971000/9554851 success=970999 failure=1 current_book=630 elapsed=28964.40s
2026-04-12 08:34:36,037 - INFO - 正文章节进度: 972000/9554851 success=971999 failure=1 current_book=630 elapsed=28989.36s
2026-04-12 08:34:40,663 - INFO - 开始抓正文: book_id=631 title=帝逆洪荒 pending=2142
2026-04-12 08:35:01,444 - INFO - 正文章节进度: 973000/9554851 success=972999 failure=1 current_book=631 elapsed=29014.77s
2026-04-12 08:35:27,269 - INFO - 正文章节进度: 974000/9554851 success=973999 failure=1 current_book=631 elapsed=29040.60s
2026-04-12 08:35:35,454 - INFO - 开始抓正文: book_id=632 title=大魏宫廷 pending=1747
2026-04-12 08:35:52,720 - INFO - 正文章节进度: 975000/9554851 success=974999 failure=1 current_book=632 elapsed=29066.05s
2026-04-12 08:36:18,517 - INFO - 正文章节进度: 976000/9554851 success=975999 failure=1 current_book=632 elapsed=29091.84s
2026-04-12 08:36:20,061 - INFO - 开始抓正文: book_id=633 title=至尊剑皇 pending=2801
2026-04-12 08:36:44,900 - INFO - 正文章节进度: 977000/9554851 success=976999 failure=1 current_book=633 elapsed=29118.23s
2026-04-12 08:37:10,449 - INFO - 正文章节进度: 978000/9554851 success=977999 failure=1 current_book=633 elapsed=29143.78s
2026-04-12 08:37:31,840 - INFO - 开始抓正文: book_id=634 title=神级农场 pending=2330
2026-04-12 08:37:35,516 - INFO - 正文章节进度: 979000/9554851 success=978999 failure=1 current_book=634 elapsed=29168.84s
2026-04-12 08:38:00,838 - INFO - 正文章节进度: 980000/9554851 success=979999 failure=1 current_book=634 elapsed=29194.17s
2026-04-12 08:38:26,244 - INFO - 正文章节进度: 981000/9554851 success=980999 failure=1 current_book=634 elapsed=29219.57s
2026-04-12 08:38:31,295 - INFO - 开始抓正文: book_id=635 title=坐忘长生 pending=1996
2026-04-12 08:38:51,780 - INFO - 正文章节进度: 982000/9554851 success=981999 failure=1 current_book=635 elapsed=29245.11s
2026-04-12 08:39:17,291 - INFO - 正文章节进度: 983000/9554851 success=982999 failure=1 current_book=635 elapsed=29270.62s
2026-04-12 08:39:22,018 - INFO - 开始抓正文: book_id=636 title=腹黑狂妃太凶猛 pending=2707
2026-04-12 08:39:42,408 - INFO - 正文章节进度: 984000/9554851 success=983999 failure=1 current_book=636 elapsed=29295.74s
2026-04-12 08:40:07,843 - INFO - 正文章节进度: 985000/9554851 success=984999 failure=1 current_book=636 elapsed=29321.17s
2026-04-12 08:40:30,466 - INFO - 开始抓正文: book_id=637 title=我的钢铁战衣 pending=1560
2026-04-12 08:40:33,034 - INFO - 正文章节进度: 986000/9554851 success=985999 failure=1 current_book=637 elapsed=29346.36s
2026-04-12 08:40:58,961 - INFO - 正文章节进度: 987000/9554851 success=986999 failure=1 current_book=637 elapsed=29372.29s
2026-04-12 08:41:10,329 - INFO - 开始抓正文: book_id=638 title=我要做门阀 pending=1331
2026-04-12 08:41:23,901 - INFO - 正文章节进度: 988000/9554851 success=987999 failure=1 current_book=638 elapsed=29397.23s
2026-04-12 08:41:44,256 - INFO - 开始抓正文: book_id=639 title=师父又掉线了 pending=704
2026-04-12 08:41:49,520 - INFO - 正文章节进度: 989000/9554851 success=988999 failure=1 current_book=639 elapsed=29422.85s
2026-04-12 08:42:01,883 - INFO - 开始抓正文: book_id=640 title=万古大帝 pending=3503
2026-04-12 08:42:14,841 - INFO - 正文章节进度: 990000/9554851 success=989999 failure=1 current_book=640 elapsed=29448.17s
2026-04-12 08:42:40,117 - INFO - 正文章节进度: 991000/9554851 success=990999 failure=1 current_book=640 elapsed=29473.45s
2026-04-12 08:43:05,781 - INFO - 正文章节进度: 992000/9554851 success=991999 failure=1 current_book=640 elapsed=29499.11s
2026-04-12 08:43:31,955 - INFO - 正文书籍进度: 640/10000 chapters=992995/9554851 elapsed=29525.28s
2026-04-12 08:43:31,959 - INFO - 开始抓正文: book_id=641 title=宠物天王 pending=1814
2026-04-12 08:43:32,386 - INFO - 正文章节进度: 993000/9554851 success=992999 failure=1 current_book=641 elapsed=29525.71s
2026-04-12 08:43:57,577 - INFO - 正文章节进度: 994000/9554851 success=993999 failure=1 current_book=641 elapsed=29550.91s
2026-04-12 08:44:35,791 - WARNING - 请求失败，稍后重试: url=https://apibi.cc/api/chapter?id=641&chapterid=1745 attempt=1/5 error=HTTP Error 522: <none>
2026-04-12 08:44:49,612 - INFO - 开始抓正文: book_id=642 title=穿越诸天万界 pending=950
2026-04-12 08:44:54,696 - INFO - 正文章节进度: 995000/9554851 success=994999 failure=1 current_book=642 elapsed=29608.02s
2026-04-12 08:45:15,414 - INFO - 开始抓正文: book_id=643 title=寒门状元 pending=2678
2026-04-12 08:45:22,067 - INFO - 正文章节进度: 996000/9554851 success=995999 failure=1 current_book=643 elapsed=29635.39s
2026-04-12 08:45:47,918 - INFO - 正文章节进度: 997000/9554851 success=996999 failure=1 current_book=643 elapsed=29661.25s
2026-04-12 08:46:13,531 - INFO - 正文章节进度: 998000/9554851 success=997999 failure=1 current_book=643 elapsed=29686.86s
2026-04-12 08:46:25,408 - INFO - 开始抓正文: book_id=644 title=重生原始时代 pending=1498
2026-04-12 08:46:39,671 - INFO - 正文章节进度: 999000/9554851 success=998999 failure=1 current_book=644 elapsed=29713.00s
2026-04-12 08:47:03,700 - INFO - 开始抓正文: book_id=645 title=古代农家日常 pending=897
2026-04-12 08:47:05,517 - INFO - 正文章节进度: 1000000/9554851 success=999999 failure=1 current_book=645 elapsed=29738.85s
2026-04-12 08:47:37,038 - WARNING - 请求失败，稍后重试: url=https://apibi.cc/api/chapter?id=645&chapterid=573 attempt=1/5 error=HTTP Error 522: <none>
2026-04-12 08:48:08,988 - WARNING - 请求失败，稍后重试: url=https://apibi.cc/api/chapter?id=645&chapterid=612 attempt=1/5 error=<urlopen error _ssl.c:1063: The handshake operation timed out>
2026-04-12 08:48:09,907 - WARNING - 请求失败，稍后重试: url=https://apibi.cc/api/chapter?id=645&chapterid=617 attempt=1/5 error=The read operation timed out
2026-04-12 08:48:10,140 - WARNING - 请求失败，稍后重试: url=https://apibi.cc/api/chapter?id=645&chapterid=610 attempt=1/5 error=The read operation timed out
2026-04-12 08:48:19,322 - INFO - 开始抓正文: book_id=646 title=诡神冢 pending=2151
2026-04-12 08:48:40,354 - WARNING - 请求失败，稍后重试: url=https://apibi.cc/api/chapter?id=646&chapterid=57 attempt=1/5 error=HTTP Error 522: <none>
2026-04-12 08:48:50,524 - INFO - 正文章节进度: 1001000/9554851 success=1000999 failure=1 current_book=646 elapsed=29843.85s
2026-04-12 08:49:08,107 - WARNING - 请求失败，稍后重试: url=https://apibi.cc/api/chapter?id=646&chapterid=132 attempt=1/5 error=The read operation timed out
2026-04-12 08:49:11,736 - WARNING - 请求失败，稍后重试: url=https://apibi.cc/api/chapter?id=646&chapterid=141 attempt=1/5 error=The read operation timed out
2026-04-12 08:49:39,739 - INFO - 正文章节进度: 1002000/9554851 success=1001999 failure=1 current_book=646 elapsed=29893.07s
2026-04-12 08:50:05,913 - INFO - 开始抓正文: book_id=647 title=大国重工 pending=914
2026-04-12 08:50:06,608 - INFO - 正文章节进度: 1003000/9554851 success=1002999 failure=1 current_book=647 elapsed=29919.94s
2026-04-12 08:50:29,251 - INFO - 开始抓正文: book_id=648 title=修行在万界星空 pending=1495
2026-04-12 08:50:31,886 - INFO - 正文章节进度: 1004000/9554851 success=1003999 failure=1 current_book=648 elapsed=29945.21s
2026-04-12 08:50:57,428 - INFO - 正文章节进度: 1005000/9554851 success=1004999 failure=1 current_book=648 elapsed=29970.76s
2026-04-12 08:51:18,290 - WARNING - 请求失败，稍后重试: url=https://apibi.cc/api/chapter?id=648&chapterid=1184 attempt=1/5 error=HTTP Error 522: <none>
2026-04-12 08:51:33,730 - INFO - 开始抓正文: book_id=649 title=末日乐园 pending=2471
2026-04-12 08:51:50,088 - INFO - 正文章节进度: 1006000/9554851 success=1005999 failure=1 current_book=649 elapsed=30023.42s
2026-04-12 08:52:15,938 - INFO - 正文章节进度: 1007000/9554851 success=1006999 failure=1 current_book=649 elapsed=30049.27s
2026-04-12 08:52:37,982 - INFO - 开始抓正文: book_id=650 title=未来天王 pending=512
2026-04-12 08:52:41,827 - INFO - 正文章节进度: 1008000/9554851 success=1007999 failure=1 current_book=650 elapsed=30075.16s
2026-04-12 08:52:51,041 - INFO - 开始抓正文: book_id=651 title=王者时刻 pending=520
2026-04-12 08:53:04,290 - INFO - 开始抓正文: book_id=652 title=女帝直播攻略 pending=1880
2026-04-12 08:53:07,023 - INFO - 正文章节进度: 1009000/9554851 success=1008999 failure=1 current_book=652 elapsed=30100.35s
2026-04-12 08:53:32,897 - INFO - 正文章节进度: 1010000/9554851 success=1009999 failure=1 current_book=652 elapsed=30126.22s
2026-04-12 08:53:52,121 - INFO - 开始抓正文: book_id=653 title=英雄监狱 pending=1790
2026-04-12 08:53:57,710 - INFO - 正文章节进度: 1011000/9554851 success=1010999 failure=1 current_book=653 elapsed=30151.04s
2026-04-12 08:54:23,304 - INFO - 正文章节进度: 1012000/9554851 success=1011999 failure=1 current_book=653 elapsed=30176.63s
2026-04-12 08:54:37,415 - INFO - 开始抓正文: book_id=654 title=我是仙凡 pending=837
2026-04-12 08:54:48,434 - INFO - 正文章节进度: 1013000/9554851 success=1012999 failure=1 current_book=654 elapsed=30201.76s
2026-04-12 08:54:58,598 - INFO - 开始抓正文: book_id=655 title=一品修仙 pending=1089
2026-04-12 08:55:14,443 - INFO - 正文章节进度: 1014000/9554851 success=1013999 failure=1 current_book=655 elapsed=30227.77s
2026-04-12 08:55:27,443 - INFO - 开始抓正文: book_id=656 title=贞观大闲人 pending=971
2026-04-12 08:55:40,304 - INFO - 正文章节进度: 1015000/9554851 success=1014999 failure=1 current_book=656 elapsed=30253.63s
2026-04-12 08:55:52,257 - INFO - 开始抓正文: book_id=657 title=明王首辅 pending=1523
2026-04-12 08:56:05,830 - INFO - 正文章节进度: 1016000/9554851 success=1015999 failure=1 current_book=657 elapsed=30279.16s
2026-04-12 08:56:32,079 - INFO - 开始抓正文: book_id=658 title=侠行天下 pending=1091
2026-04-12 08:56:32,718 - INFO - 正文章节进度: 1017000/9554851 success=1016999 failure=1 current_book=658 elapsed=30306.05s
2026-04-12 08:56:57,241 - INFO - 正文章节进度: 1018000/9554851 success=1017999 failure=1 current_book=658 elapsed=30330.57s
2026-04-12 08:56:59,358 - INFO - 开始抓正文: book_id=659 title=天启之门 pending=894
2026-04-12 08:57:22,447 - INFO - 开始抓正文: book_id=660 title=火影之最强卡卡西 pending=881
2026-04-12 08:57:23,457 - INFO - 正文章节进度: 1019000/9554851 success=1018999 failure=1 current_book=660 elapsed=30356.78s
2026-04-12 08:57:45,102 - INFO - 正文书籍进度: 660/10000 chapters=1019851/9554851 elapsed=30378.43s
2026-04-12 08:57:45,105 - INFO - 开始抓正文: book_id=661 title=调教大宋 pending=1032
2026-04-12 08:57:49,104 - INFO - 正文章节进度: 1020000/9554851 success=1019999 failure=1 current_book=661 elapsed=30382.43s
2026-04-12 08:58:12,055 - INFO - 开始抓正文: book_id=662 title=武道霸主 pending=3268
2026-04-12 08:58:14,920 - INFO - 正文章节进度: 1021000/9554851 success=1020999 failure=1 current_book=662 elapsed=30408.25s
2026-04-12 08:58:40,763 - INFO - 正文章节进度: 1022000/9554851 success=1021999 failure=1 current_book=662 elapsed=30434.09s
2026-04-12 08:59:05,734 - INFO - 正文章节进度: 1023000/9554851 success=1022999 failure=1 current_book=662 elapsed=30459.06s
2026-04-12 08:59:40,568 - WARNING - 请求失败，稍后重试: url=https://apibi.cc/api/chapter?id=662&chapterid=2711 attempt=1/5 error=HTTP Error 522: <none>
2026-04-12 08:59:58,406 - INFO - 正文章节进度: 1024000/9554851 success=1023999 failure=1 current_book=662 elapsed=30511.73s
2026-04-12 09:00:02,852 - INFO - 开始抓正文: book_id=663 title=邪王追妻 pending=11745
2026-04-12 09:00:25,504 - INFO - 正文章节进度: 1025000/9554851 success=1024999 failure=1 current_book=663 elapsed=30538.83s
2026-04-12 09:00:49,178 - WARNING - 请求失败，稍后重试: url=https://apibi.cc/api/chapter?id=663&chapterid=1025 attempt=1/5 error=HTTP Error 522: <none>
2026-04-12 09:01:16,275 - WARNING - 请求失败，稍后重试: url=https://apibi.cc/api/chapter?id=663&chapterid=1093 attempt=1/5 error=The read operation timed out
2026-04-12 09:01:53,471 - INFO - 正文章节进度: 1026000/9554851 success=1025999 failure=1 current_book=663 elapsed=30626.80s
2026-04-12 09:02:21,465 - INFO - 正文章节进度: 1027000/9554851 success=1026999 failure=1 current_book=663 elapsed=30654.79s
2026-04-12 09:02:48,140 - INFO - 正文章节进度: 1028000/9554851 success=1027999 failure=1 current_book=663 elapsed=30681.47s
2026-04-12 09:03:14,775 - INFO - 正文章节进度: 1029000/9554851 success=1028999 failure=1 current_book=663 elapsed=30708.10s
2026-04-12 09:03:41,002 - INFO - 正文章节进度: 1030000/9554851 success=1029999 failure=1 current_book=663 elapsed=30734.33s
2026-04-12 09:04:07,405 - INFO - 正文章节进度: 1031000/9554851 success=1030999 failure=1 current_book=663 elapsed=30760.73s
2026-04-12 09:04:40,201 - INFO - 正文章节进度: 1032000/9554851 success=1031999 failure=1 current_book=663 elapsed=30793.53s
2026-04-12 09:05:06,266 - INFO - 正文章节进度: 1033000/9554851 success=1032999 failure=1 current_book=663 elapsed=30819.59s
2026-04-12 09:05:33,361 - INFO - 正文章节进度: 1034000/9554851 success=1033999 failure=1 current_book=663 elapsed=30846.69s
2026-04-12 09:05:59,581 - INFO - 正文章节进度: 1035000/9554851 success=1034999 failure=1 current_book=663 elapsed=30872.91s
2026-04-12 09:06:23,302 - INFO - 开始抓正文: book_id=664 title=史上最强师兄 pending=1846
2026-04-12 09:06:26,028 - INFO - 正文章节进度: 1036000/9554851 success=1035999 failure=1 current_book=664 elapsed=30899.36s
2026-04-12 09:06:51,580 - INFO - 正文章节进度: 1037000/9554851 success=1036999 failure=1 current_book=664 elapsed=30924.91s
2026-04-12 09:07:10,989 - INFO - 开始抓正文: book_id=665 title=金枝 pending=740
2026-04-12 09:07:17,981 - INFO - 正文章节进度: 1038000/9554851 success=1037999 failure=1 current_book=665 elapsed=30951.31s
2026-04-12 09:07:30,808 - INFO - 开始抓正文: book_id=666 title=奋斗在红楼 pending=990
2026-04-12 09:07:44,611 - INFO - 正文章节进度: 1039000/9554851 success=1038999 failure=1 current_book=666 elapsed=30977.94s
2026-04-12 09:07:57,138 - INFO - 开始抓正文: book_id=667 title=一念永恒 pending=1321
2026-04-12 09:08:11,409 - INFO - 正文章节进度: 1040000/9554851 success=1039999 failure=1 current_book=667 elapsed=31004.74s
2026-04-12 09:08:32,312 - INFO - 开始抓正文: book_id=668 title=娱乐圈头条 pending=677
2026-04-12 09:08:37,550 - INFO - 正文章节进度: 1041000/9554851 success=1040999 failure=1 current_book=668 elapsed=31030.88s
2026-04-12 09:08:50,094 - INFO - 开始抓正文: book_id=669 title=九天神皇 pending=1941
2026-04-12 09:09:03,946 - INFO - 正文章节进度: 1042000/9554851 success=1041999 failure=1 current_book=669 elapsed=31057.27s
2026-04-12 09:09:29,799 - INFO - 正文章节进度: 1043000/9554851 success=1042999 failure=1 current_book=669 elapsed=31083.13s
2026-04-12 09:09:41,574 - INFO - 开始抓正文: book_id=670 title=春秋我为王 pending=1224
2026-04-12 09:09:57,096 - INFO - 正文章节进度: 1044000/9554851 success=1043999 failure=1 current_book=670 elapsed=31110.42s
2026-04-12 09:10:13,507 - INFO - 开始抓正文: book_id=671 title=韶光慢 pending=831
2026-04-12 09:10:23,114 - INFO - 正文章节进度: 1045000/9554851 success=1044999 failure=1 current_book=671 elapsed=31136.44s
2026-04-12 09:10:34,785 - INFO - 开始抓正文: book_id=672 title=捡宝王 pending=1659
2026-04-12 09:10:49,126 - INFO - 正文章节进度: 1046000/9554851 success=1045999 failure=1 current_book=672 elapsed=31162.45s
2026-04-12 09:11:15,104 - INFO - 正文章节进度: 1047000/9554851 success=1046999 failure=1 current_book=672 elapsed=31188.43s
2026-04-12 09:11:18,375 - INFO - 开始抓正文: book_id=673 title=不朽凡人 pending=1257
2026-04-12 09:11:41,225 - INFO - 正文章节进度: 1048000/9554851 success=1047999 failure=1 current_book=673 elapsed=31214.55s
2026-04-12 09:11:51,074 - INFO - 开始抓正文: book_id=674 title=武道宗师 pending=750
2026-04-12 09:12:07,298 - INFO - 正文章节进度: 1049000/9554851 success=1048999 failure=1 current_book=674 elapsed=31240.63s
2026-04-12 09:12:10,690 - INFO - 开始抓正文: book_id=675 title=唐朝好地主 pending=1599
2026-04-12 09:12:33,026 - INFO - 正文章节进度: 1050000/9554851 success=1049999 failure=1 current_book=675 elapsed=31266.35s
2026-04-12 09:12:51,695 - INFO - 开始抓正文: book_id=676 title=许你万丈光芒好 pending=2161
2026-04-12 09:12:58,829 - INFO - 正文章节进度: 1051000/9554851 success=1050999 failure=1 current_book=676 elapsed=31292.16s
2026-04-12 09:13:24,727 - INFO - 正文章节进度: 1052000/9554851 success=1051999 failure=1 current_book=676 elapsed=31318.06s
2026-04-12 09:13:44,879 - WARNING - 请求失败，稍后重试: url=https://apibi.cc/api/chapter?id=676&chapterid=1311 attempt=1/5 error=HTTP Error 522: <none>
2026-04-12 09:14:12,467 - WARNING - 请求失败，稍后重试: url=https://apibi.cc/api/chapter?id=676&chapterid=1331 attempt=1/5 error=The read operation timed out
2026-04-12 09:14:12,514 - WARNING - 请求失败，稍后重试: url=https://apibi.cc/api/chapter?id=676&chapterid=1330 attempt=1/5 error=The read operation timed out
2026-04-12 09:14:13,175 - WARNING - 请求失败，稍后重试: url=https://apibi.cc/api/chapter?id=676&chapterid=1334 attempt=1/5 error=The read operation timed out
2026-04-12 09:14:36,979 - INFO - 开始抓正文: book_id=677 title=女配修仙记 pending=1017
2026-04-12 09:14:39,891 - INFO - 正文章节进度: 1053000/9554851 success=1052999 failure=1 current_book=677 elapsed=31393.22s
2026-04-12 09:15:04,601 - INFO - 开始抓正文: book_id=678 title=银狐 pending=1431
2026-04-12 09:15:07,001 - INFO - 正文章节进度: 1054000/9554851 success=1053999 failure=1 current_book=678 elapsed=31420.33s
2026-04-12 09:15:32,008 - WARNING - 请求失败，稍后重试: url=https://apibi.cc/api/chapter?id=678&chapterid=294 attempt=1/5 error=HTTP Error 522: <none>
2026-04-12 09:16:03,592 - WARNING - 请求失败，稍后重试: url=https://apibi.cc/api/chapter?id=678&chapterid=371 attempt=1/5 error=<urlopen error _ssl.c:1063: The handshake operation timed out>
2026-04-12 09:16:03,619 - WARNING - 请求失败，稍后重试: url=https://apibi.cc/api/chapter?id=678&chapterid=372 attempt=1/5 error=<urlopen error _ssl.c:1063: The handshake operation timed out>
2026-04-12 09:16:05,874 - WARNING - 请求失败，稍后重试: url=https://apibi.cc/api/chapter?id=678&chapterid=373 attempt=1/5 error=The read operation timed out
2026-04-12 09:16:31,040 - WARNING - 请求失败，稍后重试: url=https://apibi.cc/api/chapter?id=678&chapterid=601 attempt=1/5 error=HTTP Error 522: <none>
2026-04-12 09:16:59,965 - WARNING - 请求失败，稍后重试: url=https://apibi.cc/api/chapter?id=678&chapterid=726 attempt=1/5 error=The read operation timed out
2026-04-12 09:17:27,364 - WARNING - 请求失败，稍后重试: url=https://apibi.cc/api/chapter?id=678&chapterid=976 attempt=1/5 error=HTTP Error 522: <none>
2026-04-12 09:17:38,993 - INFO - 正文章节进度: 1055000/9554851 success=1054999 failure=1 current_book=678 elapsed=31572.32s
2026-04-12 09:17:51,670 - INFO - 开始抓正文: book_id=679 title=我要做皇帝 pending=1647
2026-04-12 09:18:21,920 - WARNING - 请求失败，稍后重试: url=https://apibi.cc/api/chapter?id=679&chapterid=399 attempt=1/5 error=HTTP Error 522: <none>
2026-04-12 09:18:51,173 - WARNING - 请求失败，稍后重试: url=https://apibi.cc/api/chapter?id=679&chapterid=484 attempt=1/5 error=The read operation timed out
2026-04-12 09:18:51,881 - WARNING - 请求失败，稍后重试: url=https://apibi.cc/api/chapter?id=679&chapterid=496 attempt=1/5 error=<urlopen error _ssl.c:1063: The handshake operation timed out>
2026-04-12 09:18:57,317 - INFO - 正文章节进度: 1056000/9554851 success=1055999 failure=1 current_book=679 elapsed=31650.65s
2026-04-12 09:19:20,244 - WARNING - 请求失败，稍后重试: url=https://apibi.cc/api/chapter?id=679&chapterid=789 attempt=1/5 error=HTTP Error 522: <none>
2026-04-12 09:19:21,779 - WARNING - 请求失败，稍后重试: url=https://apibi.cc/api/chapter?id=679&chapterid=838 attempt=1/5 error=HTTP Error 522: <none>
2026-04-12 09:19:59,723 - INFO - 开始抓正文: book_id=680 title=大主宰 pending=1565
2026-04-12 09:20:00,362 - INFO - 正文章节进度: 1057000/9554851 success=1056999 failure=1 current_book=680 elapsed=31713.69s
2026-04-12 09:20:22,195 - WARNING - 请求失败，稍后重试: url=https://apibi.cc/api/chapter?id=680&chapterid=119 attempt=1/5 error=HTTP Error 522: <none>
2026-04-12 09:20:58,274 - INFO - 正文章节进度: 1058000/9554851 success=1057999 failure=1 current_book=680 elapsed=31771.60s
2026-04-12 09:21:26,981 - WARNING - 请求失败，稍后重试: url=https://apibi.cc/api/chapter?id=680&chapterid=1345 attempt=1/5 error=HTTP Error 522: <none>
2026-04-12 09:21:42,056 - INFO - 正文书籍进度: 680/10000 chapters=1058552/9554851 elapsed=31815.38s
2026-04-12 09:21:42,060 - INFO - 开始抓正文: book_id=681 title=最强的系统 pending=1165
2026-04-12 09:21:54,249 - INFO - 正文章节进度: 1059000/9554851 success=1058999 failure=1 current_book=681 elapsed=31827.58s
2026-04-12 09:22:13,906 - INFO - 开始抓正文: book_id=682 title=锦桐 pending=729
2026-04-12 09:22:21,704 - INFO - 正文章节进度: 1060000/9554851 success=1059999 failure=1 current_book=682 elapsed=31855.03s
2026-04-12 09:22:33,802 - INFO - 开始抓正文: book_id=683 title=盛世医香 pending=713
2026-04-12 09:22:48,493 - INFO - 正文章节进度: 1061000/9554851 success=1060999 failure=1 current_book=683 elapsed=31881.82s
2026-04-12 09:22:52,532 - INFO - 开始抓正文: book_id=684 title=人道至尊 pending=1528
2026-04-12 09:23:14,967 - INFO - 正文章节进度: 1062000/9554851 success=1061999 failure=1 current_book=684 elapsed=31908.29s
2026-04-12 09:23:32,401 - INFO - 开始抓正文: book_id=685 title=天域苍穹 pending=2321
2026-04-12 09:23:40,676 - INFO - 正文章节进度: 1063000/9554851 success=1062999 failure=1 current_book=685 elapsed=31934.00s
2026-04-12 09:24:18,744 - WARNING - 请求失败，稍后重试: url=https://apibi.cc/api/chapter?id=685&chapterid=968 attempt=1/5 error=HTTP Error 522: <none>
2026-04-12 09:24:47,742 - WARNING - 请求失败，稍后重试: url=https://apibi.cc/api/chapter?id=685&chapterid=1097 attempt=1/5 error=<urlopen error _ssl.c:1063: The handshake operation timed out>
2026-04-12 09:24:53,974 - INFO - 正文章节进度: 1064000/9554851 success=1063999 failure=1 current_book=685 elapsed=32007.30s
2026-04-12 09:25:28,479 - INFO - 正文章节进度: 1065000/9554851 success=1064999 failure=1 current_book=685 elapsed=32041.81s
2026-04-12 09:25:28,719 - INFO - 开始抓正文: book_id=686 title=弑天刃 pending=1984
2026-04-12 09:25:55,172 - INFO - 正文章节进度: 1066000/9554851 success=1065999 failure=1 current_book=686 elapsed=32068.50s
2026-04-12 09:26:20,983 - INFO - 开始抓正文: book_id=687 title=巫神纪 pending=1903
2026-04-12 09:26:21,444 - INFO - 正文章节进度: 1067000/9554851 success=1066999 failure=1 current_book=687 elapsed=32094.77s
2026-04-12 09:26:47,216 - INFO - 正文章节进度: 1068000/9554851 success=1067999 failure=1 current_book=687 elapsed=32120.54s
2026-04-12 09:27:09,975 - INFO - 开始抓正文: book_id=688 title=火影之最强震遁 pending=645
2026-04-12 09:27:12,669 - INFO - 正文章节进度: 1069000/9554851 success=1068999 failure=1 current_book=688 elapsed=32146.00s
2026-04-12 09:27:26,941 - INFO - 开始抓正文: book_id=689 title=飞天 pending=2245
2026-04-12 09:27:39,126 - INFO - 正文章节进度: 1070000/9554851 success=1069999 failure=1 current_book=689 elapsed=32172.45s
2026-04-12 09:28:05,151 - INFO - 正文章节进度: 1071000/9554851 success=1070999 failure=1 current_book=689 elapsed=32198.48s
2026-04-12 09:28:26,448 - INFO - 开始抓正文: book_id=690 title=君九龄 pending=797
2026-04-12 09:28:31,857 - INFO - 正文章节进度: 1072000/9554851 success=1071999 failure=1 current_book=690 elapsed=32225.19s
2026-04-12 09:29:03,933 - WARNING - 请求失败，稍后重试: url=https://apibi.cc/api/chapter?id=690&chapterid=699 attempt=1/5 error=HTTP Error 522: <none>
2026-04-12 09:29:16,743 - INFO - 开始抓正文: book_id=691 title=大泼猴 pending=815
2026-04-12 09:29:28,247 - INFO - 正文章节进度: 1073000/9554851 success=1072999 failure=1 current_book=691 elapsed=32281.58s
2026-04-12 09:29:39,163 - INFO - 开始抓正文: book_id=692 title=疯巫妖的实验日志 pending=852
2026-04-12 09:29:55,821 - INFO - 正文章节进度: 1074000/9554851 success=1073999 failure=1 current_book=692 elapsed=32309.15s
2026-04-12 09:30:02,396 - INFO - 开始抓正文: book_id=693 title=无尽丹田 pending=2736
2026-04-12 09:30:37,901 - WARNING - 请求失败，稍后重试: url=https://apibi.cc/api/chapter?id=693&chapterid=615 attempt=1/5 error=HTTP Error 522: <none>
2026-04-12 09:30:53,381 - INFO - 正文章节进度: 1075000/9554851 success=1074999 failure=1 current_book=693 elapsed=32366.71s
2026-04-12 09:31:10,767 - WARNING - 请求失败，稍后重试: url=https://apibi.cc/api/chapter?id=693&chapterid=726 attempt=1/5 error=The read operation timed out
2026-04-12 09:31:40,421 - INFO - 正文章节进度: 1076000/9554851 success=1075999 failure=1 current_book=693 elapsed=32413.75s
2026-04-12 09:32:20,030 - WARNING - 请求失败，稍后重试: url=https://apibi.cc/api/chapter?id=693&chapterid=2516 attempt=1/5 error=HTTP Error 522: <none>
2026-04-12 09:32:38,051 - INFO - 开始抓正文: book_id=694 title=莫负寒夏 pending=125
2026-04-12 09:32:38,747 - INFO - 正文章节进度: 1077000/9554851 success=1076999 failure=1 current_book=694 elapsed=32472.07s
2026-04-12 09:32:41,770 - INFO - 开始抓正文: book_id=695 title=史上第一祖师爷 pending=1537
2026-04-12 09:33:06,555 - INFO - 正文章节进度: 1078000/9554851 success=1077999 failure=1 current_book=695 elapsed=32499.88s
2026-04-12 09:33:23,827 - INFO - 开始抓正文: book_id=696 title=剑道独神 pending=2429
2026-04-12 09:33:32,886 - INFO - 正文章节进度: 1079000/9554851 success=1078999 failure=1 current_book=696 elapsed=32526.21s
2026-04-12 09:33:59,354 - INFO - 正文章节进度: 1080000/9554851 success=1079999 failure=1 current_book=696 elapsed=32552.68s
2026-04-12 09:34:25,748 - INFO - 正文章节进度: 1081000/9554851 success=1080999 failure=1 current_book=696 elapsed=32579.08s
2026-04-12 09:34:27,917 - INFO - 开始抓正文: book_id=697 title=极品女仙 pending=3408
2026-04-12 09:34:49,506 - WARNING - 请求失败，稍后重试: url=https://apibi.cc/api/chapter?id=697&chapterid=70 attempt=1/5 error=The read operation timed out
2026-04-12 09:34:50,317 - WARNING - 请求失败，稍后重试: url=https://apibi.cc/api/chapter?id=697&chapterid=103 attempt=1/5 error=The read operation timed out
2026-04-12 09:35:19,826 - WARNING - 请求失败，稍后重试: url=https://apibi.cc/api/chapter?id=697&chapterid=129 attempt=1/5 error=The read operation timed out
2026-04-12 09:35:44,588 - INFO - 正文章节进度: 1082000/9554851 success=1081999 failure=1 current_book=697 elapsed=32657.92s
2026-04-12 09:36:12,697 - INFO - 正文章节进度: 1083000/9554851 success=1082999 failure=1 current_book=697 elapsed=32686.02s
2026-04-12 09:36:39,154 - INFO - 正文章节进度: 1084000/9554851 success=1083999 failure=1 current_book=697 elapsed=32712.48s
2026-04-12 09:36:51,920 - INFO - 开始抓正文: book_id=698 title=大道独行 pending=1757
2026-04-12 09:37:05,730 - INFO - 正文章节进度: 1085000/9554851 success=1084999 failure=1 current_book=698 elapsed=32739.06s
2026-04-12 09:37:32,017 - INFO - 正文章节进度: 1086000/9554851 success=1085999 failure=1 current_book=698 elapsed=32765.35s
2026-04-12 09:37:38,203 - INFO - 开始抓正文: book_id=699 title=超级英雄 pending=922
2026-04-12 09:37:57,953 - INFO - 正文章节进度: 1087000/9554851 success=1086999 failure=1 current_book=699 elapsed=32791.28s
2026-04-12 09:38:02,043 - INFO - 开始抓正文: book_id=700 title=将血 pending=1631
2026-04-12 09:38:23,600 - INFO - 正文章节进度: 1088000/9554851 success=1087999 failure=1 current_book=700 elapsed=32816.93s
2026-04-12 09:38:44,716 - INFO - 正文书籍进度: 700/10000 chapters=1088794/9554851 elapsed=32838.04s
2026-04-12 09:38:44,719 - INFO - 开始抓正文: book_id=701 title=绝品天医 pending=1260
2026-04-12 09:38:50,059 - INFO - 正文章节进度: 1089000/9554851 success=1088999 failure=1 current_book=701 elapsed=32843.39s
2026-04-12 09:39:16,111 - INFO - 正文章节进度: 1090000/9554851 success=1089999 failure=1 current_book=701 elapsed=32869.44s
2026-04-12 09:39:17,325 - INFO - 开始抓正文: book_id=702 title=武极天下 pending=2253
2026-04-12 09:39:41,940 - INFO - 正文章节进度: 1091000/9554851 success=1090999 failure=1 current_book=702 elapsed=32895.27s
2026-04-12 09:40:07,502 - WARNING - 请求失败，稍后重试: url=https://apibi.cc/api/chapter?id=702&chapterid=1189 attempt=1/5 error=HTTP Error 522: <none>
2026-04-12 09:40:39,676 - WARNING - 请求失败，稍后重试: url=https://apibi.cc/api/chapter?id=702&chapterid=1206 attempt=1/5 error=The read operation timed out
2026-04-12 09:41:02,498 - WARNING - 请求失败，稍后重试: url=https://apibi.cc/api/chapter?id=702&chapterid=1332 attempt=1/5 error=The read operation timed out
2026-04-12 09:41:04,420 - WARNING - 请求失败，稍后重试: url=https://apibi.cc/api/chapter?id=702&chapterid=1330 attempt=1/5 error=The read operation timed out
2026-04-12 09:41:08,265 - WARNING - 请求失败，稍后重试: url=https://apibi.cc/api/chapter?id=702&chapterid=1324 attempt=1/5 error=The read operation timed out
2026-04-12 09:41:24,973 - INFO - 正文章节进度: 1092000/9554851 success=1091999 failure=1 current_book=702 elapsed=32998.30s
2026-04-12 09:41:33,573 - INFO - 开始抓正文: book_id=703 title=宝鉴 pending=1225
2026-04-12 09:42:02,190 - WARNING - 请求失败，稍后重试: url=https://apibi.cc/api/chapter?id=703&chapterid=348 attempt=1/5 error=HTTP Error 522: <none>
2026-04-12 09:42:30,104 - WARNING - 请求失败，稍后重试: url=https://apibi.cc/api/chapter?id=703&chapterid=375 attempt=1/5 error=The read operation timed out
2026-04-12 09:42:31,801 - WARNING - 请求失败，稍后重试: url=https://apibi.cc/api/chapter?id=703&chapterid=378 attempt=1/5 error=The read operation timed out
2026-04-12 09:42:32,869 - WARNING - 请求失败，稍后重试: url=https://apibi.cc/api/chapter?id=703&chapterid=369 attempt=1/5 error=The read operation timed out
2026-04-12 09:42:40,906 - INFO - 正文章节进度: 1093000/9554851 success=1092999 failure=1 current_book=703 elapsed=33074.23s
2026-04-12 09:42:56,599 - INFO - 开始抓正文: book_id=704 title=武动乾坤 pending=1311
2026-04-12 09:43:09,171 - INFO - 正文章节进度: 1094000/9554851 success=1093999 failure=1 current_book=704 elapsed=33102.50s
2026-04-12 09:43:31,323 - INFO - 开始抓正文: book_id=705 title=重生之温婉 pending=1353
2026-04-12 09:43:52,274 - WARNING - 请求失败，稍后重试: url=https://apibi.cc/api/chapter?id=705&chapterid=58 attempt=1/5 error=HTTP Error 522: <none>
2026-04-12 09:44:01,868 - INFO - 正文章节进度: 1095000/9554851 success=1094999 failure=1 current_book=705 elapsed=33155.20s
2026-04-12 09:44:24,520 - WARNING - 请求失败，稍后重试: url=https://apibi.cc/api/chapter?id=705&chapterid=135 attempt=1/5 error=The read operation timed out
2026-04-12 09:44:50,284 - WARNING - 请求失败，稍后重试: url=https://apibi.cc/api/chapter?id=705&chapterid=135 attempt=2/5 error=The read operation timed out
2026-04-12 09:45:15,575 - WARNING - 请求失败，稍后重试: url=https://apibi.cc/api/chapter?id=705&chapterid=249 attempt=1/5 error=<urlopen error _ssl.c:1063: The handshake operation timed out>
2026-04-12 09:45:42,247 - INFO - 正文章节进度: 1096000/9554851 success=1095999 failure=1 current_book=705 elapsed=33255.58s
2026-04-12 09:45:48,297 - INFO - 开始抓正文: book_id=706 title=异界全职业大师 pending=1298
2026-04-12 09:46:08,977 - WARNING - 请求失败，稍后重试: url=https://apibi.cc/api/chapter?id=706&chapterid=42 attempt=1/5 error=HTTP Error 522: <none>
2026-04-12 09:46:36,847 - WARNING - 请求失败，稍后重试: url=https://apibi.cc/api/chapter?id=706&chapterid=121 attempt=1/5 error=The read operation timed out
2026-04-12 09:46:58,577 - INFO - 正文章节进度: 1097000/9554851 success=1096999 failure=1 current_book=706 elapsed=33331.91s
2026-04-12 09:47:24,244 - WARNING - 请求失败，稍后重试: url=https://apibi.cc/api/chapter?id=706&chapterid=1027 attempt=1/5 error=HTTP Error 522: <none>
2026-04-12 09:47:52,235 - WARNING - 请求失败，稍后重试: url=https://apibi.cc/api/chapter?id=706&chapterid=1094 attempt=1/5 error=<urlopen error _ssl.c:1063: The handshake operation timed out>
2026-04-12 09:47:54,316 - WARNING - 请求失败，稍后重试: url=https://apibi.cc/api/chapter?id=706&chapterid=1093 attempt=1/5 error=The read operation timed out
2026-04-12 09:48:01,449 - INFO - 开始抓正文: book_id=707 title=天才相师 pending=913
2026-04-12 09:48:16,583 - INFO - 正文章节进度: 1098000/9554851 success=1097999 failure=1 current_book=707 elapsed=33409.91s
2026-04-12 09:48:28,107 - INFO - 开始抓正文: book_id=708 title=遮天 pending=1820
2026-04-12 09:48:43,931 - INFO - 正文章节进度: 1099000/9554851 success=1098999 failure=1 current_book=708 elapsed=33437.26s
2026-04-12 09:49:10,174 - INFO - 正文章节进度: 1100000/9554851 success=1099999 failure=1 current_book=708 elapsed=33463.50s
2026-04-12 09:49:16,065 - INFO - 开始抓正文: book_id=709 title=神印王座 pending=869
2026-04-12 09:49:43,513 - WARNING - 请求失败，稍后重试: url=https://apibi.cc/api/chapter?id=709&chapterid=305 attempt=1/5 error=HTTP Error 522: <none>
2026-04-12 09:50:12,906 - WARNING - 请求失败，稍后重试: url=https://apibi.cc/api/chapter?id=709&chapterid=363 attempt=1/5 error=The read operation timed out
2026-04-12 09:50:15,686 - WARNING - 请求失败，稍后重试: url=https://apibi.cc/api/chapter?id=709&chapterid=362 attempt=1/5 error=The read operation timed out
2026-04-12 09:50:22,342 - WARNING - 请求失败，稍后重试: url=https://apibi.cc/api/chapter?id=709&chapterid=369 attempt=1/5 error=The read operation timed out
2026-04-12 09:50:32,870 - INFO - 正文章节进度: 1101000/9554851 success=1100999 failure=1 current_book=709 elapsed=33546.20s
2026-04-12 09:50:35,923 - INFO - 开始抓正文: book_id=710 title=锦衣夜行 pending=943
2026-04-12 09:51:01,208 - INFO - 正文章节进度: 1102000/9554851 success=1101999 failure=1 current_book=710 elapsed=33574.54s
2026-04-12 09:51:02,284 - INFO - 开始抓正文: book_id=711 title=吞噬星空 pending=1550
2026-04-12 09:51:27,919 - INFO - 正文章节进度: 1103000/9554851 success=1102999 failure=1 current_book=711 elapsed=33601.25s
2026-04-12 09:51:42,969 - INFO - 开始抓正文: book_id=712 title=黄金瞳 pending=1228
2026-04-12 09:51:53,612 - INFO - 正文章节进度: 1104000/9554851 success=1103999 failure=1 current_book=712 elapsed=33626.94s
2026-04-12 09:52:14,867 - INFO - 开始抓正文: book_id=713 title=仙逆 pending=2164
2026-04-12 09:52:19,674 - INFO - 正文章节进度: 1105000/9554851 success=1104999 failure=1 current_book=713 elapsed=33653.00s
2026-04-12 09:52:45,398 - INFO - 正文章节进度: 1106000/9554851 success=1105999 failure=1 current_book=713 elapsed=33678.73s
2026-04-12 09:53:10,975 - INFO - 开始抓正文: book_id=714 title=天珠变 pending=842
2026-04-12 09:53:11,675 - INFO - 正文章节进度: 1107000/9554851 success=1106999 failure=1 current_book=714 elapsed=33705.00s
2026-04-12 09:53:33,242 - INFO - 开始抓正文: book_id=715 title=重生之贼行天下 pending=995
2026-04-12 09:53:38,018 - INFO - 正文章节进度: 1108000/9554851 success=1107999 failure=1 current_book=715 elapsed=33731.35s
2026-04-12 09:53:59,587 - INFO - 开始抓正文: book_id=716 title=异世邪君 pending=1268
2026-04-12 09:54:04,446 - INFO - 正文章节进度: 1109000/9554851 success=1108999 failure=1 current_book=716 elapsed=33757.77s
2026-04-12 09:54:30,015 - INFO - 正文章节进度: 1110000/9554851 success=1109999 failure=1 current_book=716 elapsed=33783.34s
2026-04-12 09:54:32,488 - INFO - 开始抓正文: book_id=717 title=斗破苍穹 pending=1659
2026-04-12 09:54:56,296 - INFO - 正文章节进度: 1111000/9554851 success=1110999 failure=1 current_book=717 elapsed=33809.62s
2026-04-12 09:55:15,547 - INFO - 开始抓正文: book_id=718 title=冒牌大英雄 pending=890
2026-04-12 09:55:22,345 - INFO - 正文章节进度: 1112000/9554851 success=1111999 failure=1 current_book=718 elapsed=33835.67s
2026-04-12 09:55:38,807 - INFO - 开始抓正文: book_id=719 title=间客 pending=970
2026-04-12 09:55:48,845 - INFO - 正文章节进度: 1113000/9554851 success=1112999 failure=1 current_book=719 elapsed=33862.17s
2026-04-12 09:56:04,618 - INFO - 开始抓正文: book_id=720 title=武神 pending=1369
2026-04-12 09:56:15,188 - INFO - 正文章节进度: 1114000/9554851 success=1113999 failure=1 current_book=720 elapsed=33888.52s
2026-04-12 09:56:40,485 - INFO - 正文书籍进度: 720/10000 chapters=1114974/9554851 elapsed=33913.81s
2026-04-12 09:56:40,488 - INFO - 开始抓正文: book_id=721 title=酒神 pending=788
2026-04-12 09:56:41,364 - INFO - 正文章节进度: 1115000/9554851 success=1114999 failure=1 current_book=721 elapsed=33914.69s
2026-04-12 09:57:01,416 - INFO - 开始抓正文: book_id=722 title=长生界 pending=721
2026-04-12 09:57:07,507 - INFO - 正文章节进度: 1116000/9554851 success=1115999 failure=1 current_book=722 elapsed=33940.84s
2026-04-12 09:57:20,530 - INFO - 开始抓正文: book_id=723 title=斗罗大陆 pending=691
2026-04-12 09:57:34,267 - INFO - 正文章节进度: 1117000/9554851 success=1116999 failure=1 current_book=723 elapsed=33967.60s
2026-04-12 09:57:38,683 - INFO - 开始抓正文: book_id=724 title=盘龙 pending=810
2026-04-12 09:58:00,125 - INFO - 开始抓正文: book_id=725 title=史上第一混乱 pending=433
2026-04-12 09:58:00,779 - INFO - 正文章节进度: 1118000/9554851 success=1117999 failure=1 current_book=725 elapsed=33994.11s
2026-04-12 09:58:11,409 - INFO - 开始抓正文: book_id=726 title=恶魔法则 pending=681
2026-04-12 09:58:26,671 - INFO - 正文章节进度: 1119000/9554851 success=1118999 failure=1 current_book=726 elapsed=34020.00s
2026-04-12 09:58:29,171 - INFO - 开始抓正文: book_id=727 title=紫川 pending=117
2026-04-12 09:58:32,627 - INFO - 开始抓正文: book_id=728 title=庆余年 pending=792
2026-04-12 09:58:53,468 - INFO - 正文章节进度: 1120000/9554851 success=1119999 failure=1 current_book=728 elapsed=34046.80s
2026-04-12 09:58:53,704 - INFO - 开始抓正文: book_id=729 title=无限恐怖 pending=776
2026-04-12 09:59:14,028 - INFO - 开始抓正文: book_id=730 title=琴帝 pending=1147
2026-04-12 09:59:19,815 - INFO - 正文章节进度: 1121000/9554851 success=1120999 failure=1 current_book=730 elapsed=34073.14s
2026-04-12 09:59:43,898 - INFO - 开始抓正文: book_id=731 title=神墓 pending=749
2026-04-12 09:59:45,821 - INFO - 正文章节进度: 1122000/9554851 success=1121999 failure=1 current_book=731 elapsed=34099.15s
2026-04-12 10:00:03,555 - INFO - 开始抓正文: book_id=732 title=佛本是道 pending=448
2026-04-12 10:00:12,319 - INFO - 正文章节进度: 1123000/9554851 success=1122999 failure=1 current_book=732 elapsed=34125.65s
2026-04-12 10:00:15,481 - INFO - 开始抓正文: book_id=733 title=星辰变 pending=687
2026-04-12 10:00:33,629 - INFO - 开始抓正文: book_id=734 title=回到明朝当王爷 pending=467
2026-04-12 10:00:38,702 - INFO - 正文章节进度: 1124000/9554851 success=1123999 failure=1 current_book=734 elapsed=34152.03s
2026-04-12 10:00:47,176 - INFO - 开始抓正文: book_id=735 title=张三丰异界游 pending=880
2026-04-12 10:01:05,949 - INFO - 正文章节进度: 1125000/9554851 success=1124999 failure=1 current_book=735 elapsed=34179.28s
2026-04-12 10:01:10,442 - INFO - 开始抓正文: book_id=736 title=小兵传奇 pending=273
2026-04-12 10:01:18,041 - INFO - 开始抓正文: book_id=737 title=寸芒 pending=485
2026-04-12 10:01:31,177 - INFO - 开始抓正文: book_id=738 title=蜀山 pending=578
2026-04-12 10:01:33,359 - INFO - 正文章节进度: 1126000/9554851 success=1125999 failure=1 current_book=738 elapsed=34206.69s
2026-04-12 10:01:46,226 - INFO - 开始抓正文: book_id=739 title=冰火魔厨 pending=539
2026-04-12 10:01:59,969 - INFO - 正文章节进度: 1127000/9554851 success=1126999 failure=1 current_book=739 elapsed=34233.30s
2026-04-12 10:02:00,933 - INFO - 开始抓正文: book_id=740 title=鬼吹灯 pending=237
2026-04-12 10:02:07,464 - INFO - 正文书籍进度: 740/10000 chapters=1127273/9554851 elapsed=34240.79s
2026-04-12 10:02:07,466 - INFO - 开始抓正文: book_id=741 title=空速星痕 pending=437
2026-04-12 10:02:18,913 - INFO - 开始抓正文: book_id=742 title=从斗罗开始打卡 pending=1895
2026-04-12 10:02:26,398 - INFO - 正文章节进度: 1128000/9554851 success=1127999 failure=1 current_book=742 elapsed=34259.73s
2026-04-12 10:02:52,634 - INFO - 正文章节进度: 1129000/9554851 success=1128999 failure=1 current_book=742 elapsed=34285.96s
2026-04-12 10:03:08,890 - INFO - 开始抓正文: book_id=743 title=重生福妻有空间 pending=3339
2026-04-12 10:03:19,395 - INFO - 正文章节进度: 1130000/9554851 success=1129999 failure=1 current_book=743 elapsed=34312.72s
2026-04-12 10:03:57,050 - WARNING - 请求失败，稍后重试: url=https://apibi.cc/api/chapter?id=743&chapterid=1091 attempt=1/5 error=HTTP Error 522: <none>
2026-04-12 10:04:13,421 - INFO - 正文章节进度: 1131000/9554851 success=1130999 failure=1 current_book=743 elapsed=34366.75s
2026-04-12 10:04:42,882 - INFO - 正文章节进度: 1132000/9554851 success=1131999 failure=1 current_book=743 elapsed=34396.21s
2026-04-12 10:05:08,702 - INFO - 开始抓正文: book_id=744 title=重生六零好时光 pending=769
2026-04-12 10:05:10,177 - INFO - 正文章节进度: 1133000/9554851 success=1132999 failure=1 current_book=744 elapsed=34423.51s
2026-04-12 10:05:29,113 - INFO - 开始抓正文: book_id=745 title=万界圆梦师 pending=1145
2026-04-12 10:05:36,827 - INFO - 正文章节进度: 1134000/9554851 success=1133999 failure=1 current_book=745 elapsed=34450.16s
2026-04-12 10:05:58,837 - INFO - 开始抓正文: book_id=746 title=凤策长安 pending=631
2026-04-12 10:06:02,799 - INFO - 正文章节进度: 1135000/9554851 success=1134999 failure=1 current_book=746 elapsed=34476.13s
2026-04-12 10:06:15,313 - INFO - 开始抓正文: book_id=747 title=至尊神医之帝君要下嫁 pending=2590
2026-04-12 10:06:29,205 - INFO - 正文章节进度: 1136000/9554851 success=1135999 failure=1 current_book=747 elapsed=34502.53s
2026-04-12 10:06:55,283 - INFO - 正文章节进度: 1137000/9554851 success=1136999 failure=1 current_book=747 elapsed=34528.61s
2026-04-12 10:07:20,815 - INFO - 正文章节进度: 1138000/9554851 success=1137999 failure=1 current_book=747 elapsed=34554.14s
2026-04-12 10:07:23,242 - INFO - 开始抓正文: book_id=748 title=数风流人物 pending=2823
2026-04-12 10:07:47,151 - INFO - 正文章节进度: 1139000/9554851 success=1138999 failure=1 current_book=748 elapsed=34580.48s
2026-04-12 10:08:25,582 - WARNING - 请求失败，稍后重试: url=https://apibi.cc/api/chapter?id=748&chapterid=1667 attempt=1/5 error=HTTP Error 522: <none>
2026-04-12 10:08:43,764 - INFO - 正文章节进度: 1140000/9554851 success=1139999 failure=1 current_book=748 elapsed=34637.09s
2026-04-12 10:09:08,613 - INFO - 开始抓正文: book_id=749 title=女配表示很无辜 pending=1776
2026-04-12 10:09:11,230 - INFO - 正文章节进度: 1141000/9554851 success=1140999 failure=1 current_book=749 elapsed=34664.56s
2026-04-12 10:09:37,997 - INFO - 正文章节进度: 1142000/9554851 success=1141999 failure=1 current_book=749 elapsed=34691.32s
2026-04-12 10:09:55,584 - INFO - 开始抓正文: book_id=750 title=大佬失忆后只记得我 pending=1477
2026-04-12 10:10:03,948 - INFO - 正文章节进度: 1143000/9554851 success=1142999 failure=1 current_book=750 elapsed=34717.28s
2026-04-12 10:10:30,087 - INFO - 正文章节进度: 1144000/9554851 success=1143999 failure=1 current_book=750 elapsed=34743.42s
2026-04-12 10:10:34,106 - INFO - 开始抓正文: book_id=751 title=盛世娇宠之名门闺香 pending=899
2026-04-12 10:10:57,326 - INFO - 正文章节进度: 1145000/9554851 success=1144999 failure=1 current_book=751 elapsed=34770.65s
2026-04-12 10:10:58,481 - INFO - 开始抓正文: book_id=752 title=家有庶夫套路深 pending=708
2026-04-12 10:11:17,143 - INFO - 开始抓正文: book_id=753 title=爷是病娇得宠着 pending=584
2026-04-12 10:11:23,184 - INFO - 正文章节进度: 1146000/9554851 success=1145999 failure=1 current_book=753 elapsed=34796.51s
2026-04-12 10:11:32,260 - INFO - 开始抓正文: book_id=754 title=穗禾 pending=59
2026-04-12 10:11:34,013 - INFO - 开始抓正文: book_id=755 title=重生后我成了权臣的掌中娇 pending=1201
2026-04-12 10:11:49,618 - INFO - 正文章节进度: 1147000/9554851 success=1146999 failure=1 current_book=755 elapsed=34822.95s
2026-04-12 10:12:14,176 - WARNING - 请求失败，稍后重试: url=https://apibi.cc/api/chapter?id=755&chapterid=785 attempt=1/5 error=HTTP Error 522: <none>
2026-04-12 10:12:41,690 - WARNING - 请求失败，稍后重试: url=https://apibi.cc/api/chapter?id=755&chapterid=841 attempt=1/5 error=The read operation timed out
2026-04-12 10:12:51,508 - INFO - 开始抓正文: book_id=756 title=重生成偏执大佬的心上人 pending=1019
2026-04-12 10:13:03,041 - INFO - 正文章节进度: 1148000/9554851 success=1147999 failure=1 current_book=756 elapsed=34896.37s
2026-04-12 10:13:20,335 - INFO - 开始抓正文: book_id=757 title=和离之后 pending=240
2026-04-12 10:13:26,904 - INFO - 开始抓正文: book_id=758 title=峡谷之巅 pending=702
2026-04-12 10:13:30,751 - INFO - 正文章节进度: 1149000/9554851 success=1148999 failure=1 current_book=758 elapsed=34924.08s
2026-04-12 10:13:45,256 - INFO - 开始抓正文: book_id=759 title=重生之女将星 pending=272
2026-04-12 10:13:52,453 - INFO - 开始抓正文: book_id=760 title=我的时空旅舍 pending=807
2026-04-12 10:13:56,762 - INFO - 正文章节进度: 1150000/9554851 success=1149999 failure=1 current_book=760 elapsed=34950.09s
2026-04-12 10:14:13,685 - INFO - 正文书籍进度: 760/10000 chapters=1150646/9554851 elapsed=34967.01s
2026-04-12 10:14:13,689 - INFO - 开始抓正文: book_id=761 title=交锋 pending=1679
2026-04-12 10:14:23,036 - INFO - 正文章节进度: 1151000/9554851 success=1150999 failure=1 current_book=761 elapsed=34976.36s
2026-04-12 10:14:48,893 - INFO - 正文章节进度: 1152000/9554851 success=1151999 failure=1 current_book=761 elapsed=35002.22s
2026-04-12 10:14:57,191 - INFO - 开始抓正文: book_id=762 title=异世界的魔王大人 pending=2101
2026-04-12 10:15:14,939 - INFO - 正文章节进度: 1153000/9554851 success=1152999 failure=1 current_book=762 elapsed=35028.27s
2026-04-12 10:15:40,866 - INFO - 正文章节进度: 1154000/9554851 success=1153999 failure=1 current_book=762 elapsed=35054.19s
2026-04-12 10:15:52,718 - INFO - 开始抓正文: book_id=763 title=海贼王之剑豪之心 pending=832
2026-04-12 10:16:07,608 - INFO - 正文章节进度: 1155000/9554851 success=1154999 failure=1 current_book=763 elapsed=35080.94s
2026-04-12 10:16:14,195 - INFO - 开始抓正文: book_id=764 title=异世医仙 pending=1235
2026-04-12 10:16:33,572 - INFO - 正文章节进度: 1156000/9554851 success=1155999 failure=1 current_book=764 elapsed=35106.90s
2026-04-12 10:16:47,211 - INFO - 开始抓正文: book_id=765 title=天骄无双 pending=601
2026-04-12 10:17:00,773 - INFO - 正文章节进度: 1157000/9554851 success=1156999 failure=1 current_book=765 elapsed=35134.10s
2026-04-12 10:17:03,433 - INFO - 开始抓正文: book_id=766 title=全能游戏设计师 pending=987
2026-04-12 10:17:26,977 - INFO - 正文章节进度: 1158000/9554851 success=1157999 failure=1 current_book=766 elapsed=35160.31s
2026-04-12 10:17:29,275 - INFO - 开始抓正文: book_id=767 title=天影 pending=717
2026-04-12 10:17:48,039 - INFO - 开始抓正文: book_id=768 title=宠物小精灵之庭树 pending=1291
2026-04-12 10:17:53,309 - INFO - 正文章节进度: 1159000/9554851 success=1158999 failure=1 current_book=768 elapsed=35186.64s
2026-04-12 10:18:19,830 - INFO - 正文章节进度: 1160000/9554851 success=1159999 failure=1 current_book=768 elapsed=35213.16s
2026-04-12 10:18:21,926 - INFO - 开始抓正文: book_id=769 title=我的宗门实在太争气了 pending=345
2026-04-12 10:18:31,020 - INFO - 开始抓正文: book_id=770 title=惊雷 pending=1740
2026-04-12 10:18:45,728 - INFO - 正文章节进度: 1161000/9554851 success=1160999 failure=1 current_book=770 elapsed=35239.06s
2026-04-12 10:19:11,266 - INFO - 正文章节进度: 1162000/9554851 success=1161999 failure=1 current_book=770 elapsed=35264.59s
2026-04-12 10:19:15,543 - INFO - 开始抓正文: book_id=771 title=文化入侵异世界 pending=1317
2026-04-12 10:19:35,526 - WARNING - 请求失败，稍后重试: url=https://apibi.cc/api/chapter?id=771&chapterid=19 attempt=1/5 error=HTTP Error 522: <none>
2026-04-12 10:20:08,324 - WARNING - 请求失败，稍后重试: url=https://apibi.cc/api/chapter?id=771&chapterid=140 attempt=1/5 error=The read operation timed out
2026-04-12 10:20:30,299 - INFO - 正文章节进度: 1163000/9554851 success=1162999 failure=1 current_book=771 elapsed=35343.63s
2026-04-12 10:20:43,819 - INFO - 开始抓正文: book_id=772 title=生子当如孙仲谋 pending=875
2026-04-12 10:20:57,879 - INFO - 正文章节进度: 1164000/9554851 success=1163999 failure=1 current_book=772 elapsed=35371.21s
2026-04-12 10:21:07,500 - INFO - 开始抓正文: book_id=773 title=江山战图 pending=1248
2026-04-12 10:21:24,337 - INFO - 正文章节进度: 1165000/9554851 success=1164999 failure=1 current_book=773 elapsed=35397.67s
2026-04-12 10:21:40,456 - INFO - 开始抓正文: book_id=774 title=醉迷红楼 pending=1424
2026-04-12 10:21:50,967 - INFO - 正文章节进度: 1166000/9554851 success=1165999 failure=1 current_book=774 elapsed=35424.30s
2026-04-12 10:22:17,086 - INFO - 正文章节进度: 1167000/9554851 success=1166999 failure=1 current_book=774 elapsed=35450.41s
2026-04-12 10:22:18,069 - INFO - 开始抓正文: book_id=775 title=主神崛起 pending=851
2026-04-12 10:22:45,472 - WARNING - 请求失败，稍后重试: url=https://apibi.cc/api/chapter?id=775&chapterid=300 attempt=1/5 error=HTTP Error 522: <none>
2026-04-12 10:23:14,357 - WARNING - 请求失败，稍后重试: url=https://apibi.cc/api/chapter?id=775&chapterid=370 attempt=1/5 error=The read operation timed out
2026-04-12 10:23:15,656 - WARNING - 请求失败，稍后重试: url=https://apibi.cc/api/chapter?id=775&chapterid=375 attempt=1/5 error=The read operation timed out
2026-04-12 10:23:29,062 - INFO - 开始抓正文: book_id=776 title=走进修仙 pending=2321
2026-04-12 10:23:32,138 - INFO - 正文章节进度: 1168000/9554851 success=1167999 failure=1 current_book=776 elapsed=35525.47s
2026-04-12 10:24:01,322 - INFO - 正文章节进度: 1169000/9554851 success=1168999 failure=1 current_book=776 elapsed=35554.65s
2026-04-12 10:24:27,600 - INFO - 正文章节进度: 1170000/9554851 success=1169999 failure=1 current_book=776 elapsed=35580.93s
2026-04-12 10:24:33,298 - INFO - 开始抓正文: book_id=777 title=明尊 pending=1291
2026-04-12 10:24:53,806 - INFO - 正文章节进度: 1171000/9554851 success=1170999 failure=1 current_book=777 elapsed=35607.13s
2026-04-12 10:25:06,964 - INFO - 开始抓正文: book_id=778 title=放开那只妖宠 pending=1635
2026-04-12 10:25:20,227 - INFO - 正文章节进度: 1172000/9554851 success=1171999 failure=1 current_book=778 elapsed=35633.56s
2026-04-12 10:25:46,806 - INFO - 正文章节进度: 1173000/9554851 success=1172999 failure=1 current_book=778 elapsed=35660.13s
2026-04-12 10:25:50,449 - INFO - 开始抓正文: book_id=779 title=娘娘她总是不上进 pending=761
2026-04-12 10:26:09,947 - INFO - 开始抓正文: book_id=780 title=从收租开始当大佬 pending=1126
2026-04-12 10:26:12,637 - INFO - 正文章节进度: 1174000/9554851 success=1173999 failure=1 current_book=780 elapsed=35685.97s
2026-04-12 10:26:38,618 - INFO - 正文章节进度: 1175000/9554851 success=1174999 failure=1 current_book=780 elapsed=35711.95s
2026-04-12 10:26:39,132 - INFO - 正文书籍进度: 780/10000 chapters=1175023/9554851 elapsed=35712.46s
2026-04-12 10:26:39,133 - INFO - 开始抓正文: book_id=781 title=我是狠人大帝的同乡 pending=337
2026-04-12 10:26:47,740 - INFO - 开始抓正文: book_id=782 title=无上女仙君 pending=527
2026-04-12 10:27:01,598 - INFO - 开始抓正文: book_id=783 title=重生之财源滚滚 pending=1713
2026-04-12 10:27:04,470 - INFO - 正文章节进度: 1176000/9554851 success=1175999 failure=1 current_book=783 elapsed=35737.80s
2026-04-12 10:27:31,171 - INFO - 正文章节进度: 1177000/9554851 success=1176999 failure=1 current_book=783 elapsed=35764.50s
2026-04-12 10:27:46,876 - INFO - 开始抓正文: book_id=784 title=沈氏家族崛起 pending=841
2026-04-12 10:27:57,302 - INFO - 正文章节进度: 1178000/9554851 success=1177999 failure=1 current_book=784 elapsed=35790.63s
2026-04-12 10:28:20,833 - WARNING - 请求失败，稍后重试: url=https://apibi.cc/api/chapter?id=784&chapterid=584 attempt=1/5 error=HTTP Error 522: <none>
2026-04-12 10:28:49,825 - WARNING - 请求失败，稍后重试: url=https://apibi.cc/api/chapter?id=784&chapterid=607 attempt=1/5 error=The read operation timed out
2026-04-12 10:28:59,466 - INFO - 开始抓正文: book_id=785 title=我的徒弟都是大反派 pending=1731
2026-04-12 10:29:16,048 - INFO - 正文章节进度: 1179000/9554851 success=1178999 failure=1 current_book=785 elapsed=35869.38s
2026-04-12 10:29:42,803 - INFO - 正文章节进度: 1180000/9554851 success=1179999 failure=1 current_book=785 elapsed=35896.13s
2026-04-12 10:29:47,602 - INFO - 开始抓正文: book_id=786 title=从此刻开始让世界感受痛苦 pending=368
2026-04-12 10:29:57,652 - INFO - 开始抓正文: book_id=787 title=众神世界 pending=1240
2026-04-12 10:30:09,786 - INFO - 正文章节进度: 1181000/9554851 success=1180999 failure=1 current_book=787 elapsed=35923.11s
2026-04-12 10:30:29,919 - INFO - 开始抓正文: book_id=788 title=老祖宗在天有灵 pending=1043
2026-04-12 10:30:35,676 - INFO - 正文章节进度: 1182000/9554851 success=1181999 failure=1 current_book=788 elapsed=35949.00s
2026-04-12 10:30:56,970 - INFO - 开始抓正文: book_id=789 title=氪金医生 pending=702
2026-04-12 10:31:01,752 - INFO - 正文章节进度: 1183000/9554851 success=1182999 failure=1 current_book=789 elapsed=35975.08s
2026-04-12 10:31:32,922 - WARNING - 请求失败，稍后重试: url=https://apibi.cc/api/chapter?id=789&chapterid=619 attempt=1/5 error=HTTP Error 522: <none>
2026-04-12 10:31:42,847 - INFO - 开始抓正文: book_id=790 title=万千之心 pending=498
2026-04-12 10:31:56,376 - INFO - 正文章节进度: 1184000/9554851 success=1183999 failure=1 current_book=790 elapsed=36029.70s
2026-04-12 10:31:57,327 - INFO - 开始抓正文: book_id=791 title=玩坏世界的垂钓者 pending=906
2026-04-12 10:32:22,483 - INFO - 开始抓正文: book_id=792 title=万族之劫 pending=984
2026-04-12 10:32:24,427 - INFO - 正文章节进度: 1185000/9554851 success=1184999 failure=1 current_book=792 elapsed=36057.76s
2026-04-12 10:32:50,720 - INFO - 开始抓正文: book_id=793 title=平平无奇大师兄 pending=622
2026-04-12 10:32:53,133 - INFO - 正文章节进度: 1186000/9554851 success=1185999 failure=1 current_book=793 elapsed=36086.46s
2026-04-12 10:33:07,149 - INFO - 开始抓正文: book_id=794 title=大佬的心肝穿回来了 pending=1108
2026-04-12 10:33:19,162 - INFO - 正文章节进度: 1187000/9554851 success=1186999 failure=1 current_book=794 elapsed=36112.49s
2026-04-12 10:33:35,884 - INFO - 开始抓正文: book_id=795 title=赴 pending=369
2026-04-12 10:33:45,080 - INFO - 正文章节进度: 1188000/9554851 success=1187999 failure=1 current_book=795 elapsed=36138.41s
2026-04-12 10:33:45,677 - INFO - 开始抓正文: book_id=796 title=诸天大佬聊天室 pending=622
2026-04-12 10:34:01,888 - INFO - 开始抓正文: book_id=797 title=封神之邓元帅 pending=307
2026-04-12 10:34:09,857 - INFO - 开始抓正文: book_id=798 title=我侄子戒心实在太重了 pending=420
2026-04-12 10:34:11,465 - INFO - 正文章节进度: 1189000/9554851 success=1188999 failure=1 current_book=798 elapsed=36164.79s
2026-04-12 10:34:20,740 - INFO - 开始抓正文: book_id=799 title=机战世界 pending=447
2026-04-12 10:34:32,369 - INFO - 开始抓正文: book_id=800 title=陆爷家的小可爱超甜 pending=541
2026-04-12 10:34:37,225 - INFO - 正文章节进度: 1190000/9554851 success=1189999 failure=1 current_book=800 elapsed=36190.55s
2026-04-12 10:34:45,956 - INFO - 正文书籍进度: 800/10000 chapters=1190349/9554851 elapsed=36199.28s
2026-04-12 10:34:45,961 - INFO - 开始抓正文: book_id=801 title=武侠BOSS之路 pending=1257
2026-04-12 10:35:02,902 - INFO - 正文章节进度: 1191000/9554851 success=1190999 failure=1 current_book=801 elapsed=36216.23s
2026-04-12 10:35:18,837 - INFO - 开始抓正文: book_id=802 title=冥冥之中喜欢你 pending=6521
2026-04-12 10:35:29,689 - INFO - 正文章节进度: 1192000/9554851 success=1191999 failure=1 current_book=802 elapsed=36243.02s
2026-04-12 10:35:55,823 - INFO - 正文章节进度: 1193000/9554851 success=1192999 failure=1 current_book=802 elapsed=36269.15s
2026-04-12 10:36:21,931 - INFO - 正文章节进度: 1194000/9554851 success=1193999 failure=1 current_book=802 elapsed=36295.26s
2026-04-12 10:36:48,342 - INFO - 正文章节进度: 1195000/9554851 success=1194999 failure=1 current_book=802 elapsed=36321.67s
2026-04-12 10:37:20,731 - WARNING - 请求失败，稍后重试: url=https://apibi.cc/api/chapter?id=802&chapterid=3908 attempt=1/5 error=HTTP Error 522: <none>
2026-04-12 10:37:43,286 - INFO - 正文章节进度: 1196000/9554851 success=1195999 failure=1 current_book=802 elapsed=36376.61s
2026-04-12 10:38:04,998 - WARNING - 请求失败，稍后重试: url=https://apibi.cc/api/chapter?id=802&chapterid=4482 attempt=1/5 error=HTTP Error 522: <none>
2026-04-12 10:38:36,230 - INFO - 正文章节进度: 1197000/9554851 success=1196999 failure=1 current_book=802 elapsed=36429.56s
2026-04-12 10:39:03,789 - INFO - 正文章节进度: 1198000/9554851 success=1197999 failure=1 current_book=802 elapsed=36457.12s
2026-04-12 10:39:07,419 - INFO - 开始抓正文: book_id=803 title=文体之路 pending=679
2026-04-12 10:39:25,242 - INFO - 开始抓正文: book_id=804 title=红楼大贵族 pending=841
2026-04-12 10:39:30,268 - INFO - 正文章节进度: 1199000/9554851 success=1198999 failure=1 current_book=804 elapsed=36483.60s
2026-04-12 10:39:47,532 - INFO - 开始抓正文: book_id=805 title=无限世界交流群 pending=405
2026-04-12 10:39:56,377 - INFO - 正文章节进度: 1200000/9554851 success=1199999 failure=1 current_book=805 elapsed=36509.70s
2026-04-12 10:39:58,022 - INFO - 开始抓正文: book_id=806 title=三国之帝霸万界系统 pending=1343
2026-04-12 10:40:19,969 - WARNING - 请求失败，稍后重试: url=https://apibi.cc/api/chapter?id=806&chapterid=98 attempt=1/5 error=HTTP Error 522: <none>
2026-04-12 10:40:49,850 - WARNING - 请求失败，稍后重试: url=https://apibi.cc/api/chapter?id=806&chapterid=98 attempt=2/5 error=The read operation timed out
2026-04-12 10:41:21,300 - INFO - 正文章节进度: 1201000/9554851 success=1200999 failure=1 current_book=806 elapsed=36594.63s
2026-04-12 10:41:42,382 - WARNING - 请求失败，稍后重试: url=https://apibi.cc/api/chapter?id=806&chapterid=1008 attempt=1/5 error=HTTP Error 522: <none>
2026-04-12 10:42:19,223 - WARNING - 请求失败，稍后重试: url=https://apibi.cc/api/chapter?id=806&chapterid=1305 attempt=1/5 error=HTTP Error 522: <none>
2026-04-12 10:42:28,960 - INFO - 开始抓正文: book_id=807 title=重生创业时代 pending=422
2026-04-12 10:42:41,272 - INFO - 开始抓正文: book_id=808 title=网游之白骨大圣 pending=898
2026-04-12 10:42:46,515 - INFO - 正文章节进度: 1202000/9554851 success=1201999 failure=1 current_book=808 elapsed=36679.84s
2026-04-12 10:43:06,555 - INFO - 开始抓正文: book_id=809 title=万兽朝凰 pending=6104
2026-04-12 10:43:14,606 - INFO - 正文章节进度: 1203000/9554851 success=1202999 failure=1 current_book=809 elapsed=36707.93s
2026-04-12 10:43:40,657 - INFO - 正文章节进度: 1204000/9554851 success=1203999 failure=1 current_book=809 elapsed=36733.98s
2026-04-12 10:44:07,095 - INFO - 正文章节进度: 1205000/9554851 success=1204999 failure=1 current_book=809 elapsed=36760.42s
2026-04-12 10:44:32,974 - INFO - 正文章节进度: 1206000/9554851 success=1205999 failure=1 current_book=809 elapsed=36786.30s
2026-04-12 10:44:55,111 - WARNING - 请求失败，稍后重试: url=https://apibi.cc/api/chapter?id=809&chapterid=3392 attempt=1/5 error=HTTP Error 522: <none>
2026-04-12 10:45:29,778 - INFO - 正文章节进度: 1207000/9554851 success=1206999 failure=1 current_book=809 elapsed=36843.11s
2026-04-12 10:45:57,816 - INFO - 正文章节进度: 1208000/9554851 success=1207999 failure=1 current_book=809 elapsed=36871.14s
2026-04-12 10:46:18,053 - WARNING - 请求失败，稍后重试: url=https://apibi.cc/api/chapter?id=809&chapterid=5328 attempt=1/5 error=HTTP Error 522: <none>
2026-04-12 10:46:51,973 - INFO - 开始抓正文: book_id=810 title=精灵之性格大师 pending=1027
2026-04-12 10:46:57,615 - INFO - 正文章节进度: 1209000/9554851 success=1208999 failure=1 current_book=810 elapsed=36930.94s
2026-04-12 10:47:20,426 - INFO - 开始抓正文: book_id=811 title=人魔之路 pending=1461
2026-04-12 10:47:24,667 - INFO - 正文章节进度: 1210000/9554851 success=1209999 failure=1 current_book=811 elapsed=36958.00s
2026-04-12 10:47:50,400 - INFO - 正文章节进度: 1211000/9554851 success=1210999 failure=1 current_book=811 elapsed=36983.73s
2026-04-12 10:47:58,528 - INFO - 开始抓正文: book_id=812 title=仙武暴君之召唤群雄 pending=2330
2026-04-12 10:48:16,567 - INFO - 正文章节进度: 1212000/9554851 success=1211999 failure=1 current_book=812 elapsed=37009.90s
2026-04-12 10:48:42,824 - INFO - 正文章节进度: 1213000/9554851 success=1212999 failure=1 current_book=812 elapsed=37036.15s
2026-04-12 10:48:59,319 - INFO - 开始抓正文: book_id=813 title=木叶的恶霸忍猫 pending=356
2026-04-12 10:49:08,695 - INFO - 开始抓正文: book_id=814 title=漫步在武侠世界 pending=1275
2026-04-12 10:49:09,149 - INFO - 正文章节进度: 1214000/9554851 success=1213999 failure=1 current_book=814 elapsed=37062.48s
2026-04-12 10:49:33,129 - WARNING - 请求失败，稍后重试: url=https://apibi.cc/api/chapter?id=814&chapterid=204 attempt=1/5 error=HTTP Error 522: <none>
2026-04-12 10:50:03,371 - WARNING - 请求失败，稍后重试: url=https://apibi.cc/api/chapter?id=814&chapterid=241 attempt=1/5 error=The read operation timed out
2026-04-12 10:50:25,926 - INFO - 正文章节进度: 1215000/9554851 success=1214999 failure=1 current_book=814 elapsed=37139.25s
2026-04-12 10:50:44,057 - WARNING - 请求失败，稍后重试: url=https://apibi.cc/api/chapter?id=814&chapterid=967 attempt=1/5 error=HTTP Error 522: <none>
2026-04-12 10:51:15,036 - WARNING - 请求失败，稍后重试: url=https://apibi.cc/api/chapter?id=814&chapterid=1090 attempt=1/5 error=The read operation timed out
2026-04-12 10:51:15,561 - WARNING - 请求失败，稍后重试: url=https://apibi.cc/api/chapter?id=814&chapterid=1094 attempt=1/5 error=The read operation timed out
2026-04-12 10:51:24,367 - INFO - 开始抓正文: book_id=815 title=玩家超正义 pending=1265
2026-04-12 10:51:46,281 - INFO - 正文章节进度: 1216000/9554851 success=1215999 failure=1 current_book=815 elapsed=37219.61s
2026-04-12 10:52:08,025 - WARNING - 请求失败，稍后重试: url=https://apibi.cc/api/chapter?id=815&chapterid=823 attempt=1/5 error=HTTP Error 522: <none>
2026-04-12 10:52:37,994 - WARNING - 请求失败，稍后重试: url=https://apibi.cc/api/chapter?id=815&chapterid=851 attempt=1/5 error=The read operation timed out
2026-04-12 10:52:49,925 - INFO - 开始抓正文: book_id=816 title=木叶之影流 pending=624
2026-04-12 10:53:03,137 - INFO - 正文章节进度: 1217000/9554851 success=1216999 failure=1 current_book=816 elapsed=37296.47s
2026-04-12 10:53:07,690 - INFO - 开始抓正文: book_id=817 title=超级交易师 pending=935
2026-04-12 10:53:30,587 - INFO - 正文章节进度: 1218000/9554851 success=1217999 failure=1 current_book=817 elapsed=37323.92s
2026-04-12 10:53:33,812 - INFO - 开始抓正文: book_id=818 title=我的美利坚 pending=762
2026-04-12 10:53:53,795 - INFO - 开始抓正文: book_id=819 title=大宋第一状元郎 pending=794
2026-04-12 10:53:57,808 - INFO - 正文章节进度: 1219000/9554851 success=1218999 failure=1 current_book=819 elapsed=37351.14s
2026-04-12 10:54:15,504 - INFO - 开始抓正文: book_id=820 title=我的老师是学霸 pending=766
2026-04-12 10:54:24,735 - INFO - 正文章节进度: 1220000/9554851 success=1219999 failure=1 current_book=820 elapsed=37378.06s
2026-04-12 10:54:36,468 - INFO - 正文书籍进度: 820/10000 chapters=1220414/9554851 elapsed=37389.80s
2026-04-12 10:54:36,470 - INFO - 开始抓正文: book_id=821 title=一不小心就无敌啦 pending=611
2026-04-12 10:54:51,405 - INFO - 正文章节进度: 1221000/9554851 success=1220999 failure=1 current_book=821 elapsed=37404.73s
2026-04-12 10:54:52,430 - INFO - 开始抓正文: book_id=822 title=召唤之绝世帝王 pending=1332
2026-04-12 10:55:24,874 - WARNING - 请求失败，稍后重试: url=https://apibi.cc/api/chapter?id=822&chapterid=504 attempt=1/5 error=HTTP Error 522: <none>
2026-04-12 10:55:25,386 - WARNING - 请求失败，稍后重试: url=https://apibi.cc/api/chapter?id=822&chapterid=520 attempt=1/5 error=HTTP Error 522: <none>
2026-04-12 10:55:54,410 - WARNING - 请求失败，稍后重试: url=https://apibi.cc/api/chapter?id=822&chapterid=604 attempt=1/5 error=<urlopen error _ssl.c:1063: The handshake operation timed out>
2026-04-12 10:55:56,751 - WARNING - 请求失败，稍后重试: url=https://apibi.cc/api/chapter?id=822&chapterid=611 attempt=1/5 error=The read operation timed out
2026-04-12 10:56:00,644 - WARNING - 请求失败，稍后重试: url=https://apibi.cc/api/chapter?id=822&chapterid=602 attempt=1/5 error=The read operation timed out
2026-04-12 10:56:16,030 - WARNING - 请求失败，稍后重试: url=https://apibi.cc/api/chapter?id=822&chapterid=604 attempt=2/5 error=The read operation timed out
2026-04-12 10:56:32,239 - INFO - 正文章节进度: 1222000/9554851 success=1221999 failure=1 current_book=822 elapsed=37505.57s
2026-04-12 10:56:53,212 - WARNING - 请求失败，稍后重试: url=https://apibi.cc/api/chapter?id=822&chapterid=1045 attempt=1/5 error=HTTP Error 522: <none>
2026-04-12 10:57:20,060 - WARNING - 请求失败，稍后重试: url=https://apibi.cc/api/chapter?id=822&chapterid=1081 attempt=1/5 error=The read operation timed out
2026-04-12 10:57:27,743 - INFO - 开始抓正文: book_id=823 title=爆裂天神 pending=1196
2026-04-12 10:57:46,564 - INFO - 正文章节进度: 1223000/9554851 success=1222999 failure=1 current_book=823 elapsed=37579.89s
2026-04-12 10:58:01,983 - INFO - 开始抓正文: book_id=824 title=万界武侠大冒险 pending=996
2026-04-12 10:58:14,133 - INFO - 正文章节进度: 1224000/9554851 success=1223999 failure=1 current_book=824 elapsed=37607.46s
2026-04-12 10:58:28,869 - INFO - 开始抓正文: book_id=825 title=佛系少女不修仙 pending=1053
2026-04-12 10:58:40,977 - INFO - 正文章节进度: 1225000/9554851 success=1224999 failure=1 current_book=825 elapsed=37634.30s
2026-04-12 10:58:56,442 - INFO - 开始抓正文: book_id=826 title=赵氏虎子 pending=801
2026-04-12 10:59:07,244 - INFO - 正文章节进度: 1226000/9554851 success=1225999 failure=1 current_book=826 elapsed=37660.57s
2026-04-12 10:59:17,868 - INFO - 开始抓正文: book_id=827 title=魂帝武神 pending=5188
2026-04-12 10:59:33,209 - INFO - 正文章节进度: 1227000/9554851 success=1226999 failure=1 current_book=827 elapsed=37686.54s
2026-04-12 11:00:16,202 - WARNING - 请求失败，稍后重试: url=https://apibi.cc/api/chapter?id=827&chapterid=1496 attempt=1/5 error=HTTP Error 522: <none>
2026-04-12 11:00:28,361 - INFO - 正文章节进度: 1228000/9554851 success=1227999 failure=1 current_book=827 elapsed=37741.69s
2026-04-12 11:00:46,025 - WARNING - 请求失败，稍后重试: url=https://apibi.cc/api/chapter?id=827&chapterid=1574 attempt=1/5 error=The read operation timed out
2026-04-12 11:01:20,475 - WARNING - 请求失败，稍后重试: url=https://apibi.cc/api/chapter?id=827&chapterid=2053 attempt=1/5 error=HTTP Error 522: <none>
2026-04-12 11:01:53,351 - WARNING - 请求失败，稍后重试: url=https://apibi.cc/api/chapter?id=827&chapterid=2172 attempt=1/5 error=The read operation timed out
2026-04-12 11:02:17,036 - WARNING - 请求失败，稍后重试: url=https://apibi.cc/api/chapter?id=827&chapterid=2336 attempt=1/5 error=HTTP Error 522: <none>
2026-04-12 11:02:35,191 - INFO - 正文章节进度: 1229000/9554851 success=1228999 failure=1 current_book=827 elapsed=37868.52s
2026-04-12 11:03:10,793 - WARNING - 请求失败，稍后重试: url=https://apibi.cc/api/chapter?id=827&chapterid=3155 attempt=1/5 error=HTTP Error 522: <none>
2026-04-12 11:03:42,035 - WARNING - 请求失败，稍后重试: url=https://apibi.cc/api/chapter?id=827&chapterid=3247 attempt=1/5 error=The read operation timed out
2026-04-12 11:03:42,726 - WARNING - 请求失败，稍后重试: url=https://apibi.cc/api/chapter?id=827&chapterid=3245 attempt=1/5 error=The read operation timed out
2026-04-12 11:03:54,652 - INFO - 正文章节进度: 1230000/9554851 success=1229999 failure=1 current_book=827 elapsed=37947.98s
2026-04-12 11:04:29,919 - WARNING - 请求失败，稍后重试: url=https://apibi.cc/api/chapter?id=827&chapterid=4142 attempt=1/5 error=HTTP Error 522: <none>
2026-04-12 11:05:02,223 - WARNING - 请求失败，稍后重试: url=https://apibi.cc/api/chapter?id=827&chapterid=4205 attempt=1/5 error=The read operation timed out
2026-04-12 11:05:05,243 - WARNING - 请求失败，稍后重试: url=https://apibi.cc/api/chapter?id=827&chapterid=4255 attempt=1/5 error=HTTP Error 522: <none>
2026-04-12 11:05:19,947 - INFO - 正文章节进度: 1231000/9554851 success=1230999 failure=1 current_book=827 elapsed=38033.28s
2026-04-12 11:05:39,026 - INFO - 开始抓正文: book_id=828 title=遮天之无上天皇 pending=308
2026-04-12 11:06:05,660 - WARNING - 请求失败，稍后重试: url=https://apibi.cc/api/chapter?id=828&chapterid=263 attempt=1/5 error=HTTP Error 522: <none>
2026-04-12 11:06:31,761 - WARNING - 请求失败，稍后重试: url=https://apibi.cc/api/chapter?id=828&chapterid=263 attempt=2/5 error=<urlopen error _ssl.c:1063: The handshake operation timed out>
2026-04-12 11:06:59,937 - WARNING - 请求失败，稍后重试: url=https://apibi.cc/api/chapter?id=828&chapterid=263 attempt=3/5 error=The read operation timed out
2026-04-12 11:07:08,553 - INFO - 开始抓正文: book_id=829 title=我在忍界开无双 pending=283
2026-04-12 11:07:11,940 - INFO - 正文章节进度: 1232000/9554851 success=1231999 failure=1 current_book=829 elapsed=38145.27s
2026-04-12 11:07:17,638 - INFO - 开始抓正文: book_id=830 title=无敌奶爸在都市 pending=985
2026-04-12 11:07:40,995 - INFO - 正文章节进度: 1233000/9554851 success=1232999 failure=1 current_book=830 elapsed=38174.32s
2026-04-12 11:07:45,901 - INFO - 开始抓正文: book_id=831 title=我的物品能升级 pending=443
2026-04-12 11:07:57,769 - INFO - 开始抓正文: book_id=832 title=我渡了999次天劫 pending=224
2026-04-12 11:08:03,830 - INFO - 开始抓正文: book_id=833 title=一品容华 pending=968
2026-04-12 11:08:08,313 - INFO - 正文章节进度: 1234000/9554851 success=1233999 failure=1 current_book=833 elapsed=38201.64s
2026-04-12 11:08:29,606 - INFO - 开始抓正文: book_id=834 title=学魔养成系统 pending=407
2026-04-12 11:08:34,726 - INFO - 正文章节进度: 1235000/9554851 success=1234999 failure=1 current_book=834 elapsed=38228.05s
2026-04-12 11:08:40,414 - INFO - 开始抓正文: book_id=835 title=我只想吃利息 pending=334
2026-04-12 11:08:49,213 - INFO - 开始抓正文: book_id=836 title=我的佛系田园 pending=1136
2026-04-12 11:09:01,035 - INFO - 正文章节进度: 1236000/9554851 success=1235999 failure=1 current_book=836 elapsed=38254.36s
2026-04-12 11:09:19,004 - INFO - 开始抓正文: book_id=837 title=庶族无名 pending=736
2026-04-12 11:09:27,263 - INFO - 正文章节进度: 1237000/9554851 success=1236999 failure=1 current_book=837 elapsed=38280.59s
2026-04-12 11:09:38,605 - INFO - 开始抓正文: book_id=838 title=我的蛮荒部落 pending=1153
2026-04-12 11:09:53,720 - INFO - 正文章节进度: 1238000/9554851 success=1237999 failure=1 current_book=838 elapsed=38307.05s
2026-04-12 11:10:08,725 - INFO - 开始抓正文: book_id=839 title=快穿之不当炮灰 pending=3822
2026-04-12 11:10:20,124 - INFO - 正文章节进度: 1239000/9554851 success=1238999 failure=1 current_book=839 elapsed=38333.45s
2026-04-12 11:10:46,321 - INFO - 正文章节进度: 1240000/9554851 success=1239999 failure=1 current_book=839 elapsed=38359.65s
2026-04-12 11:11:12,997 - INFO - 正文章节进度: 1241000/9554851 success=1240999 failure=1 current_book=839 elapsed=38386.33s
2026-04-12 11:11:38,685 - INFO - 正文章节进度: 1242000/9554851 success=1241999 failure=1 current_book=839 elapsed=38412.01s
2026-04-12 11:11:48,594 - INFO - 开始抓正文: book_id=840 title=我有好多复活币 pending=1075
2026-04-12 11:12:05,061 - INFO - 正文章节进度: 1243000/9554851 success=1242999 failure=1 current_book=840 elapsed=38438.39s
2026-04-12 11:12:16,925 - INFO - 正文书籍进度: 840/10000 chapters=1243465/9554851 elapsed=38450.25s
2026-04-12 11:12:16,927 - INFO - 开始抓正文: book_id=841 title=女学霸在古代 pending=824
2026-04-12 11:12:31,057 - INFO - 正文章节进度: 1244000/9554851 success=1243999 failure=1 current_book=841 elapsed=38464.39s
2026-04-12 11:12:38,321 - INFO - 开始抓正文: book_id=842 title=漫威里的德鲁伊 pending=2327
2026-04-12 11:12:56,884 - INFO - 正文章节进度: 1245000/9554851 success=1244999 failure=1 current_book=842 elapsed=38490.21s
2026-04-12 11:13:23,581 - INFO - 正文章节进度: 1246000/9554851 success=1245999 failure=1 current_book=842 elapsed=38516.91s
2026-04-12 11:13:39,562 - INFO - 开始抓正文: book_id=843 title=神武霸帝 pending=2567
2026-04-12 11:13:49,751 - INFO - 正文章节进度: 1247000/9554851 success=1246999 failure=1 current_book=843 elapsed=38543.08s
2026-04-12 11:14:15,995 - INFO - 正文章节进度: 1248000/9554851 success=1247999 failure=1 current_book=843 elapsed=38569.32s
2026-04-12 11:14:41,777 - INFO - 正文章节进度: 1249000/9554851 success=1248999 failure=1 current_book=843 elapsed=38595.11s
2026-04-12 11:14:46,820 - INFO - 开始抓正文: book_id=844 title=来自地狱的男人 pending=2460
2026-04-12 11:15:08,580 - INFO - 正文章节进度: 1250000/9554851 success=1249999 failure=1 current_book=844 elapsed=38621.91s
2026-04-12 11:15:35,160 - INFO - 正文章节进度: 1251000/9554851 success=1250999 failure=1 current_book=844 elapsed=38648.49s
2026-04-12 11:15:52,030 - INFO - 开始抓正文: book_id=845 title=重生之最强星帝 pending=1539
2026-04-12 11:16:01,775 - INFO - 正文章节进度: 1252000/9554851 success=1251999 failure=1 current_book=845 elapsed=38675.10s
2026-04-12 11:16:27,496 - INFO - 正文章节进度: 1253000/9554851 success=1252999 failure=1 current_book=845 elapsed=38700.82s
2026-04-12 11:16:32,294 - INFO - 开始抓正文: book_id=846 title=封神之灶王爷奋斗史 pending=630
2026-04-12 11:16:48,846 - INFO - 开始抓正文: book_id=847 title=我有一块属性板 pending=893
2026-04-12 11:16:53,790 - INFO - 正文章节进度: 1254000/9554851 success=1253999 failure=1 current_book=847 elapsed=38727.12s
2026-04-12 11:17:12,395 - INFO - 开始抓正文: book_id=848 title=家有悍妻怎么破 pending=3250
2026-04-12 11:17:20,278 - INFO - 正文章节进度: 1255000/9554851 success=1254999 failure=1 current_book=848 elapsed=38753.61s
2026-04-12 11:17:47,771 - INFO - 正文章节进度: 1256000/9554851 success=1255999 failure=1 current_book=848 elapsed=38781.10s
2026-04-12 11:18:09,361 - WARNING - 请求失败，稍后重试: url=https://apibi.cc/api/chapter?id=848&chapterid=1380 attempt=1/5 error=HTTP Error 522: <none>
2026-04-12 11:18:44,575 - INFO - 正文章节进度: 1257000/9554851 success=1256999 failure=1 current_book=848 elapsed=38837.90s
2026-04-12 11:19:11,958 - INFO - 开始抓正文: book_id=849 title=山河盛宴 pending=499
2026-04-12 11:19:13,440 - INFO - 正文章节进度: 1258000/9554851 success=1257999 failure=1 current_book=849 elapsed=38866.77s
2026-04-12 11:19:25,916 - INFO - 开始抓正文: book_id=850 title=鹿妖逐鹿 pending=489
2026-04-12 11:19:38,967 - INFO - 开始抓正文: book_id=851 title=我在东京掀起百鬼夜行 pending=476
2026-04-12 11:19:40,530 - INFO - 正文章节进度: 1259000/9554851 success=1258999 failure=1 current_book=851 elapsed=38893.86s
2026-04-12 11:19:51,129 - INFO - 开始抓正文: book_id=852 title=超级学神 pending=3599
2026-04-12 11:20:06,531 - INFO - 正文章节进度: 1260000/9554851 success=1259999 failure=1 current_book=852 elapsed=38919.86s
2026-04-12 11:20:32,607 - INFO - 正文章节进度: 1261000/9554851 success=1260999 failure=1 current_book=852 elapsed=38945.94s
2026-04-12 11:20:58,507 - INFO - 正文章节进度: 1262000/9554851 success=1261999 failure=1 current_book=852 elapsed=38971.84s
2026-04-12 11:21:24,849 - INFO - 正文章节进度: 1263000/9554851 success=1262999 failure=1 current_book=852 elapsed=38998.18s
2026-04-12 11:21:25,312 - INFO - 开始抓正文: book_id=853 title=抗战韩疯子 pending=1087
2026-04-12 11:21:50,731 - INFO - 正文章节进度: 1264000/9554851 success=1263999 failure=1 current_book=853 elapsed=39024.06s
2026-04-12 11:21:53,613 - INFO - 开始抓正文: book_id=854 title=戏精打脸日常 pending=2413
2026-04-12 11:22:16,843 - INFO - 正文章节进度: 1265000/9554851 success=1264999 failure=1 current_book=854 elapsed=39050.17s
2026-04-12 11:22:42,832 - INFO - 正文章节进度: 1266000/9554851 success=1265999 failure=1 current_book=854 elapsed=39076.16s
2026-04-12 11:22:56,256 - INFO - 开始抓正文: book_id=855 title=混沌天帝诀 pending=4912
2026-04-12 11:23:09,183 - INFO - 正文章节进度: 1267000/9554851 success=1266999 failure=1 current_book=855 elapsed=39102.51s
2026-04-12 11:23:35,104 - INFO - 正文章节进度: 1268000/9554851 success=1267999 failure=1 current_book=855 elapsed=39128.43s
2026-04-12 11:24:02,370 - INFO - 正文章节进度: 1269000/9554851 success=1268999 failure=1 current_book=855 elapsed=39155.70s
2026-04-12 11:24:28,832 - INFO - 正文章节进度: 1270000/9554851 success=1269999 failure=1 current_book=855 elapsed=39182.16s
2026-04-12 11:24:54,861 - INFO - 正文章节进度: 1271000/9554851 success=1270999 failure=1 current_book=855 elapsed=39208.19s
2026-04-12 11:25:05,823 - INFO - 开始抓正文: book_id=856 title=我给万物加个点 pending=954
2026-04-12 11:25:20,344 - INFO - 正文章节进度: 1272000/9554851 success=1271999 failure=1 current_book=856 elapsed=39233.67s
2026-04-12 11:25:30,494 - INFO - 开始抓正文: book_id=857 title=文明之万界领主 pending=5049
2026-04-12 11:25:46,725 - INFO - 正文章节进度: 1273000/9554851 success=1272999 failure=1 current_book=857 elapsed=39260.05s
2026-04-12 11:26:12,920 - INFO - 正文章节进度: 1274000/9554851 success=1273999 failure=1 current_book=857 elapsed=39286.25s
2026-04-12 11:26:39,049 - INFO - 正文章节进度: 1275000/9554851 success=1274999 failure=1 current_book=857 elapsed=39312.38s
2026-04-12 11:27:05,834 - INFO - 正文章节进度: 1276000/9554851 success=1275999 failure=1 current_book=857 elapsed=39339.16s
2026-04-12 11:27:48,434 - WARNING - 请求失败，稍后重试: url=https://apibi.cc/api/chapter?id=857&chapterid=4522 attempt=1/5 error=HTTP Error 522: <none>
2026-04-12 11:28:01,575 - INFO - 正文章节进度: 1277000/9554851 success=1276999 failure=1 current_book=857 elapsed=39394.90s
2026-04-12 11:28:19,665 - WARNING - 请求失败，稍后重试: url=https://apibi.cc/api/chapter?id=857&chapterid=4563 attempt=1/5 error=The read operation timed out
2026-04-12 11:28:54,207 - WARNING - 请求失败，稍后重试: url=https://apibi.cc/api/chapter?id=857&chapterid=4688 attempt=1/5 error=The read operation timed out
2026-04-12 11:29:19,955 - WARNING - 请求失败，稍后重试: url=https://apibi.cc/api/chapter?id=857&chapterid=4931 attempt=1/5 error=HTTP Error 522: <none>
2026-04-12 11:29:50,044 - WARNING - 请求失败，稍后重试: url=https://apibi.cc/api/chapter?id=857&chapterid=5046 attempt=1/5 error=The read operation timed out
2026-04-12 11:29:51,968 - INFO - 开始抓正文: book_id=858 title=神豪从愿望成真开始 pending=286
2026-04-12 11:30:03,008 - INFO - 开始抓正文: book_id=860 title=我真不是仙二代 pending=1009
2026-04-12 11:30:11,554 - INFO - 正文章节进度: 1278000/9554851 success=1277999 failure=1 current_book=860 elapsed=39524.88s
2026-04-12 11:30:31,812 - INFO - 正文书籍进度: 860/10000 chapters=1278728/9554851 elapsed=39545.14s
2026-04-12 11:30:31,814 - INFO - 开始抓正文: book_id=861 title=我真不想当BOSS pending=1243
2026-04-12 11:30:54,054 - WARNING - 请求失败，稍后重试: url=https://apibi.cc/api/chapter?id=861&chapterid=108 attempt=1/5 error=HTTP Error 522: <none>
2026-04-12 11:31:26,308 - WARNING - 请求失败，稍后重试: url=https://apibi.cc/api/chapter?id=861&chapterid=154 attempt=1/5 error=HTTP Error 522: <none>
2026-04-12 11:31:28,484 - WARNING - 请求失败，稍后重试: url=https://apibi.cc/api/chapter?id=861&chapterid=135 attempt=1/5 error=The read operation timed out
2026-04-12 11:31:35,108 - INFO - 正文章节进度: 1279000/9554851 success=1278999 failure=1 current_book=861 elapsed=39608.44s
2026-04-12 11:32:03,058 - INFO - 开始抓正文: book_id=862 title=超凡大卫 pending=1323
2026-04-12 11:32:04,121 - INFO - 正文章节进度: 1280000/9554851 success=1279999 failure=1 current_book=862 elapsed=39637.45s
2026-04-12 11:32:30,807 - INFO - 正文章节进度: 1281000/9554851 success=1280999 failure=1 current_book=862 elapsed=39664.14s
2026-04-12 11:32:39,012 - INFO - 开始抓正文: book_id=863 title=大唐孽子 pending=1635
2026-04-12 11:32:57,217 - INFO - 正文章节进度: 1282000/9554851 success=1281999 failure=1 current_book=863 elapsed=39690.54s
2026-04-12 11:33:22,037 - INFO - 开始抓正文: book_id=864 title=魔门败类 pending=8146
2026-04-12 11:33:23,994 - INFO - 正文章节进度: 1283000/9554851 success=1282999 failure=1 current_book=864 elapsed=39717.32s
2026-04-12 11:33:50,749 - INFO - 正文章节进度: 1284000/9554851 success=1283999 failure=1 current_book=864 elapsed=39744.08s
2026-04-12 11:34:16,628 - INFO - 正文章节进度: 1285000/9554851 success=1284999 failure=1 current_book=864 elapsed=39769.96s
2026-04-12 11:34:42,866 - INFO - 正文章节进度: 1286000/9554851 success=1285999 failure=1 current_book=864 elapsed=39796.19s
2026-04-12 11:35:08,929 - INFO - 正文章节进度: 1287000/9554851 success=1286999 failure=1 current_book=864 elapsed=39822.26s
2026-04-12 11:35:35,223 - INFO - 正文章节进度: 1288000/9554851 success=1287999 failure=1 current_book=864 elapsed=39848.55s
2026-04-12 11:36:01,643 - INFO - 正文章节进度: 1289000/9554851 success=1288999 failure=1 current_book=864 elapsed=39874.97s
2026-04-12 11:36:27,784 - INFO - 正文章节进度: 1290000/9554851 success=1289999 failure=1 current_book=864 elapsed=39901.11s
2026-04-12 11:36:54,644 - INFO - 正文章节进度: 1291000/9554851 success=1290999 failure=1 current_book=864 elapsed=39927.97s
2026-04-12 11:36:56,588 - INFO - 开始抓正文: book_id=865 title=我有一个熟练度面板 pending=1629
2026-04-12 11:37:20,483 - INFO - 正文章节进度: 1292000/9554851 success=1291999 failure=1 current_book=865 elapsed=39953.81s
2026-04-12 11:37:39,013 - INFO - 开始抓正文: book_id=866 title=回到明朝做昏君 pending=701
2026-04-12 11:37:46,632 - INFO - 正文章节进度: 1293000/9554851 success=1292999 failure=1 current_book=866 elapsed=39979.96s
2026-04-12 11:37:57,081 - INFO - 开始抓正文: book_id=867 title=韩四当官 pending=760
2026-04-12 11:38:12,334 - INFO - 正文章节进度: 1294000/9554851 success=1293999 failure=1 current_book=867 elapsed=40005.66s
2026-04-12 11:38:16,888 - INFO - 开始抓正文: book_id=868 title=勤奋努力的我不算开挂 pending=544
2026-04-12 11:38:30,949 - INFO - 开始抓正文: book_id=869 title=穿到八零女尊做万人迷 pending=1177
2026-04-12 11:38:38,533 - INFO - 正文章节进度: 1295000/9554851 success=1294999 failure=1 current_book=869 elapsed=40031.86s
2026-04-12 11:39:01,358 - INFO - 开始抓正文: book_id=870 title=电影世界大拯救 pending=1108
2026-04-12 11:39:04,410 - INFO - 正文章节进度: 1296000/9554851 success=1295999 failure=1 current_book=870 elapsed=40057.74s
2026-04-12 11:39:30,765 - INFO - 开始抓正文: book_id=871 title=我在江湖当大侠 pending=668
2026-04-12 11:39:31,250 - INFO - 正文章节进度: 1297000/9554851 success=1296999 failure=1 current_book=871 elapsed=40084.58s
2026-04-12 11:39:48,125 - INFO - 开始抓正文: book_id=872 title=从我是特种兵开始签到 pending=777
2026-04-12 11:39:56,710 - INFO - 正文章节进度: 1298000/9554851 success=1297999 failure=1 current_book=872 elapsed=40110.04s
2026-04-12 11:40:08,309 - INFO - 开始抓正文: book_id=873 title=男主的自我修养 pending=306
2026-04-12 11:40:16,486 - INFO - 开始抓正文: book_id=874 title=证道从遮天开始 pending=1563
2026-04-12 11:40:23,175 - INFO - 正文章节进度: 1299000/9554851 success=1298999 failure=1 current_book=874 elapsed=40136.50s
2026-04-12 11:40:48,743 - INFO - 正文章节进度: 1300000/9554851 success=1299999 failure=1 current_book=874 elapsed=40162.07s
2026-04-12 11:40:57,128 - INFO - 开始抓正文: book_id=875 title=我以为自己能养出火影 pending=483
2026-04-12 11:41:09,879 - INFO - 开始抓正文: book_id=876 title=征战乐园 pending=1488
2026-04-12 11:41:15,221 - INFO - 正文章节进度: 1301000/9554851 success=1300999 failure=1 current_book=876 elapsed=40188.55s
2026-04-12 11:41:41,230 - INFO - 正文章节进度: 1302000/9554851 success=1301999 failure=1 current_book=876 elapsed=40214.56s
2026-04-12 11:41:48,365 - INFO - 开始抓正文: book_id=877 title=海贼之祸害 pending=983
2026-04-12 11:42:07,411 - INFO - 正文章节进度: 1303000/9554851 success=1302999 failure=1 current_book=877 elapsed=40240.74s
2026-04-12 11:42:14,349 - INFO - 开始抓正文: book_id=878 title=快穿之炮灰的开挂人生 pending=1902
2026-04-12 11:42:33,981 - INFO - 正文章节进度: 1304000/9554851 success=1303999 failure=1 current_book=878 elapsed=40267.31s
2026-04-12 11:42:59,992 - INFO - 正文章节进度: 1305000/9554851 success=1304999 failure=1 current_book=878 elapsed=40293.32s
2026-04-12 11:43:04,361 - INFO - 开始抓正文: book_id=879 title=霍格沃茨之血脉巫师 pending=1019
2026-04-12 11:43:26,280 - INFO - 正文章节进度: 1306000/9554851 success=1305999 failure=1 current_book=879 elapsed=40319.61s
2026-04-12 11:43:31,267 - INFO - 开始抓正文: book_id=880 title=重生之超级银行系统 pending=2394
2026-04-12 11:43:57,655 - WARNING - 请求失败，稍后重试: url=https://apibi.cc/api/chapter?id=880&chapterid=272 attempt=1/5 error=HTTP Error 522: <none>
2026-04-12 11:44:25,230 - INFO - 正文章节进度: 1307000/9554851 success=1306999 failure=1 current_book=880 elapsed=40378.56s
2026-04-12 11:44:52,632 - INFO - 正文章节进度: 1308000/9554851 success=1307999 failure=1 current_book=880 elapsed=40405.96s
2026-04-12 11:45:07,631 - INFO - 正文书籍进度: 880/10000 chapters=1308577/9554851 elapsed=40420.96s
2026-04-12 11:45:07,632 - INFO - 开始抓正文: book_id=881 title=重生之网络争霸 pending=1198
2026-04-12 11:45:18,752 - INFO - 正文章节进度: 1309000/9554851 success=1308999 failure=1 current_book=881 elapsed=40432.08s
2026-04-12 11:45:39,027 - INFO - 开始抓正文: book_id=882 title=钚龙领域 pending=382
2026-04-12 11:45:44,731 - INFO - 正文章节进度: 1310000/9554851 success=1309999 failure=1 current_book=882 elapsed=40458.06s
2026-04-12 11:45:49,104 - INFO - 开始抓正文: book_id=883 title=万道龙皇 pending=6355
2026-04-12 11:46:11,527 - INFO - 正文章节进度: 1311000/9554851 success=1310999 failure=1 current_book=883 elapsed=40484.86s
2026-04-12 11:46:37,894 - INFO - 正文章节进度: 1312000/9554851 success=1311999 failure=1 current_book=883 elapsed=40511.22s
2026-04-12 11:47:03,945 - INFO - 正文章节进度: 1313000/9554851 success=1312999 failure=1 current_book=883 elapsed=40537.27s
2026-04-12 11:47:30,469 - INFO - 正文章节进度: 1314000/9554851 success=1313999 failure=1 current_book=883 elapsed=40563.80s
2026-04-12 11:47:56,408 - INFO - 正文章节进度: 1315000/9554851 success=1314999 failure=1 current_book=883 elapsed=40589.74s
2026-04-12 11:48:22,631 - INFO - 正文章节进度: 1316000/9554851 success=1315999 failure=1 current_book=883 elapsed=40615.96s
2026-04-12 11:48:36,310 - INFO - 开始抓正文: book_id=884 title=法爷永远是你大爷 pending=803
2026-04-12 11:48:48,880 - INFO - 正文章节进度: 1317000/9554851 success=1316999 failure=1 current_book=884 elapsed=40642.21s
2026-04-12 11:48:56,834 - INFO - 开始抓正文: book_id=885 title=从今天开始捡属性 pending=432
2026-04-12 11:49:07,954 - INFO - 开始抓正文: book_id=886 title=特种岁月 pending=1380
2026-04-12 11:49:14,608 - INFO - 正文章节进度: 1318000/9554851 success=1317999 failure=1 current_book=886 elapsed=40667.94s
2026-04-12 11:49:40,110 - INFO - 正文章节进度: 1319000/9554851 success=1318999 failure=1 current_book=886 elapsed=40693.44s
2026-04-12 11:49:43,304 - INFO - 开始抓正文: book_id=887 title=朔明 pending=443
2026-04-12 11:49:54,650 - INFO - 开始抓正文: book_id=888 title=北齐帝业 pending=492
2026-04-12 11:50:05,855 - INFO - 正文章节进度: 1320000/9554851 success=1319999 failure=1 current_book=888 elapsed=40719.18s
2026-04-12 11:50:07,720 - INFO - 开始抓正文: book_id=889 title=我有一座末日城 pending=1749
2026-04-12 11:50:31,673 - INFO - 正文章节进度: 1321000/9554851 success=1320999 failure=1 current_book=889 elapsed=40745.00s
2026-04-12 11:50:52,756 - INFO - 开始抓正文: book_id=890 title=我家妹妹超级甜 pending=1374
2026-04-12 11:50:57,628 - INFO - 正文章节进度: 1322000/9554851 success=1321999 failure=1 current_book=890 elapsed=40770.96s
2026-04-12 11:51:23,224 - INFO - 正文章节进度: 1323000/9554851 success=1322999 failure=1 current_book=890 elapsed=40796.55s
2026-04-12 11:51:28,213 - INFO - 开始抓正文: book_id=891 title=英雄联盟之兼职主播 pending=1821
2026-04-12 11:51:49,476 - INFO - 正文章节进度: 1324000/9554851 success=1323999 failure=1 current_book=891 elapsed=40822.80s
2026-04-12 11:52:15,726 - INFO - 正文章节进度: 1325000/9554851 success=1324999 failure=1 current_book=891 elapsed=40849.05s
2026-04-12 11:52:15,865 - INFO - 开始抓正文: book_id=892 title=庶子夺唐 pending=942
2026-04-12 11:52:56,041 - WARNING - 请求失败，稍后重试: url=https://apibi.cc/api/chapter?id=892&chapterid=768 attempt=1/5 error=HTTP Error 522: <none>
2026-04-12 11:53:24,411 - WARNING - 请求失败，稍后重试: url=https://apibi.cc/api/chapter?id=892&chapterid=851 attempt=1/5 error=The read operation timed out
2026-04-12 11:53:32,076 - INFO - 开始抓正文: book_id=893 title=斗罗之昊天神话 pending=604
2026-04-12 11:53:34,032 - INFO - 正文章节进度: 1326000/9554851 success=1325999 failure=1 current_book=893 elapsed=40927.36s
2026-04-12 11:53:50,654 - INFO - 开始抓正文: book_id=894 title=山野闲云 pending=685
2026-04-12 11:54:10,795 - WARNING - 请求失败，稍后重试: url=https://apibi.cc/api/chapter?id=894&chapterid=30 attempt=1/5 error=HTTP Error 522: <none>
2026-04-12 11:54:32,527 - INFO - 正文章节进度: 1327000/9554851 success=1326999 failure=1 current_book=894 elapsed=40985.86s
2026-04-12 11:54:39,109 - INFO - 开始抓正文: book_id=895 title=深空之流浪舰队 pending=871
2026-04-12 11:54:59,847 - INFO - 正文章节进度: 1328000/9554851 success=1327999 failure=1 current_book=895 elapsed=41013.18s
2026-04-12 11:55:02,902 - INFO - 开始抓正文: book_id=896 title=我在黄泉有座房 pending=1066
2026-04-12 11:55:26,496 - INFO - 正文章节进度: 1329000/9554851 success=1328999 failure=1 current_book=896 elapsed=41039.82s
2026-04-12 11:55:30,936 - INFO - 开始抓正文: book_id=897 title=洪主 pending=1768
2026-04-12 11:56:05,660 - WARNING - 请求失败，稍后重试: url=https://apibi.cc/api/chapter?id=897&chapterid=579 attempt=1/5 error=HTTP Error 522: <none>
2026-04-12 11:56:38,280 - WARNING - 请求失败，稍后重试: url=https://apibi.cc/api/chapter?id=897&chapterid=579 attempt=2/5 error=The read operation timed out
2026-04-12 11:56:54,546 - INFO - 正文章节进度: 1330000/9554851 success=1329999 failure=1 current_book=897 elapsed=41127.87s
2026-04-12 11:57:21,918 - INFO - 开始抓正文: book_id=898 title=三国有君子 pending=1066
2026-04-12 11:57:23,641 - INFO - 正文章节进度: 1331000/9554851 success=1330999 failure=1 current_book=898 elapsed=41156.97s
2026-04-12 11:57:49,703 - INFO - 正文章节进度: 1332000/9554851 success=1331999 failure=1 current_book=898 elapsed=41183.03s
2026-04-12 11:57:49,902 - INFO - 开始抓正文: book_id=899 title=来自未来的神探 pending=1132
2026-04-12 11:58:15,841 - INFO - 正文章节进度: 1333000/9554851 success=1332999 failure=1 current_book=899 elapsed=41209.17s
2026-04-12 11:58:19,619 - INFO - 开始抓正文: book_id=900 title=大国工程 pending=785
2026-04-12 11:58:40,414 - INFO - 正文书籍进度: 900/10000 chapters=1333925/9554851 elapsed=41233.74s
2026-04-12 11:58:40,417 - INFO - 开始抓正文: book_id=901 title=你跑不过我吧 pending=984
2026-04-12 11:58:42,482 - INFO - 正文章节进度: 1334000/9554851 success=1333999 failure=1 current_book=901 elapsed=41235.81s
2026-04-12 11:59:06,970 - INFO - 开始抓正文: book_id=902 title=娱乐圈的科学家 pending=802
2026-04-12 11:59:09,354 - INFO - 正文章节进度: 1335000/9554851 success=1334999 failure=1 current_book=902 elapsed=41262.68s
2026-04-12 11:59:28,072 - INFO - 开始抓正文: book_id=903 title=机械武圣 pending=499
2026-04-12 11:59:35,544 - INFO - 正文章节进度: 1336000/9554851 success=1335999 failure=1 current_book=903 elapsed=41288.87s
2026-04-12 11:59:41,107 - INFO - 开始抓正文: book_id=904 title=超级农业强国 pending=793
2026-04-12 12:00:01,656 - INFO - 正文章节进度: 1337000/9554851 success=1336999 failure=1 current_book=904 elapsed=41314.98s
2026-04-12 12:00:01,743 - INFO - 开始抓正文: book_id=905 title=从契约精灵开始 pending=677
2026-04-12 12:00:19,921 - INFO - 开始抓正文: book_id=906 title=木叶寒风 pending=1024
2026-04-12 12:00:28,396 - INFO - 正文章节进度: 1338000/9554851 success=1337999 failure=1 current_book=906 elapsed=41341.72s
2026-04-12 12:00:46,933 - INFO - 开始抓正文: book_id=907 title=吃鸡之无限升级系统 pending=1331
2026-04-12 12:00:54,669 - INFO - 正文章节进度: 1339000/9554851 success=1338999 failure=1 current_book=907 elapsed=41368.00s
2026-04-12 12:01:20,633 - INFO - 正文章节进度: 1340000/9554851 success=1339999 failure=1 current_book=907 elapsed=41393.96s
2026-04-12 12:01:40,270 - WARNING - 请求失败，稍后重试: url=https://apibi.cc/api/chapter?id=907&chapterid=1303 attempt=1/5 error=HTTP Error 522: <none>
2026-04-12 12:02:01,266 - INFO - 开始抓正文: book_id=908 title=诸天降临现实 pending=796
2026-04-12 12:02:24,207 - INFO - 开始抓正文: book_id=909 title=他养的小可爱太甜了 pending=1161
2026-04-12 12:02:29,102 - INFO - 正文章节进度: 1341000/9554851 success=1340999 failure=1 current_book=909 elapsed=41462.43s
2026-04-12 12:02:56,525 - INFO - 开始抓正文: book_id=910 title=洪荒之太乙道人 pending=333
2026-04-12 12:02:56,999 - INFO - 正文章节进度: 1342000/9554851 success=1341999 failure=1 current_book=910 elapsed=41490.33s
2026-04-12 12:03:05,109 - INFO - 开始抓正文: book_id=911 title=返回2006 pending=841
2026-04-12 12:03:22,853 - INFO - 正文章节进度: 1343000/9554851 success=1342999 failure=1 current_book=911 elapsed=41516.18s
2026-04-12 12:03:27,443 - INFO - 开始抓正文: book_id=912 title=从九龙夺嫡开始 pending=684
2026-04-12 12:03:45,186 - INFO - 开始抓正文: book_id=913 title=星际破烂女王 pending=2922
2026-04-12 12:03:49,143 - INFO - 正文章节进度: 1344000/9554851 success=1343999 failure=1 current_book=913 elapsed=41542.47s
2026-04-12 12:04:22,112 - INFO - 正文章节进度: 1345000/9554851 success=1344999 failure=1 current_book=913 elapsed=41575.44s
2026-04-12 12:04:37,982 - WARNING - 请求失败，稍后重试: url=https://apibi.cc/api/chapter?id=913&chapterid=1504 attempt=1/5 error=<urlopen error [Errno 54] Connection reset by peer>
2026-04-12 12:04:55,004 - INFO - 正文章节进度: 1346000/9554851 success=1345999 failure=1 current_book=913 elapsed=41608.33s
2026-04-12 12:05:15,881 - INFO - 开始抓正文: book_id=914 title=绝天武帝 pending=2102
2026-04-12 12:05:21,769 - INFO - 正文章节进度: 1347000/9554851 success=1346999 failure=1 current_book=914 elapsed=41635.10s
2026-04-12 12:05:48,205 - INFO - 正文章节进度: 1348000/9554851 success=1347999 failure=1 current_book=914 elapsed=41661.53s
2026-04-12 12:06:11,280 - INFO - 开始抓正文: book_id=915 title=重生之搏浪大时代 pending=1078
2026-04-12 12:06:14,806 - INFO - 正文章节进度: 1349000/9554851 success=1348999 failure=1 current_book=915 elapsed=41688.13s
2026-04-12 12:06:39,657 - INFO - 开始抓正文: book_id=916 title=星临诸天 pending=1338
2026-04-12 12:06:41,112 - INFO - 正文章节进度: 1350000/9554851 success=1349999 failure=1 current_book=916 elapsed=41714.44s
2026-04-12 12:07:06,881 - INFO - 正文章节进度: 1351000/9554851 success=1350999 failure=1 current_book=916 elapsed=41740.21s
2026-04-12 12:07:14,715 - INFO - 开始抓正文: book_id=917 title=骑砍风云录 pending=443
2026-04-12 12:07:26,319 - INFO - 开始抓正文: book_id=918 title=覆手 pending=593
2026-04-12 12:07:33,394 - INFO - 正文章节进度: 1352000/9554851 success=1351999 failure=1 current_book=918 elapsed=41766.72s
2026-04-12 12:07:42,017 - INFO - 开始抓正文: book_id=919 title=从今开始当大佬 pending=1178
2026-04-12 12:07:59,763 - INFO - 正文章节进度: 1353000/9554851 success=1352999 failure=1 current_book=919 elapsed=41793.09s
2026-04-12 12:08:13,301 - INFO - 开始抓正文: book_id=920 title=无敌正德 pending=495
2026-04-12 12:08:26,715 - INFO - 正文书籍进度: 920/10000 chapters=1353999/9554851 elapsed=41820.04s
2026-04-12 12:08:26,719 - INFO - 开始抓正文: book_id=921 title=今天三爷给夫人撑腰了吗 pending=791
2026-04-12 12:08:27,065 - INFO - 正文章节进度: 1354000/9554851 success=1353999 failure=1 current_book=921 elapsed=41820.39s
2026-04-12 12:08:47,514 - INFO - 开始抓正文: book_id=922 title=侯府商女 pending=5289
2026-04-12 12:08:53,131 - INFO - 正文章节进度: 1355000/9554851 success=1354999 failure=1 current_book=922 elapsed=41846.46s
2026-04-12 12:09:20,357 - INFO - 正文章节进度: 1356000/9554851 success=1355999 failure=1 current_book=922 elapsed=41873.69s
2026-04-12 12:09:46,925 - INFO - 正文章节进度: 1357000/9554851 success=1356999 failure=1 current_book=922 elapsed=41900.25s
2026-04-12 12:10:13,810 - INFO - 正文章节进度: 1358000/9554851 success=1357999 failure=1 current_book=922 elapsed=41927.14s
2026-04-12 12:10:40,362 - INFO - 正文章节进度: 1359000/9554851 success=1358999 failure=1 current_book=922 elapsed=41953.69s
2026-04-12 12:11:07,188 - INFO - 正文章节进度: 1360000/9554851 success=1359999 failure=1 current_book=922 elapsed=41980.52s
2026-04-12 12:11:09,373 - INFO - 开始抓正文: book_id=923 title=带着火影重生日本东京 pending=938
2026-04-12 12:11:33,893 - INFO - 正文章节进度: 1361000/9554851 success=1360999 failure=1 current_book=923 elapsed=42007.22s
2026-04-12 12:11:34,353 - INFO - 开始抓正文: book_id=924 title=今天也没变成玩偶呢 pending=1346
2026-04-12 12:11:59,762 - INFO - 正文章节进度: 1362000/9554851 success=1361999 failure=1 current_book=924 elapsed=42033.09s
2026-04-12 12:12:09,499 - INFO - 开始抓正文: book_id=925 title=重生大亨崛起 pending=486
2026-04-12 12:12:23,661 - INFO - 开始抓正文: book_id=926 title=我在西北开加油站 pending=1218
2026-04-12 12:12:27,869 - INFO - 正文章节进度: 1363000/9554851 success=1362999 failure=1 current_book=926 elapsed=42061.20s
2026-04-12 12:12:53,837 - INFO - 正文章节进度: 1364000/9554851 success=1363999 failure=1 current_book=926 elapsed=42087.17s
2026-04-12 12:12:56,864 - INFO - 开始抓正文: book_id=927 title=我以妖格担保 pending=929
2026-04-12 12:13:22,079 - INFO - 开始抓正文: book_id=928 title=伐清1719 pending=694
2026-04-12 12:13:22,521 - INFO - 正文章节进度: 1365000/9554851 success=1364999 failure=1 current_book=928 elapsed=42115.85s
2026-04-12 12:13:40,796 - INFO - 开始抓正文: book_id=929 title=觉醒后我征服了全世界 pending=1131
2026-04-12 12:13:48,962 - INFO - 正文章节进度: 1366000/9554851 success=1365999 failure=1 current_book=929 elapsed=42142.29s
2026-04-12 12:14:10,230 - INFO - 开始抓正文: book_id=930 title=我的女友是声优 pending=347
2026-04-12 12:14:15,084 - INFO - 正文章节进度: 1367000/9554851 success=1366999 failure=1 current_book=930 elapsed=42168.41s
2026-04-12 12:14:19,321 - INFO - 开始抓正文: book_id=931 title=我在明朝当国公 pending=1286
2026-04-12 12:14:41,032 - INFO - 正文章节进度: 1368000/9554851 success=1367999 failure=1 current_book=931 elapsed=42194.36s
2026-04-12 12:14:53,015 - INFO - 开始抓正文: book_id=932 title=木叶之最强肉遁 pending=955
2026-04-12 12:15:13,425 - INFO - 正文章节进度: 1369000/9554851 success=1368999 failure=1 current_book=932 elapsed=42226.75s
2026-04-12 12:15:24,175 - INFO - 开始抓正文: book_id=933 title=盖世双谐 pending=656
2026-04-12 12:15:39,753 - INFO - 正文章节进度: 1370000/9554851 success=1369999 failure=1 current_book=933 elapsed=42253.08s
2026-04-12 12:15:41,625 - INFO - 开始抓正文: book_id=934 title=网游之最强传说 pending=3106
2026-04-12 12:16:06,159 - INFO - 正文章节进度: 1371000/9554851 success=1370999 failure=1 current_book=934 elapsed=42279.49s
2026-04-12 12:16:32,668 - INFO - 正文章节进度: 1372000/9554851 success=1371999 failure=1 current_book=934 elapsed=42306.00s
2026-04-12 12:16:59,033 - INFO - 正文章节进度: 1373000/9554851 success=1372999 failure=1 current_book=934 elapsed=42332.36s
2026-04-12 12:17:03,873 - INFO - 开始抓正文: book_id=935 title=我家太子妃超凶的 pending=5780
2026-04-12 12:17:26,757 - INFO - 正文章节进度: 1374000/9554851 success=1373999 failure=1 current_book=935 elapsed=42360.08s
2026-04-12 12:17:53,253 - INFO - 正文章节进度: 1375000/9554851 success=1374999 failure=1 current_book=935 elapsed=42386.58s
2026-04-12 12:18:19,456 - INFO - 正文章节进度: 1376000/9554851 success=1375999 failure=1 current_book=935 elapsed=42412.78s
2026-04-12 12:18:45,358 - INFO - 正文章节进度: 1377000/9554851 success=1376999 failure=1 current_book=935 elapsed=42438.69s
2026-04-12 12:19:29,071 - WARNING - 请求失败，稍后重试: url=https://apibi.cc/api/chapter?id=935&chapterid=4762 attempt=1/5 error=HTTP Error 522: <none>
2026-04-12 12:19:43,556 - INFO - 正文章节进度: 1378000/9554851 success=1377999 failure=1 current_book=935 elapsed=42496.88s
2026-04-12 12:20:13,099 - WARNING - 请求失败，稍后重试: url=https://apibi.cc/api/chapter?id=935&chapterid=5186 attempt=1/5 error=HTTP Error 522: <none>
2026-04-12 12:20:41,913 - INFO - 开始抓正文: book_id=936 title=我的魔法时代 pending=1641
2026-04-12 12:20:43,452 - INFO - 正文章节进度: 1379000/9554851 success=1378999 failure=1 current_book=936 elapsed=42556.78s
2026-04-12 12:21:10,626 - INFO - 正文章节进度: 1380000/9554851 success=1379999 failure=1 current_book=936 elapsed=42583.95s
2026-04-12 12:21:26,204 - INFO - 开始抓正文: book_id=937 title=白龙之凛冬领主 pending=465
2026-04-12 12:21:36,564 - INFO - 正文章节进度: 1381000/9554851 success=1380999 failure=1 current_book=937 elapsed=42609.89s
2026-04-12 12:21:37,938 - INFO - 开始抓正文: book_id=938 title=炮灰修真指南 pending=884
2026-04-12 12:22:01,524 - INFO - 开始抓正文: book_id=939 title=诅咒之龙 pending=2635
2026-04-12 12:22:03,195 - INFO - 正文章节进度: 1382000/9554851 success=1381999 failure=1 current_book=939 elapsed=42636.52s
2026-04-12 12:22:29,516 - INFO - 正文章节进度: 1383000/9554851 success=1382999 failure=1 current_book=939 elapsed=42662.84s
2026-04-12 12:22:56,313 - INFO - 正文章节进度: 1384000/9554851 success=1383999 failure=1 current_book=939 elapsed=42689.64s
2026-04-12 12:23:11,303 - INFO - 开始抓正文: book_id=940 title=大佬退休之后 pending=1330
2026-04-12 12:23:22,226 - INFO - 正文章节进度: 1385000/9554851 success=1384999 failure=1 current_book=940 elapsed=42715.55s
2026-04-12 12:23:45,596 - INFO - 正文书籍进度: 940/10000 chapters=1385906/9554851 elapsed=42738.92s
2026-04-12 12:23:45,599 - INFO - 开始抓正文: book_id=941 title=摘仙令 pending=1298
2026-04-12 12:23:48,072 - INFO - 正文章节进度: 1386000/9554851 success=1385999 failure=1 current_book=941 elapsed=42741.40s
2026-04-12 12:24:15,715 - INFO - 正文章节进度: 1387000/9554851 success=1386999 failure=1 current_book=941 elapsed=42769.04s
2026-04-12 12:24:20,881 - INFO - 开始抓正文: book_id=942 title=毒医娘亲萌宝宝 pending=8781
2026-04-12 12:24:41,961 - INFO - 正文章节进度: 1388000/9554851 success=1387999 failure=1 current_book=942 elapsed=42795.29s
2026-04-12 12:25:07,919 - INFO - 正文章节进度: 1389000/9554851 success=1388999 failure=1 current_book=942 elapsed=42821.25s
2026-04-12 12:25:35,174 - INFO - 正文章节进度: 1390000/9554851 success=1389999 failure=1 current_book=942 elapsed=42848.50s
2026-04-12 12:26:10,749 - WARNING - 请求失败，稍后重试: url=https://apibi.cc/api/chapter?id=942&chapterid=3421 attempt=1/5 error=HTTP Error 522: <none>
2026-04-12 12:26:35,191 - INFO - 正文章节进度: 1391000/9554851 success=1390999 failure=1 current_book=942 elapsed=42908.52s
2026-04-12 12:27:14,987 - WARNING - 请求失败，稍后重试: url=https://apibi.cc/api/chapter?id=942&chapterid=4531 attempt=1/5 error=HTTP Error 522: <none>
2026-04-12 12:27:41,868 - WARNING - 请求失败，稍后重试: url=https://apibi.cc/api/chapter?id=942&chapterid=4565 attempt=1/5 error=The read operation timed out
2026-04-12 12:27:43,625 - WARNING - 请求失败，稍后重试: url=https://apibi.cc/api/chapter?id=942&chapterid=4575 attempt=1/5 error=The read operation timed out
2026-04-12 12:27:44,443 - WARNING - 请求失败，稍后重试: url=https://apibi.cc/api/chapter?id=942&chapterid=4564 attempt=1/5 error=The read operation timed out
2026-04-12 12:27:44,484 - WARNING - 请求失败，稍后重试: url=https://apibi.cc/api/chapter?id=942&chapterid=4578 attempt=1/5 error=The read operation timed out
2026-04-12 12:27:49,368 - INFO - 正文章节进度: 1392000/9554851 success=1391999 failure=1 current_book=942 elapsed=42982.70s
2026-04-12 12:28:18,578 - INFO - 正文章节进度: 1393000/9554851 success=1392999 failure=1 current_book=942 elapsed=43011.91s
2026-04-12 12:28:26,742 - WARNING - 请求失败，稍后重试: url=https://apibi.cc/api/chapter?id=942&chapterid=6104 attempt=1/5 error=Expecting value: line 1 column 1 (char 0)
2026-04-12 12:28:28,062 - WARNING - 请求失败，稍后重试: url=https://apibi.cc/api/chapter?id=942&chapterid=6104 attempt=2/5 error=Expecting value: line 1 column 1 (char 0)
2026-04-12 12:28:30,344 - WARNING - 请求失败，稍后重试: url=https://apibi.cc/api/chapter?id=942&chapterid=6104 attempt=3/5 error=Expecting value: line 1 column 1 (char 0)
2026-04-12 12:28:34,560 - WARNING - 请求失败，稍后重试: url=https://apibi.cc/api/chapter?id=942&chapterid=6104 attempt=4/5 error=Expecting value: line 1 column 1 (char 0)
2026-04-12 12:28:42,871 - WARNING - 正文抓取失败: book_id=942 chapter_id=6104 error=请求失败: https://apibi.cc/api/chapter?id=942&chapterid=6104 -> Expecting value: line 1 column 1 (char 0)
2026-04-12 12:28:43,237 - WARNING - 请求失败，稍后重试: url=https://apibi.cc/api/chapter?id=942&chapterid=6124 attempt=1/5 error=Expecting value: line 1 column 1 (char 0)
2026-04-12 12:28:43,277 - WARNING - 请求失败，稍后重试: url=https://apibi.cc/api/chapter?id=942&chapterid=6125 attempt=1/5 error=Expecting value: line 1 column 1 (char 0)
2026-04-12 12:28:43,307 - WARNING - 请求失败，稍后重试: url=https://apibi.cc/api/chapter?id=942&chapterid=6126 attempt=1/5 error=Expecting value: line 1 column 1 (char 0)
2026-04-12 12:28:43,415 - WARNING - 请求失败，稍后重试: url=https://apibi.cc/api/chapter?id=942&chapterid=6123 attempt=1/5 error=Expecting value: line 1 column 1 (char 0)
2026-04-12 12:28:43,665 - WARNING - 请求失败，稍后重试: url=https://apibi.cc/api/chapter?id=942&chapterid=6139 attempt=1/5 error=Expecting value: line 1 column 1 (char 0)
2026-04-12 12:28:43,687 - WARNING - 请求失败，稍后重试: url=https://apibi.cc/api/chapter?id=942&chapterid=6140 attempt=1/5 error=Expecting value: line 1 column 1 (char 0)
2026-04-12 12:28:43,730 - WARNING - 请求失败，稍后重试: url=https://apibi.cc/api/chapter?id=942&chapterid=6142 attempt=1/5 error=Expecting value: line 1 column 1 (char 0)
2026-04-12 12:28:43,740 - WARNING - 请求失败，稍后重试: url=https://apibi.cc/api/chapter?id=942&chapterid=6141 attempt=1/5 error=Expecting value: line 1 column 1 (char 0)
2026-04-12 12:28:44,215 - WARNING - 请求失败，稍后重试: url=https://apibi.cc/api/chapter?id=942&chapterid=6155 attempt=1/5 error=Expecting value: line 1 column 1 (char 0)
2026-04-12 12:28:44,239 - WARNING - 请求失败，稍后重试: url=https://apibi.cc/api/chapter?id=942&chapterid=6156 attempt=1/5 error=Expecting value: line 1 column 1 (char 0)
2026-04-12 12:28:44,331 - WARNING - 请求失败，稍后重试: url=https://apibi.cc/api/chapter?id=942&chapterid=6157 attempt=1/5 error=Expecting value: line 1 column 1 (char 0)
2026-04-12 12:28:44,602 - WARNING - 请求失败，稍后重试: url=https://apibi.cc/api/chapter?id=942&chapterid=6124 attempt=2/5 error=Expecting value: line 1 column 1 (char 0)
2026-04-12 12:28:44,656 - WARNING - 请求失败，稍后重试: url=https://apibi.cc/api/chapter?id=942&chapterid=6125 attempt=2/5 error=Expecting value: line 1 column 1 (char 0)
2026-04-12 12:28:44,675 - WARNING - 请求失败，稍后重试: url=https://apibi.cc/api/chapter?id=942&chapterid=6126 attempt=2/5 error=Expecting value: line 1 column 1 (char 0)
2026-04-12 12:28:44,737 - WARNING - 请求失败，稍后重试: url=https://apibi.cc/api/chapter?id=942&chapterid=6123 attempt=2/5 error=Expecting value: line 1 column 1 (char 0)
2026-04-12 12:28:44,862 - WARNING - 请求失败，稍后重试: url=https://apibi.cc/api/chapter?id=942&chapterid=6140 attempt=2/5 error=Expecting value: line 1 column 1 (char 0)
2026-04-12 12:28:45,005 - WARNING - 请求失败，稍后重试: url=https://apibi.cc/api/chapter?id=942&chapterid=6142 attempt=2/5 error=Expecting value: line 1 column 1 (char 0)
2026-04-12 12:28:45,036 - WARNING - 请求失败，稍后重试: url=https://apibi.cc/api/chapter?id=942&chapterid=6139 attempt=2/5 error=Expecting value: line 1 column 1 (char 0)
2026-04-12 12:28:45,071 - WARNING - 请求失败，稍后重试: url=https://apibi.cc/api/chapter?id=942&chapterid=6141 attempt=2/5 error=Expecting value: line 1 column 1 (char 0)
2026-04-12 12:28:45,311 - WARNING - 请求失败，稍后重试: url=https://apibi.cc/api/chapter?id=942&chapterid=6172 attempt=1/5 error=Expecting value: line 1 column 1 (char 0)
2026-04-12 12:28:45,342 - WARNING - 请求失败，稍后重试: url=https://apibi.cc/api/chapter?id=942&chapterid=6173 attempt=1/5 error=Expecting value: line 1 column 1 (char 0)
2026-04-12 12:28:45,458 - WARNING - 请求失败，稍后重试: url=https://apibi.cc/api/chapter?id=942&chapterid=6174 attempt=1/5 error=Expecting value: line 1 column 1 (char 0)
2026-04-12 12:28:45,462 - WARNING - 请求失败，稍后重试: url=https://apibi.cc/api/chapter?id=942&chapterid=6171 attempt=1/5 error=Expecting value: line 1 column 1 (char 0)
2026-04-12 12:28:45,540 - WARNING - 请求失败，稍后重试: url=https://apibi.cc/api/chapter?id=942&chapterid=6155 attempt=2/5 error=Expecting value: line 1 column 1 (char 0)
2026-04-12 12:28:45,606 - WARNING - 请求失败，稍后重试: url=https://apibi.cc/api/chapter?id=942&chapterid=6156 attempt=2/5 error=Expecting value: line 1 column 1 (char 0)
2026-04-12 12:28:45,680 - WARNING - 请求失败，稍后重试: url=https://apibi.cc/api/chapter?id=942&chapterid=6157 attempt=2/5 error=Expecting value: line 1 column 1 (char 0)
2026-04-12 12:28:46,515 - WARNING - 请求失败，稍后重试: url=https://apibi.cc/api/chapter?id=942&chapterid=6173 attempt=2/5 error=Expecting value: line 1 column 1 (char 0)
2026-04-12 12:28:46,565 - WARNING - 请求失败，稍后重试: url=https://apibi.cc/api/chapter?id=942&chapterid=6172 attempt=2/5 error=Expecting value: line 1 column 1 (char 0)
2026-04-12 12:28:46,642 - WARNING - 请求失败，稍后重试: url=https://apibi.cc/api/chapter?id=942&chapterid=6174 attempt=2/5 error=Expecting value: line 1 column 1 (char 0)
2026-04-12 12:28:46,707 - WARNING - 请求失败，稍后重试: url=https://apibi.cc/api/chapter?id=942&chapterid=6171 attempt=2/5 error=Expecting value: line 1 column 1 (char 0)
2026-04-12 12:28:46,780 - WARNING - 请求失败，稍后重试: url=https://apibi.cc/api/chapter?id=942&chapterid=6124 attempt=3/5 error=Expecting value: line 1 column 1 (char 0)
2026-04-12 12:28:46,848 - WARNING - 请求失败，稍后重试: url=https://apibi.cc/api/chapter?id=942&chapterid=6125 attempt=3/5 error=Expecting value: line 1 column 1 (char 0)
2026-04-12 12:28:46,954 - WARNING - 请求失败，稍后重试: url=https://apibi.cc/api/chapter?id=942&chapterid=6123 attempt=3/5 error=Expecting value: line 1 column 1 (char 0)
2026-04-12 12:28:46,961 - WARNING - 请求失败，稍后重试: url=https://apibi.cc/api/chapter?id=942&chapterid=6126 attempt=3/5 error=Expecting value: line 1 column 1 (char 0)
2026-04-12 12:28:47,142 - WARNING - 请求失败，稍后重试: url=https://apibi.cc/api/chapter?id=942&chapterid=6140 attempt=3/5 error=Expecting value: line 1 column 1 (char 0)
2026-04-12 12:28:47,235 - WARNING - 请求失败，稍后重试: url=https://apibi.cc/api/chapter?id=942&chapterid=6142 attempt=3/5 error=Expecting value: line 1 column 1 (char 0)
2026-04-12 12:28:47,236 - WARNING - 请求失败，稍后重试: url=https://apibi.cc/api/chapter?id=942&chapterid=6139 attempt=3/5 error=Expecting value: line 1 column 1 (char 0)
2026-04-12 12:28:47,338 - WARNING - 请求失败，稍后重试: url=https://apibi.cc/api/chapter?id=942&chapterid=6141 attempt=3/5 error=Expecting value: line 1 column 1 (char 0)
2026-04-12 12:28:47,772 - WARNING - 请求失败，稍后重试: url=https://apibi.cc/api/chapter?id=942&chapterid=6155 attempt=3/5 error=Expecting value: line 1 column 1 (char 0)
2026-04-12 12:28:47,879 - WARNING - 请求失败，稍后重试: url=https://apibi.cc/api/chapter?id=942&chapterid=6156 attempt=3/5 error=Expecting value: line 1 column 1 (char 0)
2026-04-12 12:28:47,957 - WARNING - 请求失败，稍后重试: url=https://apibi.cc/api/chapter?id=942&chapterid=6157 attempt=3/5 error=Expecting value: line 1 column 1 (char 0)
2026-04-12 12:28:48,788 - WARNING - 请求失败，稍后重试: url=https://apibi.cc/api/chapter?id=942&chapterid=6173 attempt=3/5 error=Expecting value: line 1 column 1 (char 0)
2026-04-12 12:28:48,789 - WARNING - 请求失败，稍后重试: url=https://apibi.cc/api/chapter?id=942&chapterid=6172 attempt=3/5 error=Expecting value: line 1 column 1 (char 0)
2026-04-12 12:28:48,968 - WARNING - 请求失败，稍后重试: url=https://apibi.cc/api/chapter?id=942&chapterid=6174 attempt=3/5 error=Expecting value: line 1 column 1 (char 0)
2026-04-12 12:28:49,038 - WARNING - 请求失败，稍后重试: url=https://apibi.cc/api/chapter?id=942&chapterid=6171 attempt=3/5 error=Expecting value: line 1 column 1 (char 0)
2026-04-12 12:28:51,121 - WARNING - 请求失败，稍后重试: url=https://apibi.cc/api/chapter?id=942&chapterid=6124 attempt=4/5 error=Expecting value: line 1 column 1 (char 0)
2026-04-12 12:28:51,144 - WARNING - 请求失败，稍后重试: url=https://apibi.cc/api/chapter?id=942&chapterid=6125 attempt=4/5 error=Expecting value: line 1 column 1 (char 0)
2026-04-12 12:28:51,170 - WARNING - 请求失败，稍后重试: url=https://apibi.cc/api/chapter?id=942&chapterid=6123 attempt=4/5 error=Expecting value: line 1 column 1 (char 0)
2026-04-12 12:28:51,202 - WARNING - 请求失败，稍后重试: url=https://apibi.cc/api/chapter?id=942&chapterid=6126 attempt=4/5 error=Expecting value: line 1 column 1 (char 0)
2026-04-12 12:28:51,333 - WARNING - 请求失败，稍后重试: url=https://apibi.cc/api/chapter?id=942&chapterid=6140 attempt=4/5 error=Expecting value: line 1 column 1 (char 0)
2026-04-12 12:28:51,540 - WARNING - 请求失败，稍后重试: url=https://apibi.cc/api/chapter?id=942&chapterid=6142 attempt=4/5 error=Expecting value: line 1 column 1 (char 0)
2026-04-12 12:28:51,569 - WARNING - 请求失败，稍后重试: url=https://apibi.cc/api/chapter?id=942&chapterid=6139 attempt=4/5 error=Expecting value: line 1 column 1 (char 0)
2026-04-12 12:28:51,668 - WARNING - 请求失败，稍后重试: url=https://apibi.cc/api/chapter?id=942&chapterid=6141 attempt=4/5 error=Expecting value: line 1 column 1 (char 0)
2026-04-12 12:28:52,048 - WARNING - 请求失败，稍后重试: url=https://apibi.cc/api/chapter?id=942&chapterid=6156 attempt=4/5 error=Expecting value: line 1 column 1 (char 0)
2026-04-12 12:28:52,118 - WARNING - 请求失败，稍后重试: url=https://apibi.cc/api/chapter?id=942&chapterid=6155 attempt=4/5 error=Expecting value: line 1 column 1 (char 0)
2026-04-12 12:28:52,153 - WARNING - 请求失败，稍后重试: url=https://apibi.cc/api/chapter?id=942&chapterid=6157 attempt=4/5 error=Expecting value: line 1 column 1 (char 0)
2026-04-12 12:28:53,016 - WARNING - 请求失败，稍后重试: url=https://apibi.cc/api/chapter?id=942&chapterid=6172 attempt=4/5 error=Expecting value: line 1 column 1 (char 0)
2026-04-12 12:28:53,045 - WARNING - 请求失败，稍后重试: url=https://apibi.cc/api/chapter?id=942&chapterid=6173 attempt=4/5 error=Expecting value: line 1 column 1 (char 0)
2026-04-12 12:28:53,289 - WARNING - 请求失败，稍后重试: url=https://apibi.cc/api/chapter?id=942&chapterid=6174 attempt=4/5 error=Expecting value: line 1 column 1 (char 0)
2026-04-12 12:28:53,328 - WARNING - 请求失败，稍后重试: url=https://apibi.cc/api/chapter?id=942&chapterid=6171 attempt=4/5 error=Expecting value: line 1 column 1 (char 0)
2026-04-12 12:28:59,400 - WARNING - 正文抓取失败: book_id=942 chapter_id=6123 error=请求失败: https://apibi.cc/api/chapter?id=942&chapterid=6123 -> Expecting value: line 1 column 1 (char 0)
2026-04-12 12:28:59,410 - WARNING - 正文抓取失败: book_id=942 chapter_id=6126 error=请求失败: https://apibi.cc/api/chapter?id=942&chapterid=6126 -> Expecting value: line 1 column 1 (char 0)
2026-04-12 12:28:59,429 - WARNING - 正文抓取失败: book_id=942 chapter_id=6125 error=请求失败: https://apibi.cc/api/chapter?id=942&chapterid=6125 -> Expecting value: line 1 column 1 (char 0)
2026-04-12 12:28:59,468 - WARNING - 正文抓取失败: book_id=942 chapter_id=6124 error=请求失败: https://apibi.cc/api/chapter?id=942&chapterid=6124 -> Expecting value: line 1 column 1 (char 0)
2026-04-12 12:28:59,504 - WARNING - 正文抓取失败: book_id=942 chapter_id=6140 error=请求失败: https://apibi.cc/api/chapter?id=942&chapterid=6140 -> Expecting value: line 1 column 1 (char 0)
2026-04-12 12:28:59,771 - WARNING - 正文抓取失败: book_id=942 chapter_id=6139 error=请求失败: https://apibi.cc/api/chapter?id=942&chapterid=6139 -> Expecting value: line 1 column 1 (char 0)
2026-04-12 12:28:59,874 - WARNING - 正文抓取失败: book_id=942 chapter_id=6142 error=请求失败: https://apibi.cc/api/chapter?id=942&chapterid=6142 -> Expecting value: line 1 column 1 (char 0)
2026-04-12 12:28:59,991 - WARNING - 正文抓取失败: book_id=942 chapter_id=6141 error=请求失败: https://apibi.cc/api/chapter?id=942&chapterid=6141 -> Expecting value: line 1 column 1 (char 0)
2026-04-12 12:29:00,136 - WARNING - 请求失败，稍后重试: url=https://apibi.cc/api/chapter?id=942&chapterid=6223 attempt=1/5 error=Expecting value: line 1 column 1 (char 0)
2026-04-12 12:29:00,182 - WARNING - 请求失败，稍后重试: url=https://apibi.cc/api/chapter?id=942&chapterid=6224 attempt=1/5 error=Expecting value: line 1 column 1 (char 0)
2026-04-12 12:29:00,231 - WARNING - 正文抓取失败: book_id=942 chapter_id=6156 error=请求失败: https://apibi.cc/api/chapter?id=942&chapterid=6156 -> Expecting value: line 1 column 1 (char 0)
2026-04-12 12:29:00,348 - WARNING - 正文抓取失败: book_id=942 chapter_id=6157 error=请求失败: https://apibi.cc/api/chapter?id=942&chapterid=6157 -> Expecting value: line 1 column 1 (char 0)
2026-04-12 12:29:00,430 - WARNING - 正文抓取失败: book_id=942 chapter_id=6155 error=请求失败: https://apibi.cc/api/chapter?id=942&chapterid=6155 -> Expecting value: line 1 column 1 (char 0)
2026-04-12 12:29:01,196 - WARNING - 正文抓取失败: book_id=942 chapter_id=6172 error=请求失败: https://apibi.cc/api/chapter?id=942&chapterid=6172 -> Expecting value: line 1 column 1 (char 0)
2026-04-12 12:29:01,295 - WARNING - 正文抓取失败: book_id=942 chapter_id=6173 error=请求失败: https://apibi.cc/api/chapter?id=942&chapterid=6173 -> Expecting value: line 1 column 1 (char 0)
2026-04-12 12:29:01,475 - WARNING - 请求失败，稍后重试: url=https://apibi.cc/api/chapter?id=942&chapterid=6224 attempt=2/5 error=Expecting value: line 1 column 1 (char 0)
2026-04-12 12:29:01,500 - WARNING - 请求失败，稍后重试: url=https://apibi.cc/api/chapter?id=942&chapterid=6223 attempt=2/5 error=Expecting value: line 1 column 1 (char 0)
2026-04-12 12:29:01,615 - WARNING - 正文抓取失败: book_id=942 chapter_id=6174 error=请求失败: https://apibi.cc/api/chapter?id=942&chapterid=6174 -> Expecting value: line 1 column 1 (char 0)
2026-04-12 12:29:01,634 - WARNING - 正文抓取失败: book_id=942 chapter_id=6171 error=请求失败: https://apibi.cc/api/chapter?id=942&chapterid=6171 -> Expecting value: line 1 column 1 (char 0)
2026-04-12 12:29:03,704 - WARNING - 请求失败，稍后重试: url=https://apibi.cc/api/chapter?id=942&chapterid=6224 attempt=3/5 error=Expecting value: line 1 column 1 (char 0)
2026-04-12 12:29:03,716 - WARNING - 请求失败，稍后重试: url=https://apibi.cc/api/chapter?id=942&chapterid=6223 attempt=3/5 error=Expecting value: line 1 column 1 (char 0)
2026-04-12 12:29:07,963 - WARNING - 请求失败，稍后重试: url=https://apibi.cc/api/chapter?id=942&chapterid=6223 attempt=4/5 error=Expecting value: line 1 column 1 (char 0)
2026-04-12 12:29:07,996 - WARNING - 请求失败，稍后重试: url=https://apibi.cc/api/chapter?id=942&chapterid=6224 attempt=4/5 error=Expecting value: line 1 column 1 (char 0)
2026-04-12 12:29:16,178 - WARNING - 正文抓取失败: book_id=942 chapter_id=6224 error=请求失败: https://apibi.cc/api/chapter?id=942&chapterid=6224 -> Expecting value: line 1 column 1 (char 0)
2026-04-12 12:29:16,280 - WARNING - 正文抓取失败: book_id=942 chapter_id=6223 error=请求失败: https://apibi.cc/api/chapter?id=942&chapterid=6223 -> Expecting value: line 1 column 1 (char 0)
2026-04-12 12:29:17,532 - WARNING - 请求失败，稍后重试: url=https://apibi.cc/api/chapter?id=942&chapterid=6272 attempt=1/5 error=Expecting value: line 1 column 1 (char 0)
2026-04-12 12:29:18,909 - WARNING - 请求失败，稍后重试: url=https://apibi.cc/api/chapter?id=942&chapterid=6272 attempt=2/5 error=Expecting value: line 1 column 1 (char 0)
2026-04-12 12:29:21,230 - WARNING - 请求失败，稍后重试: url=https://apibi.cc/api/chapter?id=942&chapterid=6272 attempt=3/5 error=Expecting value: line 1 column 1 (char 0)
2026-04-12 12:29:25,428 - WARNING - 请求失败，稍后重试: url=https://apibi.cc/api/chapter?id=942&chapterid=6272 attempt=4/5 error=Expecting value: line 1 column 1 (char 0)
2026-04-12 12:29:33,757 - WARNING - 正文抓取失败: book_id=942 chapter_id=6272 error=请求失败: https://apibi.cc/api/chapter?id=942&chapterid=6272 -> Expecting value: line 1 column 1 (char 0)
2026-04-12 12:29:46,990 - INFO - 正文章节进度: 1394000/9554851 success=1393980 failure=20 current_book=942 elapsed=43100.32s
2026-04-12 12:30:14,985 - INFO - 正文章节进度: 1395000/9554851 success=1394980 failure=20 current_book=942 elapsed=43128.31s
2026-04-12 12:30:41,952 - INFO - 开始抓正文: book_id=943 title=异世界道门 pending=751
2026-04-12 12:30:42,605 - INFO - 正文章节进度: 1396000/9554851 success=1395980 failure=20 current_book=943 elapsed=43155.93s
2026-04-12 12:31:01,581 - INFO - 开始抓正文: book_id=944 title=祖传土豪系统 pending=960
2026-04-12 12:31:08,759 - INFO - 正文章节进度: 1397000/9554851 success=1396980 failure=20 current_book=944 elapsed=43182.09s
2026-04-12 12:31:26,999 - INFO - 开始抓正文: book_id=945 title=穿书后我成了丞相的炮灰前妻 pending=638
2026-04-12 12:31:35,272 - INFO - 正文章节进度: 1398000/9554851 success=1397980 failure=20 current_book=945 elapsed=43208.60s
2026-04-12 12:31:44,660 - INFO - 开始抓正文: book_id=946 title=我的生活能开挂 pending=648
2026-04-12 12:32:01,554 - INFO - 开始抓正文: book_id=947 title=修仙从沙漠开始 pending=928
2026-04-12 12:32:02,256 - INFO - 正文章节进度: 1399000/9554851 success=1398980 failure=20 current_book=947 elapsed=43235.58s
2026-04-12 12:32:26,372 - INFO - 开始抓正文: book_id=948 title=太虚圣祖 pending=2388
2026-04-12 12:32:28,738 - INFO - 正文章节进度: 1400000/9554851 success=1399980 failure=20 current_book=948 elapsed=43262.07s
2026-04-12 12:32:55,395 - INFO - 正文章节进度: 1401000/9554851 success=1400980 failure=20 current_book=948 elapsed=43288.72s
2026-04-12 12:33:21,025 - INFO - 正文章节进度: 1402000/9554851 success=1401980 failure=20 current_book=948 elapsed=43314.35s
2026-04-12 12:33:28,611 - INFO - 开始抓正文: book_id=949 title=逆流1982 pending=2431
2026-04-12 12:33:47,550 - INFO - 正文章节进度: 1403000/9554851 success=1402980 failure=20 current_book=949 elapsed=43340.88s
2026-04-12 12:34:32,243 - WARNING - 请求失败，稍后重试: url=https://apibi.cc/api/chapter?id=949&chapterid=1663 attempt=1/5 error=HTTP Error 522: <none>
2026-04-12 12:34:40,567 - INFO - 正文章节进度: 1404000/9554851 success=1403980 failure=20 current_book=949 elapsed=43393.90s
2026-04-12 12:35:00,921 - INFO - 开始抓正文: book_id=950 title=九劫剑魔 pending=1421
2026-04-12 12:35:08,717 - INFO - 正文章节进度: 1405000/9554851 success=1404980 failure=20 current_book=950 elapsed=43422.05s
2026-04-12 12:35:30,880 - WARNING - 请求失败，稍后重试: url=https://apibi.cc/api/chapter?id=950&chapterid=377 attempt=1/5 error=HTTP Error 522: <none>
2026-04-12 12:36:04,301 - INFO - 正文章节进度: 1406000/9554851 success=1405980 failure=20 current_book=950 elapsed=43477.63s
2026-04-12 12:36:08,456 - INFO - 开始抓正文: book_id=951 title=杨小落的便宜奶爸 pending=1186
2026-04-12 12:36:31,540 - INFO - 正文章节进度: 1407000/9554851 success=1406980 failure=20 current_book=951 elapsed=43504.87s
2026-04-12 12:36:54,578 - WARNING - 请求失败，稍后重试: url=https://apibi.cc/api/chapter?id=951&chapterid=990 attempt=1/5 error=HTTP Error 522: <none>
2026-04-12 12:37:07,254 - INFO - 开始抓正文: book_id=952 title=一见你我就想结婚 pending=782
2026-04-12 12:37:25,758 - INFO - 正文章节进度: 1408000/9554851 success=1407980 failure=20 current_book=952 elapsed=43559.09s
2026-04-12 12:37:29,329 - INFO - 开始抓正文: book_id=953 title=洪荒之证道永生 pending=880
2026-04-12 12:37:53,662 - INFO - 开始抓正文: book_id=954 title=穿成八零福运小团宝 pending=1197
2026-04-12 12:37:54,011 - INFO - 正文章节进度: 1409000/9554851 success=1408980 failure=20 current_book=954 elapsed=43587.34s
2026-04-12 12:38:19,567 - WARNING - 请求失败，稍后重试: url=https://apibi.cc/api/chapter?id=954&chapterid=254 attempt=1/5 error=HTTP Error 522: <none>
2026-04-12 12:38:44,759 - INFO - 正文章节进度: 1410000/9554851 success=1409980 failure=20 current_book=954 elapsed=43638.09s
2026-04-12 12:38:49,882 - INFO - 开始抓正文: book_id=955 title=诸天之从新做人 pending=1172
2026-04-12 12:39:12,134 - INFO - 正文章节进度: 1411000/9554851 success=1410980 failure=20 current_book=955 elapsed=43665.46s
2026-04-12 12:39:21,977 - INFO - 开始抓正文: book_id=956 title=世子在线求生 pending=478
2026-04-12 12:39:34,615 - INFO - 开始抓正文: book_id=957 title=日月同辉 pending=1068
2026-04-12 12:39:38,959 - INFO - 正文章节进度: 1412000/9554851 success=1411980 failure=20 current_book=957 elapsed=43692.29s
2026-04-12 12:40:02,919 - INFO - 开始抓正文: book_id=958 title=又见九叔 pending=736
2026-04-12 12:40:05,270 - INFO - 正文章节进度: 1413000/9554851 success=1412980 failure=20 current_book=958 elapsed=43718.60s
2026-04-12 12:40:22,598 - INFO - 开始抓正文: book_id=959 title=霍夫人是个小哭包 pending=1192
2026-04-12 12:40:31,547 - INFO - 正文章节进度: 1414000/9554851 success=1413980 failure=20 current_book=959 elapsed=43744.88s
2026-04-12 12:40:53,685 - INFO - 开始抓正文: book_id=960 title=贵妃每天只想当咸鱼 pending=1183
2026-04-12 12:40:58,048 - INFO - 正文章节进度: 1415000/9554851 success=1414980 failure=20 current_book=960 elapsed=43771.38s
2026-04-12 12:41:23,915 - INFO - 正文章节进度: 1416000/9554851 success=1415980 failure=20 current_book=960 elapsed=43797.24s
2026-04-12 12:41:24,439 - INFO - 正文书籍进度: 960/10000 chapters=1416024/9554851 elapsed=43797.77s
2026-04-12 12:41:24,441 - INFO - 开始抓正文: book_id=961 title=永恒美食乐园 pending=522
2026-04-12 12:41:38,315 - INFO - 开始抓正文: book_id=962 title=我有一座天地钱庄 pending=780
2026-04-12 12:41:50,154 - INFO - 正文章节进度: 1417000/9554851 success=1416980 failure=20 current_book=962 elapsed=43823.48s
2026-04-12 12:41:58,773 - INFO - 开始抓正文: book_id=963 title=暖君 pending=205
2026-04-12 12:42:04,341 - INFO - 开始抓正文: book_id=964 title=从斗罗开始的浪人 pending=771
2026-04-12 12:42:16,760 - INFO - 正文章节进度: 1418000/9554851 success=1417980 failure=20 current_book=964 elapsed=43850.09s
2026-04-12 12:42:24,675 - INFO - 开始抓正文: book_id=965 title=全球崩坏 pending=971
2026-04-12 12:42:42,789 - INFO - 正文章节进度: 1419000/9554851 success=1418980 failure=20 current_book=965 elapsed=43876.12s
2026-04-12 12:42:50,199 - INFO - 开始抓正文: book_id=966 title=婚后被大佬惯坏了 pending=1147
2026-04-12 12:43:09,663 - INFO - 正文章节进度: 1420000/9554851 success=1419980 failure=20 current_book=966 elapsed=43902.99s
2026-04-12 12:43:20,633 - INFO - 开始抓正文: book_id=967 title=大叛贼 pending=1540
2026-04-12 12:43:35,501 - INFO - 正文章节进度: 1421000/9554851 success=1420980 failure=20 current_book=967 elapsed=43928.83s
2026-04-12 12:44:00,917 - INFO - 开始抓正文: book_id=968 title=帝世无双 pending=2369
2026-04-12 12:44:02,161 - INFO - 正文章节进度: 1422000/9554851 success=1421980 failure=20 current_book=968 elapsed=43955.49s
2026-04-12 12:44:28,150 - INFO - 正文章节进度: 1423000/9554851 success=1422980 failure=20 current_book=968 elapsed=43981.48s
2026-04-12 12:44:55,472 - INFO - 正文章节进度: 1424000/9554851 success=1423980 failure=20 current_book=968 elapsed=44008.80s
2026-04-12 12:45:05,132 - INFO - 开始抓正文: book_id=969 title=帝临鸿蒙 pending=3912
2026-04-12 12:45:22,751 - INFO - 正文章节进度: 1425000/9554851 success=1424980 failure=20 current_book=969 elapsed=44036.08s
2026-04-12 12:45:48,820 - INFO - 正文章节进度: 1426000/9554851 success=1425980 failure=20 current_book=969 elapsed=44062.15s
2026-04-12 12:46:15,251 - INFO - 正文章节进度: 1427000/9554851 success=1426980 failure=20 current_book=969 elapsed=44088.58s
2026-04-12 12:46:43,648 - WARNING - 请求失败，稍后重试: url=https://apibi.cc/api/chapter?id=969&chapterid=3017 attempt=1/5 error=HTTP Error 522: <none>
2026-04-12 12:47:09,041 - INFO - 正文章节进度: 1428000/9554851 success=1427980 failure=20 current_book=969 elapsed=44142.37s
2026-04-12 12:47:15,917 - INFO - 开始抓正文: book_id=970 title=凌天战尊 pending=72
2026-04-12 12:47:18,059 - INFO - 开始抓正文: book_id=971 title=藏锋 pending=795
2026-04-12 12:47:36,815 - INFO - 正文章节进度: 1429000/9554851 success=1428980 failure=20 current_book=971 elapsed=44170.14s
2026-04-12 12:47:39,857 - INFO - 开始抓正文: book_id=972 title=盖世 pending=2389
2026-04-12 12:48:03,575 - INFO - 正文章节进度: 1430000/9554851 success=1429980 failure=20 current_book=972 elapsed=44196.90s
2026-04-12 12:48:29,573 - INFO - 正文章节进度: 1431000/9554851 success=1430980 failure=20 current_book=972 elapsed=44222.90s
2026-04-12 12:48:42,520 - INFO - 开始抓正文: book_id=973 title=不死邪神 pending=2411
2026-04-12 12:48:56,142 - INFO - 正文章节进度: 1432000/9554851 success=1431980 failure=20 current_book=973 elapsed=44249.47s
2026-04-12 12:49:22,675 - INFO - 正文章节进度: 1433000/9554851 success=1432980 failure=20 current_book=973 elapsed=44276.00s
2026-04-12 12:49:46,840 - INFO - 开始抓正文: book_id=974 title=极品赘婿 pending=1030
2026-04-12 12:49:49,340 - INFO - 正文章节进度: 1434000/9554851 success=1433980 failure=20 current_book=974 elapsed=44302.67s
2026-04-12 12:50:14,072 - INFO - 开始抓正文: book_id=975 title=重生之都市狂仙 pending=422
2026-04-12 12:50:15,885 - INFO - 正文章节进度: 1435000/9554851 success=1434980 failure=20 current_book=975 elapsed=44329.21s
2026-04-12 12:50:25,381 - INFO - 开始抓正文: book_id=976 title=绝世剑神 pending=410
2026-04-12 12:50:36,504 - INFO - 开始抓正文: book_id=977 title=重生80从民办教师做起 pending=612
2026-04-12 12:50:42,489 - INFO - 正文章节进度: 1436000/9554851 success=1435980 failure=20 current_book=977 elapsed=44355.82s
2026-04-12 12:50:52,805 - INFO - 开始抓正文: book_id=978 title=吞海 pending=647
2026-04-12 12:51:09,310 - INFO - 正文章节进度: 1437000/9554851 success=1436980 failure=20 current_book=978 elapsed=44382.64s
2026-04-12 12:51:10,258 - INFO - 开始抓正文: book_id=979 title=豪婿 pending=435
2026-04-12 12:51:21,805 - INFO - 开始抓正文: book_id=980 title=无敌奶爸在都市 pending=1123
2026-04-12 12:51:35,886 - INFO - 正文章节进度: 1438000/9554851 success=1437980 failure=20 current_book=980 elapsed=44409.21s
2026-04-12 12:51:51,620 - INFO - 正文书籍进度: 980/10000 chapters=1438587/9554851 elapsed=44424.95s
2026-04-12 12:51:51,621 - INFO - 开始抓正文: book_id=981 title=妙手狂医 pending=1232
2026-04-12 12:52:02,647 - INFO - 正文章节进度: 1439000/9554851 success=1438980 failure=20 current_book=981 elapsed=44435.98s
2026-04-12 12:52:24,281 - INFO - 开始抓正文: book_id=982 title=末日刁民 pending=1227
2026-04-12 12:52:29,038 - INFO - 正文章节进度: 1440000/9554851 success=1439980 failure=20 current_book=982 elapsed=44462.37s
2026-04-12 12:52:55,361 - INFO - 正文章节进度: 1441000/9554851 success=1440980 failure=20 current_book=982 elapsed=44488.69s
2026-04-12 12:52:56,878 - INFO - 开始抓正文: book_id=983 title=点道为止 pending=943
2026-04-12 12:53:22,228 - INFO - 开始抓正文: book_id=984 title=绝世高手 pending=822
2026-04-12 12:53:22,796 - INFO - 正文章节进度: 1442000/9554851 success=1441980 failure=20 current_book=984 elapsed=44516.12s
2026-04-12 12:53:44,244 - INFO - 开始抓正文: book_id=985 title=绝命毒尸 pending=1407
2026-04-12 12:53:49,442 - INFO - 正文章节进度: 1443000/9554851 success=1442980 failure=20 current_book=985 elapsed=44542.77s
2026-04-12 12:54:15,451 - INFO - 正文章节进度: 1444000/9554851 success=1443980 failure=20 current_book=985 elapsed=44568.78s
2026-04-12 12:54:21,460 - INFO - 开始抓正文: book_id=987 title=星河大帝 pending=1076
2026-04-12 12:54:43,626 - WARNING - 请求失败，稍后重试: url=https://apibi.cc/api/chapter?id=987&chapterid=108 attempt=1/5 error=HTTP Error 522: <none>
2026-04-12 12:55:17,442 - WARNING - 请求失败，稍后重试: url=https://apibi.cc/api/chapter?id=987&chapterid=128 attempt=1/5 error=<urlopen error _ssl.c:1063: The handshake operation timed out>
2026-04-12 12:55:20,071 - WARNING - 请求失败，稍后重试: url=https://apibi.cc/api/chapter?id=987&chapterid=122 attempt=1/5 error=The read operation timed out
2026-04-12 12:55:20,891 - WARNING - 请求失败，稍后重试: url=https://apibi.cc/api/chapter?id=987&chapterid=123 attempt=1/5 error=The read operation timed out
2026-04-12 12:55:43,016 - WARNING - 请求失败，稍后重试: url=https://apibi.cc/api/chapter?id=987&chapterid=273 attempt=1/5 error=HTTP Error 522: <none>
2026-04-12 12:56:13,419 - WARNING - 请求失败，稍后重试: url=https://apibi.cc/api/chapter?id=987&chapterid=375 attempt=1/5 error=The read operation timed out
2026-04-12 12:56:30,585 - INFO - 正文章节进度: 1445000/9554851 success=1444980 failure=20 current_book=987 elapsed=44703.91s
2026-04-12 12:56:39,204 - INFO - 开始抓正文: book_id=988 title=天下无敌 pending=1830
2026-04-12 12:56:59,007 - INFO - 正文章节进度: 1446000/9554851 success=1445980 failure=20 current_book=988 elapsed=44732.34s
2026-04-12 12:57:26,616 - INFO - 正文章节进度: 1447000/9554851 success=1446980 failure=20 current_book=988 elapsed=44759.94s
2026-04-12 12:57:30,027 - INFO - 开始抓正文: book_id=989 title=罗浮 pending=733
2026-04-12 12:57:49,953 - INFO - 开始抓正文: book_id=990 title=无极剑神 pending=1580
2026-04-12 12:57:54,041 - INFO - 正文章节进度: 1448000/9554851 success=1447980 failure=20 current_book=990 elapsed=44787.37s
2026-04-12 12:58:20,120 - INFO - 正文章节进度: 1449000/9554851 success=1448980 failure=20 current_book=990 elapsed=44813.45s
2026-04-12 12:58:31,839 - INFO - 开始抓正文: book_id=991 title=大明流匪 pending=3435
2026-04-12 12:58:48,006 - INFO - 正文章节进度: 1450000/9554851 success=1449980 failure=20 current_book=991 elapsed=44841.33s
2026-04-12 12:59:14,319 - INFO - 正文章节进度: 1451000/9554851 success=1450980 failure=20 current_book=991 elapsed=44867.65s
2026-04-12 12:59:40,294 - INFO - 正文章节进度: 1452000/9554851 success=1451980 failure=20 current_book=991 elapsed=44893.62s
2026-04-12 13:00:03,579 - INFO - 开始抓正文: book_id=992 title=特种兵王 pending=2560
2026-04-12 13:00:07,235 - INFO - 正文章节进度: 1453000/9554851 success=1452980 failure=20 current_book=992 elapsed=44920.56s
2026-04-12 13:00:33,378 - INFO - 正文章节进度: 1454000/9554851 success=1453980 failure=20 current_book=992 elapsed=44946.71s
2026-04-12 13:00:59,237 - INFO - 正文章节进度: 1455000/9554851 success=1454980 failure=20 current_book=992 elapsed=44972.57s
2026-04-12 13:01:10,754 - INFO - 开始抓正文: book_id=993 title=神帝归来 pending=889
2026-04-12 13:01:25,618 - INFO - 正文章节进度: 1456000/9554851 success=1455980 failure=20 current_book=993 elapsed=44998.95s
2026-04-12 13:01:34,074 - INFO - 开始抓正文: book_id=994 title=万域之王 pending=1823
2026-04-12 13:01:51,723 - INFO - 正文章节进度: 1457000/9554851 success=1456980 failure=20 current_book=994 elapsed=45025.05s
2026-04-12 13:02:17,445 - INFO - 正文章节进度: 1458000/9554851 success=1457980 failure=20 current_book=994 elapsed=45050.77s
2026-04-12 13:02:21,489 - INFO - 开始抓正文: book_id=995 title=超级女婿 pending=777
2026-04-12 13:02:42,264 - INFO - 开始抓正文: book_id=996 title=上门狂婿 pending=866
2026-04-12 13:02:44,403 - INFO - 正文章节进度: 1459000/9554851 success=1458980 failure=20 current_book=996 elapsed=45077.73s
2026-04-12 13:03:05,291 - INFO - 开始抓正文: book_id=997 title=豪门龙婿 pending=350
2026-04-12 13:03:10,843 - INFO - 正文章节进度: 1460000/9554851 success=1459980 failure=20 current_book=997 elapsed=45104.17s
2026-04-12 13:03:14,301 - INFO - 开始抓正文: book_id=998 title=姑娘她戏多嘴甜 pending=854
2026-04-12 13:03:37,086 - INFO - 开始抓正文: book_id=999 title=不败战神 pending=943
2026-04-12 13:03:37,622 - INFO - 正文章节进度: 1461000/9554851 success=1460980 failure=20 current_book=999 elapsed=45130.95s
2026-04-12 13:04:02,123 - INFO - 开始抓正文: book_id=1000 title=剑来 pending=1274
2026-04-12 13:04:03,979 - INFO - 正文章节进度: 1462000/9554851 success=1461980 failure=20 current_book=1000 elapsed=45157.31s
2026-04-12 13:04:20,110 - WARNING - 请求失败，稍后重试: url=https://apibi.cc/api/chapter?id=1000&chapterid=401 attempt=1/5 error=<urlopen error [Errno 54] Connection reset by peer>
2026-04-12 13:04:38,351 - WARNING - 请求失败，稍后重试: url=https://apibi.cc/api/chapter?id=1000&chapterid=804 attempt=1/5 error=<urlopen error [Errno 54] Connection reset by peer>
2026-04-12 13:04:48,356 - INFO - 正文章节进度: 1463000/9554851 success=1462980 failure=20 current_book=1000 elapsed=45201.68s
2026-04-12 13:04:55,955 - INFO - 正文书籍进度: 1000/10000 chapters=1463208/9554851 elapsed=45209.28s
2026-04-12 13:04:55,960 - INFO - 开始抓正文: book_id=1001 title=逆天邪神 pending=2184
2026-04-12 13:05:17,545 - INFO - 正文章节进度: 1464000/9554851 success=1463980 failure=20 current_book=1001 elapsed=45230.87s
2026-04-12 13:05:55,421 - WARNING - 请求失败，稍后重试: url=https://apibi.cc/api/chapter?id=1001&chapterid=1480 attempt=1/5 error=HTTP Error 522: <none>
2026-04-12 13:06:25,392 - WARNING - 请求失败，稍后重试: url=https://apibi.cc/api/chapter?id=1001&chapterid=1561 attempt=1/5 error=The read operation timed out
2026-04-12 13:06:26,315 - WARNING - 请求失败，稍后重试: url=https://apibi.cc/api/chapter?id=1001&chapterid=1569 attempt=1/5 error=The read operation timed out
2026-04-12 13:06:27,784 - WARNING - 请求失败，稍后重试: url=https://apibi.cc/api/chapter?id=1001&chapterid=1565 attempt=1/5 error=The read operation timed out
2026-04-12 13:06:32,456 - INFO - 正文章节进度: 1465000/9554851 success=1464980 failure=20 current_book=1001 elapsed=45305.78s
2026-04-12 13:06:54,540 - WARNING - 请求失败，稍后重试: url=https://apibi.cc/api/chapter?id=1001&chapterid=1870 attempt=1/5 error=HTTP Error 522: <none>
2026-04-12 13:07:10,009 - INFO - 开始抓正文: book_id=1002 title=最强狂兵 pending=5391
2026-04-12 13:07:27,539 - INFO - 正文章节进度: 1466000/9554851 success=1465980 failure=20 current_book=1002 elapsed=45360.87s
2026-04-12 13:07:54,851 - INFO - 正文章节进度: 1467000/9554851 success=1466980 failure=20 current_book=1002 elapsed=45388.18s
2026-04-12 13:08:21,361 - INFO - 正文章节进度: 1468000/9554851 success=1467980 failure=20 current_book=1002 elapsed=45414.69s
2026-04-12 13:08:48,190 - INFO - 正文章节进度: 1469000/9554851 success=1468980 failure=20 current_book=1002 elapsed=45441.52s
2026-04-12 13:09:14,554 - INFO - 正文章节进度: 1470000/9554851 success=1469980 failure=20 current_book=1002 elapsed=45467.88s
2026-04-12 13:09:35,518 - INFO - 开始抓正文: book_id=1003 title=帝道独尊 pending=2217
2026-04-12 13:09:41,365 - INFO - 正文章节进度: 1471000/9554851 success=1470980 failure=20 current_book=1003 elapsed=45494.69s
2026-04-12 13:10:07,409 - INFO - 正文章节进度: 1472000/9554851 success=1471980 failure=20 current_book=1003 elapsed=45520.74s
2026-04-12 13:10:46,717 - WARNING - 请求失败，稍后重试: url=https://apibi.cc/api/chapter?id=1003&chapterid=1967 attempt=1/5 error=HTTP Error 522: <none>
2026-04-12 13:11:01,949 - INFO - 正文章节进度: 1473000/9554851 success=1472980 failure=20 current_book=1003 elapsed=45575.28s
2026-04-12 13:11:01,961 - INFO - 开始抓正文: book_id=1004 title=一世独尊 pending=2398
2026-04-12 13:11:29,268 - INFO - 正文章节进度: 1474000/9554851 success=1473980 failure=20 current_book=1004 elapsed=45602.60s
2026-04-12 13:11:55,629 - INFO - 正文章节进度: 1475000/9554851 success=1474980 failure=20 current_book=1004 elapsed=45628.96s
2026-04-12 13:12:06,180 - INFO - 开始抓正文: book_id=1005 title=雪中悍刀行 pending=1008
2026-04-12 13:12:22,474 - INFO - 正文章节进度: 1476000/9554851 success=1475980 failure=20 current_book=1005 elapsed=45655.80s
2026-04-12 13:12:33,615 - INFO - 开始抓正文: book_id=1006 title=逍遥兵王 pending=423
2026-04-12 13:12:45,103 - INFO - 开始抓正文: book_id=1007 title=长宁帝军 pending=1601
2026-04-12 13:12:49,811 - INFO - 正文章节进度: 1477000/9554851 success=1476980 failure=20 current_book=1007 elapsed=45683.14s
2026-04-12 13:13:16,023 - INFO - 正文章节进度: 1478000/9554851 success=1477980 failure=20 current_book=1007 elapsed=45709.35s
2026-04-12 13:13:28,063 - INFO - 开始抓正文: book_id=1008 title=踏星 pending=5585
2026-04-12 13:13:43,129 - INFO - 正文章节进度: 1479000/9554851 success=1478980 failure=20 current_book=1008 elapsed=45736.46s
2026-04-12 13:14:02,300 - WARNING - 请求失败，稍后重试: url=https://apibi.cc/api/chapter?id=1008&chapterid=563 attempt=1/5 error=HTTP Error 522: <none>
2026-04-12 13:14:36,978 - INFO - 正文章节进度: 1480000/9554851 success=1479980 failure=20 current_book=1008 elapsed=45790.31s
2026-04-12 13:15:04,245 - INFO - 正文章节进度: 1481000/9554851 success=1480980 failure=20 current_book=1008 elapsed=45817.57s
2026-04-12 13:15:30,577 - INFO - 正文章节进度: 1482000/9554851 success=1481980 failure=20 current_book=1008 elapsed=45843.91s
2026-04-12 13:15:56,781 - INFO - 正文章节进度: 1483000/9554851 success=1482980 failure=20 current_book=1008 elapsed=45870.11s
2026-04-12 13:16:22,971 - INFO - 正文章节进度: 1484000/9554851 success=1483980 failure=20 current_book=1008 elapsed=45896.30s
2026-04-12 13:16:23,509 - INFO - 开始抓正文: book_id=1009 title=平天策 pending=1213
2026-04-12 13:16:49,545 - INFO - 正文章节进度: 1485000/9554851 success=1484980 failure=20 current_book=1009 elapsed=45922.87s
2026-04-12 13:16:55,778 - INFO - 开始抓正文: book_id=1010 title=仙帝归来 pending=947
2026-04-12 13:17:15,890 - INFO - 正文章节进度: 1486000/9554851 success=1485980 failure=20 current_book=1010 elapsed=45949.22s
2026-04-12 13:17:20,607 - INFO - 开始抓正文: book_id=1011 title=陆少的暖婚新妻 pending=5881
2026-04-12 13:17:41,910 - INFO - 正文章节进度: 1487000/9554851 success=1486980 failure=20 current_book=1011 elapsed=45975.24s
2026-04-12 13:18:08,402 - INFO - 正文章节进度: 1488000/9554851 success=1487980 failure=20 current_book=1011 elapsed=46001.73s
2026-04-12 13:18:34,360 - INFO - 正文章节进度: 1489000/9554851 success=1488980 failure=20 current_book=1011 elapsed=46027.69s
2026-04-12 13:19:00,536 - INFO - 正文章节进度: 1490000/9554851 success=1489980 failure=20 current_book=1011 elapsed=46053.86s
2026-04-12 13:19:27,491 - INFO - 正文章节进度: 1491000/9554851 success=1490980 failure=20 current_book=1011 elapsed=46080.82s
2026-04-12 13:19:53,782 - INFO - 正文章节进度: 1492000/9554851 success=1491980 failure=20 current_book=1011 elapsed=46107.11s
2026-04-12 13:19:55,500 - INFO - 开始抓正文: book_id=1012 title=香蜜沉沉烬如霜 pending=90
2026-04-12 13:19:57,913 - INFO - 开始抓正文: book_id=1013 title=我不会武功 pending=1981
2026-04-12 13:20:20,352 - INFO - 正文章节进度: 1493000/9554851 success=1492980 failure=20 current_book=1013 elapsed=46133.68s
2026-04-12 13:20:46,561 - INFO - 正文章节进度: 1494000/9554851 success=1493980 failure=20 current_book=1013 elapsed=46159.89s
2026-04-12 13:20:50,058 - INFO - 开始抓正文: book_id=1014 title=剑道通神 pending=3417
2026-04-12 13:21:12,804 - INFO - 正文章节进度: 1495000/9554851 success=1494980 failure=20 current_book=1014 elapsed=46186.13s
2026-04-12 13:21:38,945 - INFO - 正文章节进度: 1496000/9554851 success=1495980 failure=20 current_book=1014 elapsed=46212.27s
2026-04-12 13:22:05,032 - INFO - 正文章节进度: 1497000/9554851 success=1496980 failure=20 current_book=1014 elapsed=46238.36s
2026-04-12 13:22:36,349 - WARNING - 请求失败，稍后重试: url=https://apibi.cc/api/chapter?id=1014&chapterid=3336 attempt=1/5 error=HTTP Error 522: <none>
2026-04-12 13:23:09,382 - WARNING - 请求失败，稍后重试: url=https://apibi.cc/api/chapter?id=1014&chapterid=3362 attempt=1/5 error=The read operation timed out
2026-04-12 13:23:34,598 - WARNING - 请求失败，稍后重试: url=https://apibi.cc/api/chapter?id=1014&chapterid=3362 attempt=2/5 error=The read operation timed out
2026-04-12 13:23:39,157 - INFO - 开始抓正文: book_id=1015 title=最强逆袭 pending=1255
2026-04-12 13:23:54,488 - INFO - 正文章节进度: 1498000/9554851 success=1497980 failure=20 current_book=1015 elapsed=46347.82s
2026-04-12 13:24:17,413 - INFO - 开始抓正文: book_id=1016 title=无敌剑域 pending=2811
2026-04-12 13:24:23,042 - INFO - 正文章节进度: 1499000/9554851 success=1498980 failure=20 current_book=1016 elapsed=46376.37s
2026-04-12 13:24:50,336 - INFO - 正文章节进度: 1500000/9554851 success=1499980 failure=20 current_book=1016 elapsed=46403.66s
2026-04-12 13:25:16,423 - INFO - 正文章节进度: 1501000/9554851 success=1500980 failure=20 current_book=1016 elapsed=46429.75s
2026-04-12 13:25:32,707 - INFO - 开始抓正文: book_id=1017 title=逍遥游 pending=634
2026-04-12 13:25:43,023 - INFO - 正文章节进度: 1502000/9554851 success=1501980 failure=20 current_book=1017 elapsed=46456.35s
2026-04-12 13:25:49,391 - INFO - 开始抓正文: book_id=1018 title=桃花 pending=113
2026-04-12 13:25:52,480 - INFO - 开始抓正文: book_id=1019 title=剑仙在此 pending=2048
2026-04-12 13:26:09,700 - INFO - 正文章节进度: 1503000/9554851 success=1502980 failure=20 current_book=1019 elapsed=46483.03s
2026-04-12 13:26:36,464 - INFO - 正文章节进度: 1504000/9554851 success=1503980 failure=20 current_book=1019 elapsed=46509.79s
2026-04-12 13:26:47,482 - INFO - 开始抓正文: book_id=1020 title=神级奶爸 pending=1748
2026-04-12 13:27:03,022 - INFO - 正文章节进度: 1505000/9554851 success=1504980 failure=20 current_book=1020 elapsed=46536.35s
2026-04-12 13:27:29,586 - INFO - 正文章节进度: 1506000/9554851 success=1505980 failure=20 current_book=1020 elapsed=46562.91s
2026-04-12 13:27:33,477 - INFO - 正文书籍进度: 1020/10000 chapters=1506153/9554851 elapsed=46566.81s
2026-04-12 13:27:33,483 - INFO - 开始抓正文: book_id=1021 title=九天剑主 pending=3885
2026-04-12 13:27:55,946 - INFO - 正文章节进度: 1507000/9554851 success=1506980 failure=20 current_book=1021 elapsed=46589.27s
2026-04-12 13:28:21,671 - INFO - 正文章节进度: 1508000/9554851 success=1507980 failure=20 current_book=1021 elapsed=46615.00s
2026-04-12 13:28:47,710 - INFO - 正文章节进度: 1509000/9554851 success=1508980 failure=20 current_book=1021 elapsed=46641.04s
2026-04-12 13:29:22,652 - WARNING - 请求失败，稍后重试: url=https://apibi.cc/api/chapter?id=1021&chapterid=3446 attempt=1/5 error=HTTP Error 522: <none>
2026-04-12 13:29:48,778 - INFO - 正文章节进度: 1510000/9554851 success=1509980 failure=20 current_book=1021 elapsed=46702.11s
2026-04-12 13:29:49,686 - INFO - 开始抓正文: book_id=1022 title=绝品强少 pending=2075
2026-04-12 13:30:21,045 - WARNING - 请求失败，稍后重试: url=https://apibi.cc/api/chapter?id=1022&chapterid=418 attempt=1/5 error=HTTP Error 522: <none>
2026-04-12 13:30:42,467 - INFO - 正文章节进度: 1511000/9554851 success=1510980 failure=20 current_book=1022 elapsed=46755.80s
2026-04-12 13:31:09,563 - INFO - 正文章节进度: 1512000/9554851 success=1511980 failure=20 current_book=1022 elapsed=46782.89s
2026-04-12 13:31:12,562 - INFO - 开始抓正文: book_id=1023 title=剑骨 pending=1420
2026-04-12 13:31:36,293 - INFO - 正文章节进度: 1513000/9554851 success=1512980 failure=20 current_book=1023 elapsed=46809.62s
2026-04-12 13:31:50,293 - INFO - 开始抓正文: book_id=1024 title=剑王朝 pending=940
2026-04-12 13:32:02,628 - INFO - 正文章节进度: 1514000/9554851 success=1513980 failure=20 current_book=1024 elapsed=46835.96s
2026-04-12 13:32:14,619 - INFO - 开始抓正文: book_id=1025 title=大明春色 pending=1067
2026-04-12 13:32:28,875 - INFO - 正文章节进度: 1515000/9554851 success=1514980 failure=20 current_book=1025 elapsed=46862.20s
2026-04-12 13:32:42,825 - INFO - 开始抓正文: book_id=1026 title=我全家都带金手指 pending=393
2026-04-12 13:32:53,442 - INFO - 开始抓正文: book_id=1027 title=狂婿 pending=1806
2026-04-12 13:32:55,247 - INFO - 正文章节进度: 1516000/9554851 success=1515980 failure=20 current_book=1027 elapsed=46888.58s
2026-04-12 13:33:21,243 - INFO - 正文章节进度: 1517000/9554851 success=1516980 failure=20 current_book=1027 elapsed=46914.57s
2026-04-12 13:33:40,648 - INFO - 开始抓正文: book_id=1028 title=猎天争锋 pending=2249
2026-04-12 13:33:47,548 - INFO - 正文章节进度: 1518000/9554851 success=1517980 failure=20 current_book=1028 elapsed=46940.88s
2026-04-12 13:34:13,584 - INFO - 正文章节进度: 1519000/9554851 success=1518980 failure=20 current_book=1028 elapsed=46966.91s
2026-04-12 13:34:39,690 - INFO - 开始抓正文: book_id=1029 title=都市绝品仙医 pending=2828
2026-04-12 13:34:40,294 - INFO - 正文章节进度: 1520000/9554851 success=1519980 failure=20 current_book=1029 elapsed=46993.62s
2026-04-12 13:35:06,041 - INFO - 正文章节进度: 1521000/9554851 success=1520980 failure=20 current_book=1029 elapsed=47019.37s
2026-04-12 13:35:31,832 - INFO - 正文章节进度: 1522000/9554851 success=1521980 failure=20 current_book=1029 elapsed=47045.16s
2026-04-12 13:35:53,267 - INFO - 开始抓正文: book_id=1030 title=永夜君王 pending=1522
2026-04-12 13:35:58,254 - INFO - 正文章节进度: 1523000/9554851 success=1522980 failure=20 current_book=1030 elapsed=47071.58s
2026-04-12 13:36:24,181 - INFO - 正文章节进度: 1524000/9554851 success=1523980 failure=20 current_book=1030 elapsed=47097.51s
2026-04-12 13:36:33,042 - INFO - 开始抓正文: book_id=1031 title=我要做阎罗 pending=1267
2026-04-12 13:36:50,123 - INFO - 正文章节进度: 1525000/9554851 success=1524980 failure=20 current_book=1031 elapsed=47123.45s
2026-04-12 13:37:06,115 - INFO - 开始抓正文: book_id=1032 title=医品宗师 pending=2671
2026-04-12 13:37:16,512 - INFO - 正文章节进度: 1526000/9554851 success=1525980 failure=20 current_book=1032 elapsed=47149.84s
2026-04-12 13:37:42,295 - INFO - 正文章节进度: 1527000/9554851 success=1526980 failure=20 current_book=1032 elapsed=47175.62s
2026-04-12 13:38:08,270 - INFO - 正文章节进度: 1528000/9554851 success=1527980 failure=20 current_book=1032 elapsed=47201.60s
2026-04-12 13:38:15,474 - INFO - 开始抓正文: book_id=1033 title=超级医生在都市 pending=3142
2026-04-12 13:38:34,942 - INFO - 正文章节进度: 1529000/9554851 success=1528980 failure=20 current_book=1033 elapsed=47228.27s
2026-04-12 13:39:00,705 - INFO - 正文章节进度: 1530000/9554851 success=1529980 failure=20 current_book=1033 elapsed=47254.03s
2026-04-12 13:39:26,555 - INFO - 正文章节进度: 1531000/9554851 success=1530980 failure=20 current_book=1033 elapsed=47279.88s
2026-04-12 13:39:37,510 - INFO - 开始抓正文: book_id=1034 title=大国名厨 pending=1276
2026-04-12 13:39:52,926 - INFO - 正文章节进度: 1532000/9554851 success=1531980 failure=20 current_book=1034 elapsed=47306.25s
2026-04-12 13:40:11,037 - INFO - 开始抓正文: book_id=1035 title=盖世帝尊 pending=4260
2026-04-12 13:40:18,904 - INFO - 正文章节进度: 1533000/9554851 success=1532980 failure=20 current_book=1035 elapsed=47332.23s
2026-04-12 13:40:44,770 - INFO - 正文章节进度: 1534000/9554851 success=1533980 failure=20 current_book=1035 elapsed=47358.10s
2026-04-12 13:41:11,638 - INFO - 正文章节进度: 1535000/9554851 success=1534980 failure=20 current_book=1035 elapsed=47384.97s
2026-04-12 13:41:37,838 - INFO - 正文章节进度: 1536000/9554851 success=1535980 failure=20 current_book=1035 elapsed=47411.17s
2026-04-12 13:42:02,659 - INFO - 开始抓正文: book_id=1036 title=祭炼山河 pending=1878
2026-04-12 13:42:04,113 - INFO - 正文章节进度: 1537000/9554851 success=1536980 failure=20 current_book=1036 elapsed=47437.44s
2026-04-12 13:42:30,214 - INFO - 正文章节进度: 1538000/9554851 success=1537980 failure=20 current_book=1036 elapsed=47463.54s
2026-04-12 13:42:51,500 - INFO - 开始抓正文: book_id=1037 title=天骄战纪 pending=3240
2026-04-12 13:42:56,090 - INFO - 正文章节进度: 1539000/9554851 success=1538980 failure=20 current_book=1037 elapsed=47489.42s
2026-04-12 13:43:21,851 - INFO - 正文章节进度: 1540000/9554851 success=1539980 failure=20 current_book=1037 elapsed=47515.18s
2026-04-12 13:43:42,812 - WARNING - 请求失败，稍后重试: url=https://apibi.cc/api/chapter?id=1037&chapterid=1234 attempt=1/5 error=HTTP Error 522: <none>
2026-04-12 13:44:16,631 - WARNING - 请求失败，稍后重试: url=https://apibi.cc/api/chapter?id=1037&chapterid=1336 attempt=1/5 error=The read operation timed out
2026-04-12 13:44:44,255 - WARNING - 请求失败，稍后重试: url=https://apibi.cc/api/chapter?id=1037&chapterid=1620 attempt=1/5 error=HTTP Error 522: <none>
2026-04-12 13:45:14,009 - WARNING - 请求失败，稍后重试: url=https://apibi.cc/api/chapter?id=1037&chapterid=1692 attempt=1/5 error=The read operation timed out
2026-04-12 13:45:27,615 - INFO - 正文章节进度: 1541000/9554851 success=1540980 failure=20 current_book=1037 elapsed=47640.94s
2026-04-12 13:45:55,134 - INFO - 正文章节进度: 1542000/9554851 success=1541980 failure=20 current_book=1037 elapsed=47668.46s
2026-04-12 13:45:56,853 - INFO - 开始抓正文: book_id=1038 title=道 pending=2071
2026-04-12 13:46:21,341 - INFO - 正文章节进度: 1543000/9554851 success=1542980 failure=20 current_book=1038 elapsed=47694.67s
2026-04-12 13:46:47,857 - INFO - 正文章节进度: 1544000/9554851 success=1543980 failure=20 current_book=1038 elapsed=47721.19s
2026-04-12 13:46:51,627 - INFO - 开始抓正文: book_id=1039 title=鉴宝金瞳 pending=309
2026-04-12 13:46:59,881 - INFO - 开始抓正文: book_id=1040 title=医流武神 pending=1756
2026-04-12 13:47:14,101 - INFO - 正文章节进度: 1545000/9554851 success=1544980 failure=20 current_book=1040 elapsed=47747.43s
2026-04-12 13:47:36,286 - WARNING - 请求失败，稍后重试: url=https://apibi.cc/api/chapter?id=1040&chapterid=654 attempt=1/5 error=HTTP Error 522: <none>
2026-04-12 13:48:08,570 - INFO - 正文章节进度: 1546000/9554851 success=1545980 failure=20 current_book=1040 elapsed=47801.90s
2026-04-12 13:48:14,194 - INFO - 正文书籍进度: 1040/10000 chapters=1546208/9554851 elapsed=47807.52s
2026-04-12 13:48:14,197 - INFO - 开始抓正文: book_id=1041 title=宰执天下 pending=2242
2026-04-12 13:48:35,484 - INFO - 正文章节进度: 1547000/9554851 success=1546980 failure=20 current_book=1041 elapsed=47828.81s
2026-04-12 13:49:01,895 - INFO - 正文章节进度: 1548000/9554851 success=1547980 failure=20 current_book=1041 elapsed=47855.22s
2026-04-12 13:49:13,816 - INFO - 开始抓正文: book_id=1042 title=十方乾坤 pending=2054
2026-04-12 13:49:28,070 - INFO - 正文章节进度: 1549000/9554851 success=1548980 failure=20 current_book=1042 elapsed=47881.40s
2026-04-12 13:50:04,765 - WARNING - 请求失败，稍后重试: url=https://apibi.cc/api/chapter?id=1042&chapterid=1220 attempt=1/5 error=HTTP Error 522: <none>
2026-04-12 13:50:19,498 - INFO - 正文章节进度: 1550000/9554851 success=1549980 failure=20 current_book=1042 elapsed=47932.83s
2026-04-12 13:50:51,085 - WARNING - 请求失败，稍后重试: url=https://apibi.cc/api/chapter?id=1042&chapterid=2007 attempt=1/5 error=HTTP Error 522: <none>
2026-04-12 13:50:57,815 - INFO - 开始抓正文: book_id=1043 title=天才医生 pending=1535
2026-04-12 13:51:25,902 - WARNING - 请求失败，稍后重试: url=https://apibi.cc/api/chapter?id=1043&chapterid=302 attempt=1/5 error=HTTP Error 522: <none>
2026-04-12 13:51:51,436 - WARNING - 请求失败，稍后重试: url=https://apibi.cc/api/chapter?id=1043&chapterid=302 attempt=2/5 error=The read operation timed out
2026-04-12 13:51:58,251 - INFO - 正文章节进度: 1551000/9554851 success=1550980 failure=20 current_book=1043 elapsed=48031.58s
2026-04-12 13:52:25,921 - INFO - 正文章节进度: 1552000/9554851 success=1551980 failure=20 current_book=1043 elapsed=48059.25s
2026-04-12 13:52:26,974 - INFO - 开始抓正文: book_id=1044 title=星辰之主 pending=2990
2026-04-12 13:52:53,463 - INFO - 正文章节进度: 1553000/9554851 success=1552980 failure=20 current_book=1044 elapsed=48086.79s
2026-04-12 13:53:13,181 - WARNING - 请求失败，稍后重试: url=https://apibi.cc/api/chapter?id=1044&chapterid=984 attempt=1/5 error=HTTP Error 522: <none>
2026-04-12 13:53:45,805 - INFO - 正文章节进度: 1554000/9554851 success=1553980 failure=20 current_book=1044 elapsed=48139.13s
2026-04-12 13:54:12,517 - INFO - 正文章节进度: 1555000/9554851 success=1554980 failure=20 current_book=1044 elapsed=48165.85s
2026-04-12 13:54:32,270 - WARNING - 请求失败，稍后重试: url=https://apibi.cc/api/chapter?id=1044&chapterid=2980 attempt=1/5 error=HTTP Error 522: <none>
2026-04-12 13:54:39,116 - INFO - 开始抓正文: book_id=1045 title=猎户出山 pending=2003
2026-04-12 13:55:05,979 - INFO - 正文章节进度: 1556000/9554851 success=1555980 failure=20 current_book=1045 elapsed=48219.31s
2026-04-12 13:55:36,269 - WARNING - 请求失败，稍后重试: url=https://apibi.cc/api/chapter?id=1045&chapterid=1373 attempt=1/5 error=HTTP Error 522: <none>
2026-04-12 13:55:57,420 - INFO - 正文章节进度: 1557000/9554851 success=1556980 failure=20 current_book=1045 elapsed=48270.75s
2026-04-12 13:55:58,326 - INFO - 开始抓正文: book_id=1046 title=绝世邪神 pending=3155
2026-04-12 13:56:26,446 - WARNING - 请求失败，稍后重试: url=https://apibi.cc/api/chapter?id=1046&chapterid=320 attempt=1/5 error=HTTP Error 522: <none>
2026-04-12 13:56:56,872 - INFO - 正文章节进度: 1558000/9554851 success=1557980 failure=20 current_book=1046 elapsed=48330.20s
2026-04-12 13:57:24,038 - INFO - 正文章节进度: 1559000/9554851 success=1558980 failure=20 current_book=1046 elapsed=48357.37s
2026-04-12 13:57:50,223 - INFO - 正文章节进度: 1560000/9554851 success=1559980 failure=20 current_book=1046 elapsed=48383.55s
2026-04-12 13:57:55,470 - INFO - 开始抓正文: book_id=1047 title=特战之王 pending=2263
2026-04-12 13:58:17,064 - INFO - 正文章节进度: 1561000/9554851 success=1560980 failure=20 current_book=1047 elapsed=48410.39s
2026-04-12 13:58:43,729 - INFO - 正文章节进度: 1562000/9554851 success=1561980 failure=20 current_book=1047 elapsed=48437.06s
2026-04-12 13:58:55,056 - INFO - 开始抓正文: book_id=1048 title=人间最得意 pending=912
2026-04-12 13:59:09,263 - INFO - 正文章节进度: 1563000/9554851 success=1562980 failure=20 current_book=1048 elapsed=48462.59s
2026-04-12 13:59:18,392 - INFO - 开始抓正文: book_id=1049 title=宋疆 pending=1448
2026-04-12 13:59:34,955 - INFO - 正文章节进度: 1564000/9554851 success=1563980 failure=20 current_book=1049 elapsed=48488.28s
2026-04-12 13:59:56,160 - INFO - 开始抓正文: book_id=1050 title=枭臣 pending=1151
2026-04-12 14:00:01,138 - INFO - 正文章节进度: 1565000/9554851 success=1564980 failure=20 current_book=1050 elapsed=48514.47s
2026-04-12 14:00:26,647 - INFO - 开始抓正文: book_id=1051 title=超级吞噬系统 pending=477
2026-04-12 14:00:27,814 - INFO - 正文章节进度: 1566000/9554851 success=1565980 failure=20 current_book=1051 elapsed=48541.14s
2026-04-12 14:00:38,873 - INFO - 开始抓正文: book_id=1052 title=差一步苟到最后 pending=1779
2026-04-12 14:00:53,335 - INFO - 正文章节进度: 1567000/9554851 success=1566980 failure=20 current_book=1052 elapsed=48566.66s
2026-04-12 14:01:18,284 - WARNING - 请求失败，稍后重试: url=https://apibi.cc/api/chapter?id=1052&chapterid=784 attempt=1/5 error=HTTP Error 522: <none>
2026-04-12 14:01:47,616 - WARNING - 请求失败，稍后重试: url=https://apibi.cc/api/chapter?id=1052&chapterid=784 attempt=2/5 error=The read operation timed out
2026-04-12 14:02:12,323 - WARNING - 请求失败，稍后重试: url=https://apibi.cc/api/chapter?id=1052&chapterid=905 attempt=1/5 error=HTTP Error 522: <none>
2026-04-12 14:02:42,841 - INFO - 正文章节进度: 1568000/9554851 success=1567980 failure=20 current_book=1052 elapsed=48676.17s
2026-04-12 14:02:48,685 - INFO - 开始抓正文: book_id=1053 title=龙符 pending=1151
2026-04-12 14:03:10,007 - INFO - 正文章节进度: 1569000/9554851 success=1568980 failure=20 current_book=1053 elapsed=48703.34s
2026-04-12 14:03:19,665 - INFO - 开始抓正文: book_id=1054 title=无尽武装 pending=1416
2026-04-12 14:03:36,657 - INFO - 正文章节进度: 1570000/9554851 success=1569980 failure=20 current_book=1054 elapsed=48729.98s
2026-04-12 14:03:57,178 - INFO - 开始抓正文: book_id=1055 title=圣武星辰 pending=1671
2026-04-12 14:04:02,903 - INFO - 正文章节进度: 1571000/9554851 success=1570980 failure=20 current_book=1055 elapsed=48756.23s
2026-04-12 14:04:15,502 - WARNING - 请求失败，稍后重试: url=https://apibi.cc/api/chapter?id=1055&chapterid=531 attempt=1/5 error=<urlopen error [Errno 54] Connection reset by peer>
2026-04-12 14:04:37,186 - WARNING - 请求失败，稍后重试: url=https://apibi.cc/api/chapter?id=1055&chapterid=1076 attempt=1/5 error=<urlopen error [Errno 54] Connection reset by peer>
2026-04-12 14:04:40,698 - WARNING - 请求失败，稍后重试: url=https://apibi.cc/api/chapter?id=1055&chapterid=1077 attempt=1/5 error=<urlopen error [Errno 54] Connection reset by peer>
2026-04-12 14:04:45,959 - INFO - 正文章节进度: 1572000/9554851 success=1571980 failure=20 current_book=1055 elapsed=48799.29s
2026-04-12 14:04:57,692 - INFO - 开始抓正文: book_id=1056 title=圣王 pending=1600
2026-04-12 14:05:12,278 - INFO - 正文章节进度: 1573000/9554851 success=1572980 failure=20 current_book=1056 elapsed=48825.61s
2026-04-12 14:05:50,672 - WARNING - 请求失败，稍后重试: url=https://apibi.cc/api/chapter?id=1056&chapterid=1238 attempt=1/5 error=HTTP Error 522: <none>
2026-04-12 14:06:09,888 - INFO - 正文章节进度: 1574000/9554851 success=1573980 failure=20 current_book=1056 elapsed=48883.22s
2026-04-12 14:06:11,828 - INFO - 开始抓正文: book_id=1057 title=明匪 pending=656
2026-04-12 14:06:29,695 - INFO - 开始抓正文: book_id=1058 title=我是禁忌生命 pending=218
2026-04-12 14:06:35,661 - INFO - 开始抓正文: book_id=1059 title=惹爱成瘾 pending=3500
2026-04-12 14:06:37,643 - INFO - 正文章节进度: 1575000/9554851 success=1574980 failure=20 current_book=1059 elapsed=48910.97s
2026-04-12 14:07:04,010 - INFO - 正文章节进度: 1576000/9554851 success=1575980 failure=20 current_book=1059 elapsed=48937.34s
2026-04-12 14:07:30,084 - INFO - 正文章节进度: 1577000/9554851 success=1576980 failure=20 current_book=1059 elapsed=48963.41s
2026-04-12 14:07:57,997 - INFO - 正文章节进度: 1578000/9554851 success=1577980 failure=20 current_book=1059 elapsed=48991.32s
2026-04-12 14:08:09,467 - INFO - 开始抓正文: book_id=1060 title=魔域 pending=1013
2026-04-12 14:08:24,071 - INFO - 正文章节进度: 1579000/9554851 success=1578980 failure=20 current_book=1060 elapsed=49017.40s
2026-04-12 14:08:35,635 - INFO - 正文书籍进度: 1060/10000 chapters=1579442/9554851 elapsed=49028.96s
2026-04-12 14:08:35,637 - INFO - 开始抓正文: book_id=1061 title=逆鳞 pending=887
2026-04-12 14:08:50,161 - INFO - 正文章节进度: 1580000/9554851 success=1579980 failure=20 current_book=1061 elapsed=49043.49s
2026-04-12 14:09:14,962 - WARNING - 请求失败，稍后重试: url=https://apibi.cc/api/chapter?id=1061&chapterid=753 attempt=1/5 error=HTTP Error 522: <none>
2026-04-12 14:09:34,422 - INFO - 开始抓正文: book_id=1062 title=老子是癞蛤蟆 pending=374
2026-04-12 14:09:44,977 - INFO - 开始抓正文: book_id=1063 title=大夏王侯 pending=1639
2026-04-12 14:09:54,952 - INFO - 正文章节进度: 1581000/9554851 success=1580980 failure=20 current_book=1063 elapsed=49108.28s
2026-04-12 14:10:22,412 - INFO - 正文章节进度: 1582000/9554851 success=1581980 failure=20 current_book=1063 elapsed=49135.74s
2026-04-12 14:10:31,489 - INFO - 开始抓正文: book_id=1064 title=海贼之海军霸拳 pending=1042
2026-04-12 14:10:48,633 - INFO - 正文章节进度: 1583000/9554851 success=1582980 failure=20 current_book=1064 elapsed=49161.96s
2026-04-12 14:10:58,537 - INFO - 开始抓正文: book_id=1065 title=符皇 pending=2228
2026-04-12 14:11:14,487 - INFO - 正文章节进度: 1584000/9554851 success=1583980 failure=20 current_book=1065 elapsed=49187.82s
2026-04-12 14:11:40,137 - INFO - 正文章节进度: 1585000/9554851 success=1584980 failure=20 current_book=1065 elapsed=49213.47s
2026-04-12 14:11:56,201 - INFO - 开始抓正文: book_id=1066 title=道印 pending=1736
2026-04-12 14:12:06,635 - INFO - 正文章节进度: 1586000/9554851 success=1585980 failure=20 current_book=1066 elapsed=49239.96s
2026-04-12 14:12:33,575 - INFO - 正文章节进度: 1587000/9554851 success=1586980 failure=20 current_book=1066 elapsed=49266.90s
2026-04-12 14:12:42,686 - INFO - 开始抓正文: book_id=1067 title=仙武同修 pending=2384
2026-04-12 14:13:03,230 - WARNING - 请求失败，稍后重试: url=https://apibi.cc/api/chapter?id=1067&chapterid=50 attempt=1/5 error=HTTP Error 522: <none>
2026-04-12 14:13:35,483 - WARNING - 请求失败，稍后重试: url=https://apibi.cc/api/chapter?id=1067&chapterid=210 attempt=1/5 error=HTTP Error 522: <none>
2026-04-12 14:14:04,546 - WARNING - 请求失败，稍后重试: url=https://apibi.cc/api/chapter?id=1067&chapterid=250 attempt=1/5 error=The read operation timed out
2026-04-12 14:14:16,800 - INFO - 正文章节进度: 1588000/9554851 success=1587980 failure=20 current_book=1067 elapsed=49370.13s
2026-04-12 14:14:44,645 - INFO - 正文章节进度: 1589000/9554851 success=1588980 failure=20 current_book=1067 elapsed=49397.97s
2026-04-12 14:15:04,235 - INFO - 开始抓正文: book_id=1068 title=天才纨绔 pending=2454
2026-04-12 14:15:11,523 - INFO - 正文章节进度: 1590000/9554851 success=1589980 failure=20 current_book=1068 elapsed=49424.85s
2026-04-12 14:15:37,760 - INFO - 正文章节进度: 1591000/9554851 success=1590980 failure=20 current_book=1068 elapsed=49451.09s
2026-04-12 14:16:04,105 - INFO - 正文章节进度: 1592000/9554851 success=1591980 failure=20 current_book=1068 elapsed=49477.43s
2026-04-12 14:16:09,165 - INFO - 开始抓正文: book_id=1069 title=特种神医 pending=1757
2026-04-12 14:16:30,060 - INFO - 正文章节进度: 1593000/9554851 success=1592980 failure=20 current_book=1069 elapsed=49503.39s
2026-04-12 14:16:54,466 - INFO - 开始抓正文: book_id=1070 title=医等狂兵 pending=1609
2026-04-12 14:16:56,114 - INFO - 正文章节进度: 1594000/9554851 success=1593980 failure=20 current_book=1070 elapsed=49529.44s
2026-04-12 14:17:22,298 - WARNING - 请求失败，稍后重试: url=https://apibi.cc/api/chapter?id=1070&chapterid=309 attempt=1/5 error=HTTP Error 522: <none>
2026-04-12 14:17:53,874 - WARNING - 请求失败，稍后重试: url=https://apibi.cc/api/chapter?id=1070&chapterid=362 attempt=1/5 error=The read operation timed out
2026-04-12 14:18:15,207 - INFO - 正文章节进度: 1595000/9554851 success=1594980 failure=20 current_book=1070 elapsed=49608.53s
2026-04-12 14:18:31,357 - INFO - 开始抓正文: book_id=1071 title=仙路至尊 pending=1937
2026-04-12 14:18:43,510 - INFO - 正文章节进度: 1596000/9554851 success=1595980 failure=20 current_book=1071 elapsed=49636.84s
2026-04-12 14:19:10,834 - INFO - 正文章节进度: 1597000/9554851 success=1596980 failure=20 current_book=1071 elapsed=49664.16s
2026-04-12 14:19:23,825 - INFO - 开始抓正文: book_id=1072 title=九星杀神 pending=1881
2026-04-12 14:19:43,883 - WARNING - 请求失败，稍后重试: url=https://apibi.cc/api/chapter?id=1072&chapterid=16 attempt=1/5 error=HTTP Error 522: <none>
2026-04-12 14:20:11,941 - WARNING - 请求失败，稍后重试: url=https://apibi.cc/api/chapter?id=1072&chapterid=131 attempt=1/5 error=The read operation timed out
2026-04-12 14:20:12,016 - WARNING - 请求失败，稍后重试: url=https://apibi.cc/api/chapter?id=1072&chapterid=122 attempt=1/5 error=The read operation timed out
2026-04-12 14:20:15,526 - WARNING - 请求失败，稍后重试: url=https://apibi.cc/api/chapter?id=1072&chapterid=129 attempt=1/5 error=The read operation timed out
2026-04-12 14:20:25,414 - INFO - 正文章节进度: 1598000/9554851 success=1597980 failure=20 current_book=1072 elapsed=49738.74s
2026-04-12 14:20:53,493 - INFO - 正文章节进度: 1599000/9554851 success=1598980 failure=20 current_book=1072 elapsed=49766.82s
2026-04-12 14:21:03,758 - INFO - 开始抓正文: book_id=1073 title=仙都 pending=2338
2026-04-12 14:21:20,696 - INFO - 正文章节进度: 1600000/9554851 success=1599980 failure=20 current_book=1073 elapsed=49794.02s
2026-04-12 14:21:46,687 - INFO - 正文章节进度: 1601000/9554851 success=1600980 failure=20 current_book=1073 elapsed=49820.02s
2026-04-12 14:22:05,705 - INFO - 开始抓正文: book_id=1074 title=十方神王 pending=2502
2026-04-12 14:22:13,555 - INFO - 正文章节进度: 1602000/9554851 success=1601980 failure=20 current_book=1074 elapsed=49846.88s
2026-04-12 14:22:39,766 - INFO - 正文章节进度: 1603000/9554851 success=1602980 failure=20 current_book=1074 elapsed=49873.09s
2026-04-12 14:23:07,295 - INFO - 正文章节进度: 1604000/9554851 success=1603980 failure=20 current_book=1074 elapsed=49900.62s
2026-04-12 14:23:12,435 - INFO - 开始抓正文: book_id=1075 title=御天神帝 pending=1357
2026-04-12 14:23:33,549 - INFO - 正文章节进度: 1605000/9554851 success=1604980 failure=20 current_book=1075 elapsed=49926.88s
2026-04-12 14:23:49,039 - INFO - 开始抓正文: book_id=1076 title=无敌剑魂 pending=2644
2026-04-12 14:24:01,813 - INFO - 正文章节进度: 1606000/9554851 success=1605980 failure=20 current_book=1076 elapsed=49955.14s
2026-04-12 14:24:28,004 - INFO - 正文章节进度: 1607000/9554851 success=1606980 failure=20 current_book=1076 elapsed=49981.33s
2026-04-12 14:24:54,668 - INFO - 正文章节进度: 1608000/9554851 success=1607980 failure=20 current_book=1076 elapsed=50008.00s
2026-04-12 14:25:00,858 - INFO - 开始抓正文: book_id=1077 title=天下第一妃 pending=2236
2026-04-12 14:25:21,771 - INFO - 正文章节进度: 1609000/9554851 success=1608980 failure=20 current_book=1077 elapsed=50035.10s
2026-04-12 14:25:48,144 - INFO - 正文章节进度: 1610000/9554851 success=1609980 failure=20 current_book=1077 elapsed=50061.47s
2026-04-12 14:25:59,642 - INFO - 开始抓正文: book_id=1078 title=吞天决 pending=1173
2026-04-12 14:26:14,583 - INFO - 正文章节进度: 1611000/9554851 success=1610980 failure=20 current_book=1078 elapsed=50087.91s
2026-04-12 14:26:31,077 - INFO - 开始抓正文: book_id=1079 title=国色生枭 pending=2094
2026-04-12 14:26:41,260 - INFO - 正文章节进度: 1612000/9554851 success=1611980 failure=20 current_book=1079 elapsed=50114.59s
2026-04-12 14:27:07,017 - INFO - 正文章节进度: 1613000/9554851 success=1612980 failure=20 current_book=1079 elapsed=50140.34s
2026-04-12 14:27:25,463 - INFO - 开始抓正文: book_id=1080 title=朱门继室 pending=385
2026-04-12 14:27:33,166 - INFO - 正文章节进度: 1614000/9554851 success=1613980 failure=20 current_book=1080 elapsed=50166.49s
2026-04-12 14:27:35,650 - INFO - 正文书籍进度: 1080/10000 chapters=1614099/9554851 elapsed=50168.98s
2026-04-12 14:27:35,655 - INFO - 开始抓正文: book_id=1081 title=近身狂兵 pending=2785
2026-04-12 14:28:09,973 - WARNING - 请求失败，稍后重试: url=https://apibi.cc/api/chapter?id=1081&chapterid=567 attempt=1/5 error=HTTP Error 522: <none>
2026-04-12 14:28:35,572 - INFO - 正文章节进度: 1615000/9554851 success=1614980 failure=20 current_book=1081 elapsed=50228.90s
2026-04-12 14:29:03,079 - INFO - 正文章节进度: 1616000/9554851 success=1615980 failure=20 current_book=1081 elapsed=50256.41s
2026-04-12 14:29:27,136 - INFO - 开始抓正文: book_id=1082 title=恐怖高校 pending=1267
2026-04-12 14:29:30,258 - INFO - 正文章节进度: 1617000/9554851 success=1616980 failure=20 current_book=1082 elapsed=50283.59s
2026-04-12 14:29:56,712 - INFO - 正文章节进度: 1618000/9554851 success=1617980 failure=20 current_book=1082 elapsed=50310.04s
2026-04-12 14:30:00,813 - INFO - 开始抓正文: book_id=1083 title=终极教师 pending=860
2026-04-12 14:30:23,133 - INFO - 正文章节进度: 1619000/9554851 success=1618980 failure=20 current_book=1083 elapsed=50336.46s
2026-04-12 14:30:23,562 - INFO - 开始抓正文: book_id=1084 title=锦衣春秋 pending=1495
2026-04-12 14:30:49,539 - INFO - 正文章节进度: 1620000/9554851 success=1619980 failure=20 current_book=1084 elapsed=50362.87s
2026-04-12 14:31:02,936 - INFO - 开始抓正文: book_id=1085 title=都市邪王 pending=1171
2026-04-12 14:31:16,138 - INFO - 正文章节进度: 1621000/9554851 success=1620980 failure=20 current_book=1085 elapsed=50389.47s
2026-04-12 14:31:33,395 - INFO - 开始抓正文: book_id=1086 title=兵王之王 pending=2110
2026-04-12 14:31:41,986 - INFO - 正文章节进度: 1622000/9554851 success=1621980 failure=20 current_book=1086 elapsed=50415.31s
2026-04-12 14:32:08,151 - INFO - 正文章节进度: 1623000/9554851 success=1622980 failure=20 current_book=1086 elapsed=50441.48s
2026-04-12 14:32:40,818 - WARNING - 请求失败，稍后重试: url=https://apibi.cc/api/chapter?id=1086&chapterid=1811 attempt=1/5 error=HTTP Error 522: <none>
2026-04-12 14:33:06,102 - WARNING - 请求失败，稍后重试: url=https://apibi.cc/api/chapter?id=1086&chapterid=1811 attempt=2/5 error=The read operation timed out
2026-04-12 14:33:31,873 - WARNING - 请求失败，稍后重试: url=https://apibi.cc/api/chapter?id=1086&chapterid=1811 attempt=3/5 error=The read operation timed out
2026-04-12 14:33:46,464 - INFO - 开始抓正文: book_id=1087 title=仙魔变 pending=919
2026-04-12 14:33:52,635 - INFO - 正文章节进度: 1624000/9554851 success=1623980 failure=20 current_book=1087 elapsed=50545.96s
2026-04-12 14:34:12,393 - INFO - 开始抓正文: book_id=1088 title=无限进化 pending=1406
2026-04-12 14:34:20,470 - INFO - 正文章节进度: 1625000/9554851 success=1624980 failure=20 current_book=1088 elapsed=50573.80s
2026-04-12 14:34:46,637 - INFO - 正文章节进度: 1626000/9554851 success=1625980 failure=20 current_book=1088 elapsed=50599.97s
2026-04-12 14:34:49,748 - INFO - 开始抓正文: book_id=1089 title=最强武神 pending=3426
2026-04-12 14:35:13,217 - INFO - 正文章节进度: 1627000/9554851 success=1626980 failure=20 current_book=1089 elapsed=50626.55s
2026-04-12 14:35:39,437 - INFO - 正文章节进度: 1628000/9554851 success=1627980 failure=20 current_book=1089 elapsed=50652.77s
2026-04-12 14:36:05,757 - INFO - 正文章节进度: 1629000/9554851 success=1628980 failure=20 current_book=1089 elapsed=50679.09s
2026-04-12 14:36:29,169 - WARNING - 请求失败，稍后重试: url=https://apibi.cc/api/chapter?id=1089&chapterid=3047 attempt=1/5 error=HTTP Error 522: <none>
2026-04-12 14:36:54,176 - INFO - 开始抓正文: book_id=1090 title=长安风流 pending=568
2026-04-12 14:37:06,534 - INFO - 正文章节进度: 1630000/9554851 success=1629980 failure=20 current_book=1090 elapsed=50739.86s
2026-04-12 14:37:09,595 - INFO - 开始抓正文: book_id=1091 title=仙路争锋 pending=1304
2026-04-12 14:37:33,781 - INFO - 正文章节进度: 1631000/9554851 success=1630980 failure=20 current_book=1091 elapsed=50767.11s
2026-04-12 14:37:44,416 - INFO - 开始抓正文: book_id=1092 title=绝色毒医王妃 pending=4473
2026-04-12 14:37:59,669 - INFO - 正文章节进度: 1632000/9554851 success=1631980 failure=20 current_book=1092 elapsed=50793.00s
2026-04-12 14:38:24,367 - WARNING - 请求失败，稍后重试: url=https://apibi.cc/api/chapter?id=1092&chapterid=789 attempt=1/5 error=HTTP Error 522: <none>
2026-04-12 14:38:50,559 - WARNING - 请求失败，稍后重试: url=https://apibi.cc/api/chapter?id=1092&chapterid=856 attempt=1/5 error=The read operation timed out
2026-04-12 14:38:52,177 - WARNING - 请求失败，稍后重试: url=https://apibi.cc/api/chapter?id=1092&chapterid=857 attempt=1/5 error=<urlopen error _ssl.c:1063: The handshake operation timed out>
2026-04-12 14:38:56,245 - WARNING - 请求失败，稍后重试: url=https://apibi.cc/api/chapter?id=1092&chapterid=850 attempt=1/5 error=The read operation timed out
2026-04-12 14:39:15,846 - INFO - 正文章节进度: 1633000/9554851 success=1632980 failure=20 current_book=1092 elapsed=50869.17s
2026-04-12 14:39:58,336 - WARNING - 请求失败，稍后重试: url=https://apibi.cc/api/chapter?id=1092&chapterid=2416 attempt=1/5 error=HTTP Error 522: <none>
2026-04-12 14:40:11,891 - INFO - 正文章节进度: 1634000/9554851 success=1633980 failure=20 current_book=1092 elapsed=50925.22s
2026-04-12 14:40:45,060 - INFO - 正文章节进度: 1635000/9554851 success=1634980 failure=20 current_book=1092 elapsed=50958.39s
2026-04-12 14:41:08,893 - INFO - 开始抓正文: book_id=1093 title=死亡名单 pending=763
2026-04-12 14:41:11,855 - INFO - 正文章节进度: 1636000/9554851 success=1635980 failure=20 current_book=1093 elapsed=50985.18s
2026-04-12 14:41:29,116 - INFO - 开始抓正文: book_id=1094 title=网游之天下第一 pending=1435
2026-04-12 14:41:38,688 - INFO - 正文章节进度: 1637000/9554851 success=1636980 failure=20 current_book=1094 elapsed=51012.02s
2026-04-12 14:42:05,797 - INFO - 正文章节进度: 1638000/9554851 success=1637980 failure=20 current_book=1094 elapsed=51039.12s
2026-04-12 14:42:07,823 - INFO - 开始抓正文: book_id=1095 title=王牌保镖 pending=3391
2026-04-12 14:42:31,726 - INFO - 正文章节进度: 1639000/9554851 success=1638980 failure=20 current_book=1095 elapsed=51065.05s
2026-04-12 14:42:57,435 - INFO - 正文章节进度: 1640000/9554851 success=1639980 failure=20 current_book=1095 elapsed=51090.76s
2026-04-12 14:43:24,509 - INFO - 正文章节进度: 1641000/9554851 success=1640980 failure=20 current_book=1095 elapsed=51117.84s
2026-04-12 14:43:37,270 - INFO - 开始抓正文: book_id=1096 title=乱世枭雄 pending=1718
2026-04-12 14:43:51,054 - INFO - 正文章节进度: 1642000/9554851 success=1641980 failure=20 current_book=1096 elapsed=51144.38s
2026-04-12 14:44:18,338 - INFO - 正文章节进度: 1643000/9554851 success=1642980 failure=20 current_book=1096 elapsed=51171.67s
2026-04-12 14:44:23,282 - INFO - 开始抓正文: book_id=1097 title=妖者为王 pending=2022
2026-04-12 14:44:44,964 - INFO - 正文章节进度: 1644000/9554851 success=1643980 failure=20 current_book=1097 elapsed=51198.29s
2026-04-12 14:45:11,365 - INFO - 正文章节进度: 1645000/9554851 success=1644980 failure=20 current_book=1097 elapsed=51224.69s
2026-04-12 14:45:16,695 - INFO - 开始抓正文: book_id=1098 title=楚臣 pending=798
2026-04-12 14:45:53,954 - WARNING - 请求失败，稍后重试: url=https://apibi.cc/api/chapter?id=1098&chapterid=669 attempt=1/5 error=HTTP Error 522: <none>
2026-04-12 14:46:05,086 - INFO - 正文章节进度: 1646000/9554851 success=1645980 failure=20 current_book=1098 elapsed=51278.41s
2026-04-12 14:46:21,644 - WARNING - 请求失败，稍后重试: url=https://apibi.cc/api/chapter?id=1098&chapterid=724 attempt=1/5 error=The read operation timed out
2026-04-12 14:46:26,631 - INFO - 开始抓正文: book_id=1099 title=大明1617 pending=1763
2026-04-12 14:46:59,773 - WARNING - 请求失败，稍后重试: url=https://apibi.cc/api/chapter?id=1099&chapterid=460 attempt=1/5 error=HTTP Error 522: <none>
2026-04-12 14:47:29,431 - WARNING - 请求失败，稍后重试: url=https://apibi.cc/api/chapter?id=1099&chapterid=488 attempt=1/5 error=The read operation timed out
2026-04-12 14:47:44,547 - INFO - 正文章节进度: 1647000/9554851 success=1646980 failure=20 current_book=1099 elapsed=51377.87s
2026-04-12 14:48:08,886 - WARNING - 请求失败，稍后重试: url=https://apibi.cc/api/chapter?id=1099&chapterid=1184 attempt=1/5 error=HTTP Error 522: <none>
2026-04-12 14:48:35,188 - WARNING - 请求失败，稍后重试: url=https://apibi.cc/api/chapter?id=1099&chapterid=1209 attempt=1/5 error=<urlopen error _ssl.c:1063: The handshake operation timed out>
2026-04-12 14:48:51,528 - INFO - 开始抓正文: book_id=1100 title=兽破苍穹 pending=2301
2026-04-12 14:48:58,168 - INFO - 正文章节进度: 1648000/9554851 success=1647980 failure=20 current_book=1100 elapsed=51451.50s
2026-04-12 14:49:25,445 - INFO - 正文章节进度: 1649000/9554851 success=1648980 failure=20 current_book=1100 elapsed=51478.77s
2026-04-12 14:49:51,564 - INFO - 正文章节进度: 1650000/9554851 success=1649980 failure=20 current_book=1100 elapsed=51504.89s
2026-04-12 14:49:53,587 - INFO - 正文书籍进度: 1100/10000 chapters=1650074/9554851 elapsed=51506.92s
2026-04-12 14:49:53,592 - INFO - 开始抓正文: book_id=1101 title=超品战兵 pending=2506
2026-04-12 14:50:17,282 - INFO - 正文章节进度: 1651000/9554851 success=1650980 failure=20 current_book=1101 elapsed=51530.61s
2026-04-12 14:50:43,488 - INFO - 正文章节进度: 1652000/9554851 success=1651980 failure=20 current_book=1101 elapsed=51556.82s
2026-04-12 14:50:58,264 - INFO - 开始抓正文: book_id=1102 title=争霸天下 pending=1247
2026-04-12 14:51:09,546 - INFO - 正文章节进度: 1653000/9554851 success=1652980 failure=20 current_book=1102 elapsed=51582.87s
2026-04-12 14:51:30,956 - INFO - 开始抓正文: book_id=1103 title=奋斗在初唐 pending=2150
2026-04-12 14:51:35,553 - INFO - 正文章节进度: 1654000/9554851 success=1653980 failure=20 current_book=1103 elapsed=51608.88s
2026-04-12 14:52:01,305 - INFO - 正文章节进度: 1655000/9554851 success=1654980 failure=20 current_book=1103 elapsed=51634.63s
2026-04-12 14:52:27,073 - INFO - 开始抓正文: book_id=1104 title=九界仙尊 pending=1680
2026-04-12 14:52:27,888 - INFO - 正文章节进度: 1656000/9554851 success=1655980 failure=20 current_book=1104 elapsed=51661.22s
2026-04-12 14:52:47,413 - WARNING - 请求失败，稍后重试: url=https://apibi.cc/api/chapter?id=1104&chapterid=23 attempt=1/5 error=HTTP Error 522: <none>
2026-04-12 14:53:24,713 - WARNING - 请求失败，稍后重试: url=https://apibi.cc/api/chapter?id=1104&chapterid=23 attempt=2/5 error=The read operation timed out
2026-04-12 14:53:51,413 - WARNING - 请求失败，稍后重试: url=https://apibi.cc/api/chapter?id=1104&chapterid=174 attempt=1/5 error=HTTP Error 522: <none>
2026-04-12 14:54:28,853 - INFO - 正文章节进度: 1657000/9554851 success=1656980 failure=20 current_book=1104 elapsed=51782.18s
2026-04-12 14:54:47,236 - INFO - 开始抓正文: book_id=1105 title=大逆之门 pending=1637
2026-04-12 14:54:56,087 - INFO - 正文章节进度: 1658000/9554851 success=1657980 failure=20 current_book=1105 elapsed=51809.41s
2026-04-12 14:55:22,975 - INFO - 正文章节进度: 1659000/9554851 success=1658980 failure=20 current_book=1105 elapsed=51836.30s
2026-04-12 14:55:30,478 - INFO - 开始抓正文: book_id=1106 title=三国之最风流 pending=1389
2026-04-12 14:55:49,270 - INFO - 正文章节进度: 1660000/9554851 success=1659980 failure=20 current_book=1106 elapsed=51862.60s
2026-04-12 14:56:06,784 - INFO - 开始抓正文: book_id=1107 title=末日之无上王座 pending=1098
2026-04-12 14:56:15,045 - INFO - 正文章节进度: 1661000/9554851 success=1660980 failure=20 current_book=1107 elapsed=51888.37s
2026-04-12 14:56:35,400 - INFO - 开始抓正文: book_id=1108 title=开个诊所来修仙 pending=1829
2026-04-12 14:56:41,198 - INFO - 正文章节进度: 1662000/9554851 success=1661980 failure=20 current_book=1108 elapsed=51914.53s
2026-04-12 14:57:07,237 - INFO - 正文章节进度: 1663000/9554851 success=1662980 failure=20 current_book=1108 elapsed=51940.56s
2026-04-12 14:57:22,868 - INFO - 开始抓正文: book_id=1109 title=女总裁的贴身保镖 pending=2538
2026-04-12 14:57:33,086 - INFO - 正文章节进度: 1664000/9554851 success=1663980 failure=20 current_book=1109 elapsed=51966.41s
2026-04-12 14:57:59,138 - INFO - 正文章节进度: 1665000/9554851 success=1664980 failure=20 current_book=1109 elapsed=51992.47s
2026-04-12 14:58:24,840 - INFO - 正文章节进度: 1666000/9554851 success=1665980 failure=20 current_book=1109 elapsed=52018.17s
2026-04-12 14:58:29,212 - INFO - 开始抓正文: book_id=1110 title=第一狂婿 pending=174
2026-04-12 14:58:33,802 - INFO - 开始抓正文: book_id=1111 title=大灾变 pending=1177
2026-04-12 14:58:51,472 - INFO - 正文章节进度: 1667000/9554851 success=1666980 failure=20 current_book=1111 elapsed=52044.80s
2026-04-12 14:59:04,757 - INFO - 开始抓正文: book_id=1112 title=百无禁忌 pending=227
2026-04-12 14:59:10,639 - INFO - 开始抓正文: book_id=1113 title=末日边缘 pending=1922
2026-04-12 14:59:17,986 - INFO - 正文章节进度: 1668000/9554851 success=1667980 failure=20 current_book=1113 elapsed=52071.31s
2026-04-12 14:59:43,839 - INFO - 正文章节进度: 1669000/9554851 success=1668980 failure=20 current_book=1113 elapsed=52097.17s
2026-04-12 15:00:00,983 - INFO - 开始抓正文: book_id=1114 title=绝品小神医 pending=4658
2026-04-12 15:00:10,169 - INFO - 正文章节进度: 1670000/9554851 success=1669980 failure=20 current_book=1114 elapsed=52123.50s
2026-04-12 15:00:45,855 - WARNING - 请求失败，稍后重试: url=https://apibi.cc/api/chapter?id=1114&chapterid=1000 attempt=1/5 error=HTTP Error 522: <none>
2026-04-12 15:01:13,689 - WARNING - 请求失败，稍后重试: url=https://apibi.cc/api/chapter?id=1114&chapterid=1084 attempt=1/5 error=<urlopen error _ssl.c:1063: The handshake operation timed out>
2026-04-12 15:01:25,504 - INFO - 正文章节进度: 1671000/9554851 success=1670980 failure=20 current_book=1114 elapsed=52198.83s
2026-04-12 15:01:48,829 - WARNING - 请求失败，稍后重试: url=https://apibi.cc/api/chapter?id=1114&chapterid=1502 attempt=1/5 error=HTTP Error 522: <none>
2026-04-12 15:02:17,068 - WARNING - 请求失败，稍后重试: url=https://apibi.cc/api/chapter?id=1114&chapterid=1573 attempt=1/5 error=The read operation timed out
2026-04-12 15:02:17,678 - WARNING - 请求失败，稍后重试: url=https://apibi.cc/api/chapter?id=1114&chapterid=1570 attempt=1/5 error=The read operation timed out
2026-04-12 15:02:46,085 - INFO - 正文章节进度: 1672000/9554851 success=1671980 failure=20 current_book=1114 elapsed=52279.41s
2026-04-12 15:03:12,668 - INFO - 正文章节进度: 1673000/9554851 success=1672980 failure=20 current_book=1114 elapsed=52306.00s
2026-04-12 15:03:38,242 - INFO - 正文章节进度: 1674000/9554851 success=1673980 failure=20 current_book=1114 elapsed=52331.57s
2026-04-12 15:03:46,008 - INFO - 开始抓正文: book_id=1115 title=一剑独尊 pending=3050
2026-04-12 15:04:03,724 - INFO - 正文章节进度: 1675000/9554851 success=1674980 failure=20 current_book=1115 elapsed=52357.05s
2026-04-12 15:04:32,965 - INFO - 正文章节进度: 1676000/9554851 success=1675980 failure=20 current_book=1115 elapsed=52386.29s
2026-04-12 15:04:59,440 - INFO - 正文章节进度: 1677000/9554851 success=1676980 failure=20 current_book=1115 elapsed=52412.77s
2026-04-12 15:05:08,729 - INFO - 开始抓正文: book_id=1116 title=太平客栈 pending=2149
2026-04-12 15:05:25,289 - INFO - 正文章节进度: 1678000/9554851 success=1677980 failure=20 current_book=1116 elapsed=52438.62s
2026-04-12 15:05:50,740 - INFO - 正文章节进度: 1679000/9554851 success=1678980 failure=20 current_book=1116 elapsed=52464.07s
2026-04-12 15:06:03,325 - INFO - 开始抓正文: book_id=1117 title=催眠大师 pending=44
2026-04-12 15:06:04,730 - INFO - 开始抓正文: book_id=1118 title=末世无限吞噬 pending=1185
2026-04-12 15:06:16,518 - INFO - 正文章节进度: 1680000/9554851 success=1679980 failure=20 current_book=1118 elapsed=52489.85s
2026-04-12 15:06:35,038 - INFO - 开始抓正文: book_id=1119 title=家养小首辅 pending=281
2026-04-12 15:06:41,987 - INFO - 正文章节进度: 1681000/9554851 success=1680980 failure=20 current_book=1119 elapsed=52515.32s
2026-04-12 15:06:42,278 - INFO - 开始抓正文: book_id=1120 title=大魏王侯 pending=581
2026-04-12 15:06:57,215 - INFO - 正文书籍进度: 1120/10000 chapters=1681596/9554851 elapsed=52530.54s
2026-04-12 15:06:57,220 - INFO - 开始抓正文: book_id=1121 title=狼行三国 pending=1834
2026-04-12 15:07:07,460 - INFO - 正文章节进度: 1682000/9554851 success=1681980 failure=20 current_book=1121 elapsed=52540.79s
2026-04-12 15:07:34,793 - INFO - 正文章节进度: 1683000/9554851 success=1682980 failure=20 current_book=1121 elapsed=52568.12s
2026-04-12 15:07:45,906 - INFO - 开始抓正文: book_id=1122 title=大明帝师 pending=672
2026-04-12 15:08:05,935 - WARNING - 请求失败，稍后重试: url=https://apibi.cc/api/chapter?id=1122&chapterid=10 attempt=1/5 error=HTTP Error 522: <none>
2026-04-12 15:08:34,315 - WARNING - 请求失败，稍后重试: url=https://apibi.cc/api/chapter?id=1122&chapterid=136 attempt=1/5 error=The read operation timed out
2026-04-12 15:08:35,116 - WARNING - 请求失败，稍后重试: url=https://apibi.cc/api/chapter?id=1122&chapterid=159 attempt=1/5 error=HTTP Error 522: <none>
2026-04-12 15:08:35,770 - WARNING - 请求失败，稍后重试: url=https://apibi.cc/api/chapter?id=1122&chapterid=126 attempt=1/5 error=<urlopen error _ssl.c:1063: The handshake operation timed out>
2026-04-12 15:08:49,657 - INFO - 正文章节进度: 1684000/9554851 success=1683980 failure=20 current_book=1122 elapsed=52642.99s
2026-04-12 15:08:52,706 - INFO - 开始抓正文: book_id=1123 title=超级上门女婿 pending=262
2026-04-12 15:09:00,462 - INFO - 开始抓正文: book_id=1124 title=一号狂兵 pending=1031
2026-04-12 15:09:17,561 - INFO - 正文章节进度: 1685000/9554851 success=1684980 failure=20 current_book=1124 elapsed=52670.89s
2026-04-12 15:09:27,859 - INFO - 开始抓正文: book_id=1125 title=最强透视 pending=1957
2026-04-12 15:09:43,398 - INFO - 正文章节进度: 1686000/9554851 success=1685980 failure=20 current_book=1125 elapsed=52696.73s
2026-04-12 15:10:08,647 - INFO - 正文章节进度: 1687000/9554851 success=1686980 failure=20 current_book=1125 elapsed=52721.98s
2026-04-12 15:10:17,724 - INFO - 开始抓正文: book_id=1126 title=启明1158 pending=1691
2026-04-12 15:10:34,139 - INFO - 正文章节进度: 1688000/9554851 success=1687980 failure=20 current_book=1126 elapsed=52747.47s
2026-04-12 15:10:59,190 - INFO - 正文章节进度: 1689000/9554851 success=1688980 failure=20 current_book=1126 elapsed=52772.52s
2026-04-12 15:11:00,653 - INFO - 开始抓正文: book_id=1127 title=星球建造师 pending=311
2026-04-12 15:11:08,673 - INFO - 开始抓正文: book_id=1128 title=骑士征程 pending=5005
2026-04-12 15:11:25,084 - INFO - 正文章节进度: 1690000/9554851 success=1689980 failure=20 current_book=1128 elapsed=52798.41s
2026-04-12 15:11:50,787 - INFO - 正文章节进度: 1691000/9554851 success=1690980 failure=20 current_book=1128 elapsed=52824.12s
2026-04-12 15:12:16,965 - INFO - 正文章节进度: 1692000/9554851 success=1691980 failure=20 current_book=1128 elapsed=52850.29s
2026-04-12 15:12:41,888 - INFO - 正文章节进度: 1693000/9554851 success=1692980 failure=20 current_book=1128 elapsed=52875.22s
2026-04-12 15:13:07,582 - INFO - 正文章节进度: 1694000/9554851 success=1693980 failure=20 current_book=1128 elapsed=52900.91s
2026-04-12 15:13:16,912 - INFO - 开始抓正文: book_id=1129 title=巨龙 pending=78
2026-04-12 15:13:18,949 - INFO - 开始抓正文: book_id=1130 title=军火之王 pending=1953
2026-04-12 15:13:33,243 - INFO - 正文章节进度: 1695000/9554851 success=1694980 failure=20 current_book=1130 elapsed=52926.57s
2026-04-12 15:13:58,521 - INFO - 正文章节进度: 1696000/9554851 success=1695980 failure=20 current_book=1130 elapsed=52951.85s
2026-04-12 15:14:08,477 - INFO - 开始抓正文: book_id=1131 title=午夜直播间 pending=1460
2026-04-12 15:14:23,639 - INFO - 正文章节进度: 1697000/9554851 success=1696980 failure=20 current_book=1131 elapsed=52976.97s
2026-04-12 15:14:44,751 - INFO - 开始抓正文: book_id=1132 title=匠心 pending=1175
2026-04-12 15:14:48,779 - INFO - 正文章节进度: 1698000/9554851 success=1697980 failure=20 current_book=1132 elapsed=53002.11s
2026-04-12 15:15:14,008 - INFO - 正文章节进度: 1699000/9554851 success=1698980 failure=20 current_book=1132 elapsed=53027.34s
2026-04-12 15:15:14,698 - INFO - 开始抓正文: book_id=1133 title=花豹突击队 pending=5989
2026-04-12 15:15:39,936 - INFO - 正文章节进度: 1700000/9554851 success=1699980 failure=20 current_book=1133 elapsed=53053.26s
2026-04-12 15:16:05,241 - INFO - 正文章节进度: 1701000/9554851 success=1700980 failure=20 current_book=1133 elapsed=53078.57s
2026-04-12 15:16:30,331 - INFO - 正文章节进度: 1702000/9554851 success=1701980 failure=20 current_book=1133 elapsed=53103.66s
2026-04-12 15:16:56,140 - INFO - 正文章节进度: 1703000/9554851 success=1702980 failure=20 current_book=1133 elapsed=53129.47s
2026-04-12 15:17:21,689 - INFO - 正文章节进度: 1704000/9554851 success=1703980 failure=20 current_book=1133 elapsed=53155.02s
2026-04-12 15:17:47,043 - INFO - 正文章节进度: 1705000/9554851 success=1704980 failure=20 current_book=1133 elapsed=53180.37s
2026-04-12 15:17:47,439 - INFO - 开始抓正文: book_id=1134 title=英雄联盟之决胜巅峰 pending=3464
2026-04-12 15:18:12,409 - INFO - 正文章节进度: 1706000/9554851 success=1705980 failure=20 current_book=1134 elapsed=53205.74s
2026-04-12 15:18:38,167 - INFO - 正文章节进度: 1707000/9554851 success=1706980 failure=20 current_book=1134 elapsed=53231.50s
2026-04-12 15:19:03,335 - INFO - 正文章节进度: 1708000/9554851 success=1707980 failure=20 current_book=1134 elapsed=53256.66s
2026-04-12 15:19:15,457 - INFO - 开始抓正文: book_id=1135 title=女总裁的全能兵王 pending=6879
2026-04-12 15:19:29,110 - INFO - 正文章节进度: 1709000/9554851 success=1708980 failure=20 current_book=1135 elapsed=53282.44s
2026-04-12 15:19:54,372 - INFO - 正文章节进度: 1710000/9554851 success=1709980 failure=20 current_book=1135 elapsed=53307.70s
2026-04-12 15:20:20,483 - INFO - 正文章节进度: 1711000/9554851 success=1710980 failure=20 current_book=1135 elapsed=53333.81s
2026-04-12 15:20:45,744 - INFO - 正文章节进度: 1712000/9554851 success=1711980 failure=20 current_book=1135 elapsed=53359.07s
2026-04-12 15:21:11,247 - INFO - 正文章节进度: 1713000/9554851 success=1712980 failure=20 current_book=1135 elapsed=53384.57s
2026-04-12 15:21:37,556 - INFO - 正文章节进度: 1714000/9554851 success=1713980 failure=20 current_book=1135 elapsed=53410.88s
2026-04-12 15:22:03,149 - INFO - 正文章节进度: 1715000/9554851 success=1714980 failure=20 current_book=1135 elapsed=53436.48s
2026-04-12 15:22:13,053 - INFO - 开始抓正文: book_id=1136 title=神级插班生 pending=8431
2026-04-12 15:22:29,900 - INFO - 正文章节进度: 1716000/9554851 success=1715980 failure=20 current_book=1136 elapsed=53463.23s
2026-04-12 15:22:54,991 - INFO - 正文章节进度: 1717000/9554851 success=1716980 failure=20 current_book=1136 elapsed=53488.32s
2026-04-12 15:23:20,699 - INFO - 正文章节进度: 1718000/9554851 success=1717980 failure=20 current_book=1136 elapsed=53514.03s
2026-04-12 15:23:46,469 - INFO - 正文章节进度: 1719000/9554851 success=1718980 failure=20 current_book=1136 elapsed=53539.80s
2026-04-12 15:24:13,359 - INFO - 正文章节进度: 1720000/9554851 success=1719980 failure=20 current_book=1136 elapsed=53566.69s
2026-04-12 15:24:39,170 - INFO - 正文章节进度: 1721000/9554851 success=1720980 failure=20 current_book=1136 elapsed=53592.50s
2026-04-12 15:25:04,754 - INFO - 正文章节进度: 1722000/9554851 success=1721980 failure=20 current_book=1136 elapsed=53618.08s
2026-04-12 15:25:30,596 - INFO - 正文章节进度: 1723000/9554851 success=1722980 failure=20 current_book=1136 elapsed=53643.92s
2026-04-12 15:25:50,971 - INFO - 开始抓正文: book_id=1137 title=寒门贵子 pending=827
2026-04-12 15:25:56,220 - INFO - 正文章节进度: 1724000/9554851 success=1723980 failure=20 current_book=1137 elapsed=53669.55s
2026-04-12 15:26:11,876 - INFO - 开始抓正文: book_id=1138 title=雷武 pending=6426
2026-04-12 15:26:21,854 - INFO - 正文章节进度: 1725000/9554851 success=1724980 failure=20 current_book=1138 elapsed=53695.18s
2026-04-12 15:26:47,175 - INFO - 正文章节进度: 1726000/9554851 success=1725980 failure=20 current_book=1138 elapsed=53720.50s
2026-04-12 15:27:12,247 - INFO - 正文章节进度: 1727000/9554851 success=1726980 failure=20 current_book=1138 elapsed=53745.58s
2026-04-12 15:27:37,919 - INFO - 正文章节进度: 1728000/9554851 success=1727980 failure=20 current_book=1138 elapsed=53771.25s
2026-04-12 15:28:03,428 - INFO - 正文章节进度: 1729000/9554851 success=1728980 failure=20 current_book=1138 elapsed=53796.76s
2026-04-12 15:28:29,233 - INFO - 正文章节进度: 1730000/9554851 success=1729980 failure=20 current_book=1138 elapsed=53822.56s
2026-04-12 15:28:55,132 - INFO - 正文章节进度: 1731000/9554851 success=1730980 failure=20 current_book=1138 elapsed=53848.46s
2026-04-12 15:28:56,001 - INFO - 开始抓正文: book_id=1139 title=疯狂农民工 pending=3907
2026-04-12 15:29:20,284 - INFO - 正文章节进度: 1732000/9554851 success=1731980 failure=20 current_book=1139 elapsed=53873.61s
2026-04-12 15:29:46,197 - INFO - 正文章节进度: 1733000/9554851 success=1732980 failure=20 current_book=1139 elapsed=53899.53s
2026-04-12 15:30:11,705 - INFO - 正文章节进度: 1734000/9554851 success=1733980 failure=20 current_book=1139 elapsed=53925.03s
2026-04-12 15:30:36,029 - INFO - 开始抓正文: book_id=1140 title=武逆 pending=5097
2026-04-12 15:30:37,608 - INFO - 正文章节进度: 1735000/9554851 success=1734980 failure=20 current_book=1140 elapsed=53950.94s
2026-04-12 15:31:02,939 - INFO - 正文章节进度: 1736000/9554851 success=1735980 failure=20 current_book=1140 elapsed=53976.27s
2026-04-12 15:31:28,025 - WARNING - 请求失败，稍后重试: url=https://apibi.cc/api/chapter?id=1140&chapterid=1286 attempt=1/5 error=HTTP Error 522: <none>
2026-04-12 15:31:59,974 - WARNING - 请求失败，稍后重试: url=https://apibi.cc/api/chapter?id=1140&chapterid=1334 attempt=1/5 error=The read operation timed out
2026-04-12 15:32:38,953 - WARNING - 请求失败，稍后重试: url=https://apibi.cc/api/chapter?id=1140&chapterid=2005 attempt=1/5 error=HTTP Error 522: <none>
2026-04-12 15:33:07,752 - WARNING - 请求失败，稍后重试: url=https://apibi.cc/api/chapter?id=1140&chapterid=2005 attempt=2/5 error=The read operation timed out
2026-04-12 15:33:14,152 - INFO - 正文章节进度: 1737000/9554851 success=1736980 failure=20 current_book=1140 elapsed=54107.48s
2026-04-12 15:33:42,057 - INFO - 正文章节进度: 1738000/9554851 success=1737980 failure=20 current_book=1140 elapsed=54135.38s
2026-04-12 15:34:07,412 - INFO - 正文章节进度: 1739000/9554851 success=1738980 failure=20 current_book=1140 elapsed=54160.74s
2026-04-12 15:34:33,289 - INFO - 正文章节进度: 1740000/9554851 success=1739980 failure=20 current_book=1140 elapsed=54186.62s
2026-04-12 15:34:34,246 - INFO - 正文书籍进度: 1140/10000 chapters=1740045/9554851 elapsed=54187.57s
2026-04-12 15:34:34,257 - INFO - 开始抓正文: book_id=1141 title=不灭武尊 pending=6860
2026-04-12 15:34:58,774 - INFO - 正文章节进度: 1741000/9554851 success=1740980 failure=20 current_book=1141 elapsed=54212.10s
2026-04-12 15:35:25,137 - INFO - 正文章节进度: 1742000/9554851 success=1741980 failure=20 current_book=1141 elapsed=54238.46s
2026-04-12 15:35:50,661 - INFO - 正文章节进度: 1743000/9554851 success=1742980 failure=20 current_book=1141 elapsed=54263.99s
2026-04-12 15:36:15,986 - INFO - 正文章节进度: 1744000/9554851 success=1743980 failure=20 current_book=1141 elapsed=54289.31s
2026-04-12 15:36:43,916 - INFO - 正文章节进度: 1745000/9554851 success=1744980 failure=20 current_book=1141 elapsed=54317.24s
2026-04-12 15:37:09,147 - INFO - 正文章节进度: 1746000/9554851 success=1745980 failure=20 current_book=1141 elapsed=54342.48s
2026-04-12 15:37:32,789 - INFO - 开始抓正文: book_id=1142 title=百炼飞升录 pending=8360
2026-04-12 15:37:35,259 - INFO - 正文章节进度: 1747000/9554851 success=1746980 failure=20 current_book=1142 elapsed=54368.59s
2026-04-12 15:38:00,596 - INFO - 正文章节进度: 1748000/9554851 success=1747980 failure=20 current_book=1142 elapsed=54393.92s
2026-04-12 15:38:26,189 - INFO - 正文章节进度: 1749000/9554851 success=1748980 failure=20 current_book=1142 elapsed=54419.52s
2026-04-12 15:38:51,449 - INFO - 正文章节进度: 1750000/9554851 success=1749980 failure=20 current_book=1142 elapsed=54444.78s
2026-04-12 15:39:17,235 - INFO - 正文章节进度: 1751000/9554851 success=1750980 failure=20 current_book=1142 elapsed=54470.56s
2026-04-12 15:39:42,957 - INFO - 正文章节进度: 1752000/9554851 success=1751980 failure=20 current_book=1142 elapsed=54496.29s
2026-04-12 15:40:08,727 - WARNING - 请求失败，稍后重试: url=https://apibi.cc/api/chapter?id=1142&chapterid=5355 attempt=1/5 error=HTTP Error 522: <none>
2026-04-12 15:40:41,031 - WARNING - 请求失败，稍后重试: url=https://apibi.cc/api/chapter?id=1142&chapterid=5411 attempt=1/5 error=The read operation timed out
2026-04-12 15:40:41,263 - WARNING - 请求失败，稍后重试: url=https://apibi.cc/api/chapter?id=1142&chapterid=5402 attempt=1/5 error=<urlopen error _ssl.c:1063: The handshake operation timed out>
2026-04-12 15:40:42,231 - WARNING - 请求失败，稍后重试: url=https://apibi.cc/api/chapter?id=1142&chapterid=5405 attempt=1/5 error=The read operation timed out
2026-04-12 15:40:48,079 - WARNING - 请求失败，稍后重试: url=https://apibi.cc/api/chapter?id=1142&chapterid=5412 attempt=1/5 error=The read operation timed out
2026-04-12 15:40:48,955 - WARNING - 请求失败，稍后重试: url=https://apibi.cc/api/chapter?id=1142&chapterid=5416 attempt=1/5 error=The read operation timed out
2026-04-12 15:41:02,482 - WARNING - 请求失败，稍后重试: url=https://apibi.cc/api/chapter?id=1142&chapterid=5411 attempt=2/5 error=<urlopen error _ssl.c:1063: The handshake operation timed out>
2026-04-12 15:41:08,977 - WARNING - 请求失败，稍后重试: url=https://apibi.cc/api/chapter?id=1142&chapterid=5402 attempt=2/5 error=The read operation timed out
2026-04-12 15:41:28,279 - INFO - 正文章节进度: 1753000/9554851 success=1752980 failure=20 current_book=1142 elapsed=54601.61s
2026-04-12 15:41:55,662 - INFO - 正文章节进度: 1754000/9554851 success=1753980 failure=20 current_book=1142 elapsed=54628.99s
2026-04-12 15:42:21,519 - INFO - 正文章节进度: 1755000/9554851 success=1754980 failure=20 current_book=1142 elapsed=54654.85s
2026-04-12 15:42:28,434 - INFO - 开始抓正文: book_id=1143 title=万古最强宗 pending=1084
2026-04-12 15:42:47,802 - INFO - 正文章节进度: 1756000/9554851 success=1755980 failure=20 current_book=1143 elapsed=54681.13s
2026-04-12 15:42:56,805 - INFO - 开始抓正文: book_id=1144 title=斩月 pending=1670
2026-04-12 15:43:14,648 - INFO - 正文章节进度: 1757000/9554851 success=1756980 failure=20 current_book=1144 elapsed=54707.98s
2026-04-12 15:43:49,397 - WARNING - 请求失败，稍后重试: url=https://apibi.cc/api/chapter?id=1144&chapterid=1265 attempt=1/5 error=HTTP Error 522: <none>
2026-04-12 15:44:04,761 - INFO - 正文章节进度: 1758000/9554851 success=1757980 failure=20 current_book=1144 elapsed=54758.09s
2026-04-12 15:44:05,360 - INFO - 开始抓正文: book_id=1145 title=万古第一神 pending=7337
2026-04-12 15:44:25,750 - WARNING - 请求失败，稍后重试: url=https://apibi.cc/api/chapter?id=1145&chapterid=35 attempt=1/5 error=HTTP Error 522: <none>
2026-04-12 15:44:58,885 - INFO - 正文章节进度: 1759000/9554851 success=1758980 failure=20 current_book=1145 elapsed=54812.21s
2026-04-12 15:45:25,487 - INFO - 正文章节进度: 1760000/9554851 success=1759980 failure=20 current_book=1145 elapsed=54838.82s
2026-04-12 15:45:50,525 - INFO - 正文章节进度: 1761000/9554851 success=1760980 failure=20 current_book=1145 elapsed=54863.85s
2026-04-12 15:46:15,969 - INFO - 正文章节进度: 1762000/9554851 success=1761980 failure=20 current_book=1145 elapsed=54889.30s
2026-04-12 15:46:47,033 - WARNING - 请求失败，稍后重试: url=https://apibi.cc/api/chapter?id=1145&chapterid=4444 attempt=1/5 error=HTTP Error 522: <none>
2026-04-12 15:47:05,568 - INFO - 正文章节进度: 1763000/9554851 success=1762980 failure=20 current_book=1145 elapsed=54938.90s
2026-04-12 15:47:31,769 - INFO - 正文章节进度: 1764000/9554851 success=1763980 failure=20 current_book=1145 elapsed=54965.10s
2026-04-12 15:47:59,025 - INFO - 正文章节进度: 1765000/9554851 success=1764980 failure=20 current_book=1145 elapsed=54992.35s
2026-04-12 15:48:08,475 - INFO - 开始抓正文: book_id=1146 title=第九特区 pending=2812
2026-04-12 15:48:24,888 - INFO - 正文章节进度: 1766000/9554851 success=1765980 failure=20 current_book=1146 elapsed=55018.22s
2026-04-12 15:48:49,988 - INFO - 正文章节进度: 1767000/9554851 success=1766980 failure=20 current_book=1146 elapsed=55043.32s
2026-04-12 15:49:15,808 - INFO - 正文章节进度: 1768000/9554851 success=1767980 failure=20 current_book=1146 elapsed=55069.14s
2026-04-12 15:49:20,001 - INFO - 开始抓正文: book_id=1147 title=从天后演唱会出道 pending=509
2026-04-12 15:49:33,505 - INFO - 开始抓正文: book_id=1148 title=近战狂兵 pending=5604
2026-04-12 15:49:41,564 - INFO - 正文章节进度: 1769000/9554851 success=1768980 failure=20 current_book=1148 elapsed=55094.89s
2026-04-12 15:50:07,290 - INFO - 正文章节进度: 1770000/9554851 success=1769980 failure=20 current_book=1148 elapsed=55120.62s
2026-04-12 15:50:32,816 - INFO - 正文章节进度: 1771000/9554851 success=1770980 failure=20 current_book=1148 elapsed=55146.14s
2026-04-12 15:51:02,007 - WARNING - 请求失败，稍后重试: url=https://apibi.cc/api/chapter?id=1148&chapterid=2699 attempt=1/5 error=HTTP Error 522: <none>
2026-04-12 15:51:32,908 - INFO - 正文章节进度: 1772000/9554851 success=1771980 failure=20 current_book=1148 elapsed=55206.24s
2026-04-12 15:51:57,629 - WARNING - 请求失败，稍后重试: url=https://apibi.cc/api/chapter?id=1148&chapterid=3509 attempt=1/5 error=HTTP Error 522: <none>
2026-04-12 15:52:26,479 - WARNING - 请求失败，稍后重试: url=https://apibi.cc/api/chapter?id=1148&chapterid=3602 attempt=1/5 error=The read operation timed out
2026-04-12 15:52:48,936 - INFO - 正文章节进度: 1773000/9554851 success=1772980 failure=20 current_book=1148 elapsed=55282.26s
2026-04-12 15:53:20,013 - WARNING - 请求失败，稍后重试: url=https://apibi.cc/api/chapter?id=1148&chapterid=4784 attempt=1/5 error=HTTP Error 522: <none>
2026-04-12 15:53:52,824 - WARNING - 请求失败，稍后重试: url=https://apibi.cc/api/chapter?id=1148&chapterid=4813 attempt=1/5 error=The read operation timed out
2026-04-12 15:53:52,908 - WARNING - 请求失败，稍后重试: url=https://apibi.cc/api/chapter?id=1148&chapterid=4812 attempt=1/5 error=The read operation timed out
2026-04-12 15:54:27,078 - WARNING - 请求失败，稍后重试: url=https://apibi.cc/api/chapter?id=1148&chapterid=5246 attempt=1/5 error=HTTP Error 522: <none>
2026-04-12 15:54:40,241 - INFO - 正文章节进度: 1774000/9554851 success=1773980 failure=20 current_book=1148 elapsed=55393.57s
2026-04-12 15:54:57,121 - WARNING - 请求失败，稍后重试: url=https://apibi.cc/api/chapter?id=1148&chapterid=5293 attempt=1/5 error=The read operation timed out
2026-04-12 15:54:57,855 - WARNING - 请求失败，稍后重试: url=https://apibi.cc/api/chapter?id=1148&chapterid=5292 attempt=1/5 error=The read operation timed out
2026-04-12 15:54:58,859 - WARNING - 请求失败，稍后重试: url=https://apibi.cc/api/chapter?id=1148&chapterid=5285 attempt=1/5 error=The read operation timed out
2026-04-12 15:55:12,102 - INFO - 开始抓正文: book_id=1149 title=归一 pending=986
2026-04-12 15:55:38,483 - WARNING - 请求失败，稍后重试: url=https://apibi.cc/api/chapter?id=1149&chapterid=246 attempt=1/5 error=HTTP Error 522: <none>
2026-04-12 15:56:06,774 - WARNING - 请求失败，稍后重试: url=https://apibi.cc/api/chapter?id=1149&chapterid=246 attempt=2/5 error=The read operation timed out
2026-04-12 15:56:29,125 - WARNING - 请求失败，稍后重试: url=https://apibi.cc/api/chapter?id=1149&chapterid=246 attempt=3/5 error=<urlopen error _ssl.c:1063: The handshake operation timed out>
2026-04-12 15:56:48,108 - INFO - 正文章节进度: 1775000/9554851 success=1774980 failure=20 current_book=1149 elapsed=55521.44s
2026-04-12 15:56:55,813 - INFO - 开始抓正文: book_id=1150 title=正道潜龙 pending=2068
2026-04-12 15:57:16,001 - INFO - 正文章节进度: 1776000/9554851 success=1775980 failure=20 current_book=1150 elapsed=55549.33s
2026-04-12 15:57:41,687 - INFO - 正文章节进度: 1777000/9554851 success=1776980 failure=20 current_book=1150 elapsed=55575.02s
2026-04-12 15:57:50,482 - INFO - 开始抓正文: book_id=1151 title=人皇纪 pending=2467
2026-04-12 15:58:07,757 - INFO - 正文章节进度: 1778000/9554851 success=1777980 failure=20 current_book=1151 elapsed=55601.09s
2026-04-12 15:58:33,413 - INFO - 正文章节进度: 1779000/9554851 success=1778980 failure=20 current_book=1151 elapsed=55626.74s
2026-04-12 15:58:53,955 - INFO - 开始抓正文: book_id=1152 title=九星霸体诀 pending=7133
2026-04-12 15:58:58,992 - INFO - 正文章节进度: 1780000/9554851 success=1779980 failure=20 current_book=1152 elapsed=55652.32s
2026-04-12 15:59:24,423 - INFO - 正文章节进度: 1781000/9554851 success=1780980 failure=20 current_book=1152 elapsed=55677.75s
2026-04-12 15:59:50,712 - INFO - 正文章节进度: 1782000/9554851 success=1781980 failure=20 current_book=1152 elapsed=55704.04s
2026-04-12 16:00:16,380 - INFO - 正文章节进度: 1783000/9554851 success=1782980 failure=20 current_book=1152 elapsed=55729.71s
2026-04-12 16:00:41,511 - INFO - 正文章节进度: 1784000/9554851 success=1783980 failure=20 current_book=1152 elapsed=55754.84s
2026-04-12 16:01:07,658 - INFO - 正文章节进度: 1785000/9554851 success=1784980 failure=20 current_book=1152 elapsed=55780.99s
2026-04-12 16:01:33,730 - INFO - 正文章节进度: 1786000/9554851 success=1785980 failure=20 current_book=1152 elapsed=55807.06s
2026-04-12 16:01:58,276 - INFO - 开始抓正文: book_id=1153 title=终极教官 pending=2130
2026-04-12 16:02:00,075 - INFO - 正文章节进度: 1787000/9554851 success=1786980 failure=20 current_book=1153 elapsed=55833.40s
2026-04-12 16:02:25,266 - INFO - 正文章节进度: 1788000/9554851 success=1787980 failure=20 current_book=1153 elapsed=55858.59s
2026-04-12 16:02:51,251 - INFO - 正文章节进度: 1789000/9554851 success=1788980 failure=20 current_book=1153 elapsed=55884.58s
2026-04-12 16:02:52,737 - INFO - 开始抓正文: book_id=1154 title=龙血战神 pending=6138
2026-04-12 16:03:16,598 - INFO - 正文章节进度: 1790000/9554851 success=1789980 failure=20 current_book=1154 elapsed=55909.93s
2026-04-12 16:03:42,180 - INFO - 正文章节进度: 1791000/9554851 success=1790980 failure=20 current_book=1154 elapsed=55935.51s
2026-04-12 16:04:05,636 - WARNING - 请求失败，稍后重试: url=https://apibi.cc/api/chapter?id=1154&chapterid=2094 attempt=1/5 error=HTTP Error 522: <none>
2026-04-12 16:04:34,777 - WARNING - 请求失败，稍后重试: url=https://apibi.cc/api/chapter?id=1154&chapterid=2173 attempt=1/5 error=The read operation timed out
2026-04-12 16:04:37,341 - WARNING - 请求失败，稍后重试: url=https://apibi.cc/api/chapter?id=1154&chapterid=2165 attempt=1/5 error=The read operation timed out
2026-04-12 16:04:39,450 - WARNING - 请求失败，稍后重试: url=https://apibi.cc/api/chapter?id=1154&chapterid=2174 attempt=1/5 error=The read operation timed out
2026-04-12 16:05:00,923 - INFO - 正文章节进度: 1792000/9554851 success=1791980 failure=20 current_book=1154 elapsed=56014.25s
2026-04-12 16:05:27,433 - INFO - 正文章节进度: 1793000/9554851 success=1792980 failure=20 current_book=1154 elapsed=56040.76s
2026-04-12 16:05:54,071 - INFO - 正文章节进度: 1794000/9554851 success=1793980 failure=20 current_book=1154 elapsed=56067.40s
2026-04-12 16:06:19,672 - INFO - 正文章节进度: 1795000/9554851 success=1794980 failure=20 current_book=1154 elapsed=56093.00s
2026-04-12 16:06:25,066 - INFO - 开始抓正文: book_id=1155 title=修罗武神 pending=6682
2026-04-12 16:06:45,039 - INFO - 正文章节进度: 1796000/9554851 success=1795980 failure=20 current_book=1155 elapsed=56118.37s
2026-04-12 16:07:10,319 - INFO - 正文章节进度: 1797000/9554851 success=1796980 failure=20 current_book=1155 elapsed=56143.65s
2026-04-12 16:07:35,959 - INFO - 正文章节进度: 1798000/9554851 success=1797980 failure=20 current_book=1155 elapsed=56169.29s
2026-04-12 16:08:01,329 - INFO - 正文章节进度: 1799000/9554851 success=1798980 failure=20 current_book=1155 elapsed=56194.66s
2026-04-12 16:08:27,015 - INFO - 正文章节进度: 1800000/9554851 success=1799980 failure=20 current_book=1155 elapsed=56220.34s
2026-04-12 16:08:53,458 - INFO - 正文章节进度: 1801000/9554851 success=1800980 failure=20 current_book=1155 elapsed=56246.79s
2026-04-12 16:09:15,978 - INFO - 开始抓正文: book_id=1156 title=混沌剑神 pending=4192
2026-04-12 16:09:18,851 - INFO - 正文章节进度: 1802000/9554851 success=1801980 failure=20 current_book=1156 elapsed=56272.18s
2026-04-12 16:09:44,171 - INFO - 正文章节进度: 1803000/9554851 success=1802980 failure=20 current_book=1156 elapsed=56297.50s
2026-04-12 16:10:09,410 - INFO - 正文章节进度: 1804000/9554851 success=1803980 failure=20 current_book=1156 elapsed=56322.74s
2026-04-12 16:10:34,784 - INFO - 正文章节进度: 1805000/9554851 success=1804980 failure=20 current_book=1156 elapsed=56348.11s
2026-04-12 16:11:00,525 - INFO - 正文章节进度: 1806000/9554851 success=1805980 failure=20 current_book=1156 elapsed=56373.85s
2026-04-12 16:11:02,345 - INFO - 开始抓正文: book_id=1157 title=全职国医 pending=1696
2026-04-12 16:11:25,588 - INFO - 正文章节进度: 1807000/9554851 success=1806980 failure=20 current_book=1157 elapsed=56398.92s
2026-04-12 16:11:45,559 - INFO - 开始抓正文: book_id=1158 title=都市无敌战神 pending=1634
2026-04-12 16:11:51,315 - INFO - 正文章节进度: 1808000/9554851 success=1807980 failure=20 current_book=1158 elapsed=56424.64s
2026-04-12 18:29:51,777 - INFO - 导出分片: book_id=1-1000
2026-04-12 18:33:07,284 - INFO - 导出分片: book_id=1-20
2026-04-12 18:35:09,874 - INFO - 导出分片: book_id=1-20
2026-04-12 18:35:14,983 - INFO - 分片未变化，跳过重导出: books_000001_000020.db
2026-04-12 18:36:05,650 - INFO - 导出分片: book_id=1-1000
2026-04-12 18:36:40,887 - INFO - 导出分片: book_id=1-1000
2026-04-12 18:41:12,834 - INFO - 导出分片: book_id=1-1000
2026-04-12 18:45:48,025 - INFO - 分片未变化，跳过重导出: books_000001_000020.db
2026-04-12 18:49:17,565 - INFO - 分片未变化，跳过重导出: books_000001_000020.db
2026-04-12 18:49:19,489 - INFO - 分片未变化，跳过重导出: books_000001_000020.db
2026-04-12 18:49:47,897 - INFO - 分片未变化，跳过重导出: books_000001_000020.db
2026-04-12 18:49:48,860 - INFO - 分片未变化，跳过重导出: books_000001_000020.db
2026-04-12 18:52:52,547 - INFO - 导出分片: book_id=1-1000
2026-04-12 18:55:20,863 - INFO - 检测到已导出进度，自动续跑: start=1 -> 1001
2026-04-12 18:55:29,551 - INFO - 导出分片: 1/1 book_id=1001-2000
2026-04-12 18:56:22,931 - INFO - 分片完成: 1/1 shard=books_001001_002000.db size_bytes=3808804864
2026-04-12 18:58:36,129 - INFO - 导出分片: 1/1 book_id=1-200
2026-04-12 18:58:59,737 - INFO - 分片完成: 1/1 shard=books_000001_000200.db size_bytes=2477379584
2026-04-12 19:41:48,882 - INFO - 导出分片: 1/50 book_id=1-200
2026-04-12 19:42:19,428 - INFO - 分片完成: 1/50 shard=books_000001_000200.db size_bytes=2477379584
2026-04-12 19:42:25,595 - INFO - 导出分片: 2/50 book_id=201-400
2026-04-12 19:43:07,934 - INFO - 分片完成: 2/50 shard=books_000201_000400.db size_bytes=2902519808
2026-04-12 19:43:18,049 - INFO - 导出分片: 3/50 book_id=401-600
2026-04-12 19:44:25,232 - INFO - 分片完成: 3/50 shard=books_000401_000600.db size_bytes=4014309376
2026-04-12 19:44:31,953 - INFO - 导出分片: 4/50 book_id=601-800
2026-04-12 19:45:18,488 - INFO - 分片完成: 4/50 shard=books_000601_000800.db size_bytes=2826366976
2026-04-12 19:45:26,624 - INFO - 导出分片: 5/50 book_id=801-1000
2026-04-12 19:46:21,276 - INFO - 分片完成: 5/50 shard=books_000801_001000.db size_bytes=2432905216
2026-04-12 19:46:31,648 - INFO - 导出分片: 6/50 book_id=1001-1200
2026-04-12 19:47:49,363 - INFO - 分片完成: 6/50 shard=books_001001_001200.db size_bytes=3599466496
2026-04-12 19:47:50,262 - INFO - 导出分片: 7/50 book_id=1201-1400
2026-04-12 19:47:51,097 - INFO - 分片完成: 7/50 shard=books_001201_001400.db size_bytes=73170944
2026-04-12 19:47:51,588 - INFO - 导出分片: 8/50 book_id=1401-1600
2026-04-12 19:47:52,215 - INFO - 分片完成: 8/50 shard=books_001401_001600.db size_bytes=57286656
2026-04-12 19:47:52,718 - INFO - 导出分片: 9/50 book_id=1601-1800
2026-04-12 19:47:53,188 - INFO - 分片完成: 9/50 shard=books_001601_001800.db size_bytes=41721856
2026-04-12 19:47:53,276 - INFO - 导出分片: 10/50 book_id=1801-2000
2026-04-12 19:47:53,701 - INFO - 分片完成: 10/50 shard=books_001801_002000.db size_bytes=36941824
2026-04-12 19:47:53,812 - INFO - 导出分片: 11/50 book_id=2001-2200
2026-04-12 19:47:54,272 - INFO - 分片完成: 11/50 shard=books_002001_002200.db size_bytes=41881600
2026-04-12 19:47:54,435 - INFO - 导出分片: 12/50 book_id=2201-2400
2026-04-12 19:47:55,229 - INFO - 分片完成: 12/50 shard=books_002201_002400.db size_bytes=71786496
2026-04-12 19:47:55,337 - INFO - 导出分片: 13/50 book_id=2401-2600
2026-04-12 19:47:55,919 - INFO - 分片完成: 13/50 shard=books_002401_002600.db size_bytes=44490752
2026-04-12 19:47:56,304 - INFO - 导出分片: 14/50 book_id=2601-2800
2026-04-12 19:47:56,860 - INFO - 分片完成: 14/50 shard=books_002601_002800.db size_bytes=31002624
2026-04-12 19:47:57,474 - INFO - 导出分片: 15/50 book_id=2801-3000
2026-04-12 19:47:58,048 - INFO - 分片完成: 15/50 shard=books_002801_003000.db size_bytes=46440448
2026-04-12 19:47:58,110 - INFO - 导出分片: 16/50 book_id=3001-3200
2026-04-12 19:47:58,371 - INFO - 分片完成: 16/50 shard=books_003001_003200.db size_bytes=22462464
2026-04-12 19:47:58,436 - INFO - 导出分片: 17/50 book_id=3201-3400
2026-04-12 19:47:58,723 - INFO - 分片完成: 17/50 shard=books_003201_003400.db size_bytes=25681920
2026-04-12 19:47:58,793 - INFO - 导出分片: 18/50 book_id=3401-3600
2026-04-12 19:47:59,122 - INFO - 分片完成: 18/50 shard=books_003401_003600.db size_bytes=29597696
2026-04-12 19:47:59,209 - INFO - 导出分片: 19/50 book_id=3601-3800
2026-04-12 19:47:59,612 - INFO - 分片完成: 19/50 shard=books_003601_003800.db size_bytes=35528704
2026-04-12 19:48:00,092 - INFO - 导出分片: 20/50 book_id=3801-4000
2026-04-12 19:48:00,494 - INFO - 分片完成: 20/50 shard=books_003801_004000.db size_bytes=36503552
2026-04-12 19:48:00,585 - INFO - 导出分片: 21/50 book_id=4001-4200
2026-04-12 19:48:00,958 - INFO - 分片完成: 21/50 shard=books_004001_004200.db size_bytes=33734656
2026-04-12 19:48:01,040 - INFO - 导出分片: 22/50 book_id=4201-4400
2026-04-12 19:48:01,364 - INFO - 分片完成: 22/50 shard=books_004201_004400.db size_bytes=29138944
2026-04-12 19:48:01,430 - INFO - 导出分片: 23/50 book_id=4401-4600
2026-04-12 19:48:01,697 - INFO - 分片完成: 23/50 shard=books_004401_004600.db size_bytes=24961024
2026-04-12 19:48:01,709 - INFO - 导出分片: 24/50 book_id=4601-4800
2026-04-12 19:48:01,742 - INFO - 分片完成: 24/50 shard=books_004601_004800.db size_bytes=3026944
2026-04-12 19:48:01,812 - INFO - 导出分片: 25/50 book_id=4801-5000
2026-04-12 19:48:02,114 - INFO - 分片完成: 25/50 shard=books_004801_005000.db size_bytes=27435008
2026-04-12 19:48:02,218 - INFO - 导出分片: 26/50 book_id=5001-5200
2026-04-12 19:48:02,647 - INFO - 分片完成: 26/50 shard=books_005001_005200.db size_bytes=38998016
2026-04-12 19:48:02,746 - INFO - 导出分片: 27/50 book_id=5201-5400
2026-04-12 19:48:03,168 - INFO - 分片完成: 27/50 shard=books_005201_005400.db size_bytes=36401152
2026-04-12 19:48:03,257 - INFO - 导出分片: 28/50 book_id=5401-5600
2026-04-12 19:48:03,635 - INFO - 分片完成: 28/50 shard=books_005401_005600.db size_bytes=33247232
2026-04-12 19:48:03,723 - INFO - 导出分片: 29/50 book_id=5601-5800
2026-04-12 19:48:04,086 - INFO - 分片完成: 29/50 shard=books_005601_005800.db size_bytes=32587776
2026-04-12 19:48:04,191 - INFO - 导出分片: 30/50 book_id=5801-6000
2026-04-12 19:48:04,592 - INFO - 分片完成: 30/50 shard=books_005801_006000.db size_bytes=36421632
2026-04-12 19:48:04,691 - INFO - 导出分片: 31/50 book_id=6001-6200
2026-04-12 19:48:05,066 - INFO - 分片完成: 31/50 shard=books_006001_006200.db size_bytes=33718272
2026-04-12 19:48:05,165 - INFO - 导出分片: 32/50 book_id=6201-6400
2026-04-12 19:48:05,551 - INFO - 分片完成: 32/50 shard=books_006201_006400.db size_bytes=34775040
2026-04-12 19:48:05,664 - INFO - 导出分片: 33/50 book_id=6401-6600
2026-04-12 19:48:06,078 - INFO - 分片完成: 33/50 shard=books_006401_006600.db size_bytes=37203968
2026-04-12 19:48:06,136 - INFO - 导出分片: 34/50 book_id=6601-6800
2026-04-12 19:48:06,342 - INFO - 分片完成: 34/50 shard=books_006601_006800.db size_bytes=18386944
2026-04-12 19:48:06,407 - INFO - 导出分片: 35/50 book_id=6801-7000
2026-04-12 19:48:06,648 - INFO - 分片完成: 35/50 shard=books_006801_007000.db size_bytes=21352448
2026-04-12 19:48:06,726 - INFO - 导出分片: 36/50 book_id=7001-7200
2026-04-12 19:48:07,037 - INFO - 分片完成: 36/50 shard=books_007001_007200.db size_bytes=24846336
2026-04-12 19:48:07,123 - INFO - 导出分片: 37/50 book_id=7201-7400
2026-04-12 19:48:07,462 - INFO - 分片完成: 37/50 shard=books_007201_007400.db size_bytes=29396992
2026-04-12 19:48:07,535 - INFO - 导出分片: 38/50 book_id=7401-7600
2026-04-12 19:48:07,790 - INFO - 分片完成: 38/50 shard=books_007401_007600.db size_bytes=22929408
2026-04-12 19:48:07,860 - INFO - 导出分片: 39/50 book_id=7601-7800
2026-04-12 19:48:08,083 - INFO - 分片完成: 39/50 shard=books_007601_007800.db size_bytes=20574208
2026-04-12 19:48:08,140 - INFO - 导出分片: 40/50 book_id=7801-8000
2026-04-12 19:48:08,328 - INFO - 分片完成: 40/50 shard=books_007801_008000.db size_bytes=15081472
2026-04-12 19:48:08,403 - INFO - 导出分片: 41/50 book_id=8001-8200
2026-04-12 19:48:08,693 - INFO - 分片完成: 41/50 shard=books_008001_008200.db size_bytes=23863296
2026-04-12 19:48:08,770 - INFO - 导出分片: 42/50 book_id=8201-8400
2026-04-12 19:48:09,028 - INFO - 分片完成: 42/50 shard=books_008201_008400.db size_bytes=23949312
2026-04-12 19:48:09,105 - INFO - 导出分片: 43/50 book_id=8401-8600
2026-04-12 19:48:09,354 - INFO - 分片完成: 43/50 shard=books_008401_008600.db size_bytes=22298624
2026-04-12 19:48:09,434 - INFO - 导出分片: 44/50 book_id=8601-8800
2026-04-12 19:48:09,670 - INFO - 分片完成: 44/50 shard=books_008601_008800.db size_bytes=21553152
2026-04-12 19:48:09,738 - INFO - 导出分片: 45/50 book_id=8801-9000
2026-04-12 19:48:09,951 - INFO - 分片完成: 45/50 shard=books_008801_009000.db size_bytes=18427904
2026-04-12 19:48:10,022 - INFO - 导出分片: 46/50 book_id=9001-9200
2026-04-12 19:48:10,241 - INFO - 分片完成: 46/50 shard=books_009001_009200.db size_bytes=20140032
2026-04-12 19:48:10,323 - INFO - 导出分片: 47/50 book_id=9201-9400
2026-04-12 19:48:10,597 - INFO - 分片完成: 47/50 shard=books_009201_009400.db size_bytes=24666112
2026-04-12 19:48:10,658 - INFO - 导出分片: 48/50 book_id=9401-9600
2026-04-12 19:48:10,842 - INFO - 分片完成: 48/50 shard=books_009401_009600.db size_bytes=17076224
2026-04-12 19:48:10,904 - INFO - 导出分片: 49/50 book_id=9601-9800
2026-04-12 19:48:11,107 - INFO - 分片完成: 49/50 shard=books_009601_009800.db size_bytes=18194432
2026-04-12 19:48:11,174 - INFO - 导出分片: 50/50 book_id=9801-10000
2026-04-12 19:48:11,403 - INFO - 分片完成: 50/50 shard=books_009801_010000.db size_bytes=21180416
2026-04-12 21:21:08,005 - INFO - 导出分片: 1/50 book_id=1-200
2026-04-12 21:23:48,687 - INFO - 导出分片: 1/50 book_id=1-200
2026-04-12 21:24:27,400 - INFO - 分片完成: 1/50 shard=books_000001_000200.db size_bytes=2477379584
2026-04-12 21:24:36,726 - INFO - 导出分片: 2/50 book_id=201-400
2026-04-12 21:25:30,075 - INFO - 分片完成: 2/50 shard=books_000201_000400.db size_bytes=2902519808
2026-04-12 21:25:41,008 - INFO - 导出分片: 3/50 book_id=401-600
2026-04-12 21:26:40,750 - INFO - 分片完成: 3/50 shard=books_000401_000600.db size_bytes=4014309376
2026-04-12 21:26:47,470 - INFO - 导出分片: 4/50 book_id=601-800
2026-04-12 21:27:24,960 - INFO - 分片完成: 4/50 shard=books_000601_000800.db size_bytes=2826366976
2026-04-12 21:27:30,438 - INFO - 导出分片: 5/50 book_id=801-1000
2026-04-12 21:28:03,191 - INFO - 分片完成: 5/50 shard=books_000801_001000.db size_bytes=2432905216
2026-04-12 21:28:11,628 - INFO - 导出分片: 6/50 book_id=1001-1200
2026-04-12 21:29:19,209 - INFO - 分片完成: 6/50 shard=books_001001_001200.db size_bytes=3599466496
2026-04-12 21:29:19,394 - INFO - 导出分片: 7/50 book_id=1201-1400
2026-04-12 21:29:20,218 - INFO - 分片完成: 7/50 shard=books_001201_001400.db size_bytes=73170944
2026-04-12 21:29:21,002 - INFO - 导出分片: 8/50 book_id=1401-1600
2026-04-12 21:29:21,666 - INFO - 分片完成: 8/50 shard=books_001401_001600.db size_bytes=57286656
2026-04-12 21:29:21,890 - INFO - 导出分片: 9/50 book_id=1601-1800
2026-04-12 21:29:22,368 - INFO - 分片完成: 9/50 shard=books_001601_001800.db size_bytes=41721856
2026-04-12 21:29:22,478 - INFO - 导出分片: 10/50 book_id=1801-2000
2026-04-12 21:29:22,897 - INFO - 分片完成: 10/50 shard=books_001801_002000.db size_bytes=36941824
2026-04-12 21:29:23,014 - INFO - 导出分片: 11/50 book_id=2001-2200
2026-04-12 21:29:23,511 - INFO - 分片完成: 11/50 shard=books_002001_002200.db size_bytes=41881600
2026-04-12 21:29:23,693 - INFO - 导出分片: 12/50 book_id=2201-2400
2026-04-12 21:29:24,498 - INFO - 分片完成: 12/50 shard=books_002201_002400.db size_bytes=71786496
2026-04-12 21:29:24,630 - INFO - 导出分片: 13/50 book_id=2401-2600
2026-04-12 21:29:25,148 - INFO - 分片完成: 13/50 shard=books_002401_002600.db size_bytes=44490752
2026-04-12 21:29:25,252 - INFO - 导出分片: 14/50 book_id=2601-2800
2026-04-12 21:29:25,602 - INFO - 分片完成: 14/50 shard=books_002601_002800.db size_bytes=31002624
2026-04-12 21:29:25,743 - INFO - 导出分片: 15/50 book_id=2801-3000
2026-04-12 21:29:26,273 - INFO - 分片完成: 15/50 shard=books_002801_003000.db size_bytes=46440448
2026-04-12 21:29:26,353 - INFO - 导出分片: 16/50 book_id=3001-3200
2026-04-12 21:29:26,603 - INFO - 分片完成: 16/50 shard=books_003001_003200.db size_bytes=22462464
2026-04-12 21:29:26,685 - INFO - 导出分片: 17/50 book_id=3201-3400
2026-04-12 21:29:26,979 - INFO - 分片完成: 17/50 shard=books_003201_003400.db size_bytes=25681920
2026-04-12 21:29:27,072 - INFO - 导出分片: 18/50 book_id=3401-3600
2026-04-12 21:29:27,402 - INFO - 分片完成: 18/50 shard=books_003401_003600.db size_bytes=29597696
2026-04-12 21:29:27,506 - INFO - 导出分片: 19/50 book_id=3601-3800
2026-04-12 21:29:27,932 - INFO - 分片完成: 19/50 shard=books_003601_003800.db size_bytes=35528704
2026-04-12 21:29:28,051 - INFO - 导出分片: 20/50 book_id=3801-4000
2026-04-12 21:29:28,496 - INFO - 分片完成: 20/50 shard=books_003801_004000.db size_bytes=36503552
2026-04-12 21:29:28,611 - INFO - 导出分片: 21/50 book_id=4001-4200
2026-04-12 21:29:29,003 - INFO - 分片完成: 21/50 shard=books_004001_004200.db size_bytes=33734656
2026-04-12 21:29:29,104 - INFO - 导出分片: 22/50 book_id=4201-4400
2026-04-12 21:29:29,431 - INFO - 分片完成: 22/50 shard=books_004201_004400.db size_bytes=29138944
2026-04-12 21:29:29,519 - INFO - 导出分片: 23/50 book_id=4401-4600
2026-04-12 21:29:29,818 - INFO - 分片完成: 23/50 shard=books_004401_004600.db size_bytes=24961024
2026-04-12 21:29:29,848 - INFO - 导出分片: 24/50 book_id=4601-4800
2026-04-12 21:29:29,884 - INFO - 分片完成: 24/50 shard=books_004601_004800.db size_bytes=3026944
2026-04-12 21:29:29,958 - INFO - 导出分片: 25/50 book_id=4801-5000
2026-04-12 21:29:30,284 - INFO - 分片完成: 25/50 shard=books_004801_005000.db size_bytes=27435008
2026-04-12 21:29:30,412 - INFO - 导出分片: 26/50 book_id=5001-5200
2026-04-12 21:29:30,861 - INFO - 分片完成: 26/50 shard=books_005001_005200.db size_bytes=38998016
2026-04-12 21:29:31,297 - INFO - 导出分片: 27/50 book_id=5201-5400
2026-04-12 21:29:31,767 - INFO - 分片完成: 27/50 shard=books_005201_005400.db size_bytes=36401152
2026-04-12 21:29:32,299 - INFO - 导出分片: 28/50 book_id=5401-5600
2026-04-12 21:29:32,780 - INFO - 分片完成: 28/50 shard=books_005401_005600.db size_bytes=33247232
2026-04-12 21:29:32,900 - INFO - 导出分片: 29/50 book_id=5601-5800
2026-04-12 21:29:33,283 - INFO - 分片完成: 29/50 shard=books_005601_005800.db size_bytes=32587776
2026-04-12 21:29:33,414 - INFO - 导出分片: 30/50 book_id=5801-6000
2026-04-12 21:29:33,843 - INFO - 分片完成: 30/50 shard=books_005801_006000.db size_bytes=36421632
2026-04-12 21:29:33,962 - INFO - 导出分片: 31/50 book_id=6001-6200
2026-04-12 21:29:34,352 - INFO - 分片完成: 31/50 shard=books_006001_006200.db size_bytes=33718272
2026-04-12 21:29:34,494 - INFO - 导出分片: 32/50 book_id=6201-6400
2026-04-12 21:29:34,904 - INFO - 分片完成: 32/50 shard=books_006201_006400.db size_bytes=34775040
2026-04-12 21:29:35,038 - INFO - 导出分片: 33/50 book_id=6401-6600
2026-04-12 21:29:35,480 - INFO - 分片完成: 33/50 shard=books_006401_006600.db size_bytes=37203968
2026-04-12 21:29:35,563 - INFO - 导出分片: 34/50 book_id=6601-6800
2026-04-12 21:29:35,772 - INFO - 分片完成: 34/50 shard=books_006601_006800.db size_bytes=18386944
2026-04-12 21:29:35,864 - INFO - 导出分片: 35/50 book_id=6801-7000
2026-04-12 21:29:36,119 - INFO - 分片完成: 35/50 shard=books_006801_007000.db size_bytes=21352448
2026-04-12 21:29:36,214 - INFO - 导出分片: 36/50 book_id=7001-7200
2026-04-12 21:29:36,513 - INFO - 分片完成: 36/50 shard=books_007001_007200.db size_bytes=24846336
2026-04-12 21:29:36,618 - INFO - 导出分片: 37/50 book_id=7201-7400
2026-04-12 21:29:36,949 - INFO - 分片完成: 37/50 shard=books_007201_007400.db size_bytes=29396992
2026-04-12 21:29:37,047 - INFO - 导出分片: 38/50 book_id=7401-7600
2026-04-12 21:29:37,336 - INFO - 分片完成: 38/50 shard=books_007401_007600.db size_bytes=22929408
2026-04-12 21:29:37,791 - INFO - 导出分片: 39/50 book_id=7601-7800
2026-04-12 21:29:38,036 - INFO - 分片完成: 39/50 shard=books_007601_007800.db size_bytes=20574208
2026-04-12 21:29:38,240 - INFO - 导出分片: 40/50 book_id=7801-8000
2026-04-12 21:29:38,416 - INFO - 分片完成: 40/50 shard=books_007801_008000.db size_bytes=15081472
2026-04-12 21:29:38,509 - INFO - 导出分片: 41/50 book_id=8001-8200
2026-04-12 21:29:38,798 - INFO - 分片完成: 41/50 shard=books_008001_008200.db size_bytes=23863296
2026-04-12 21:29:38,899 - INFO - 导出分片: 42/50 book_id=8201-8400
2026-04-12 21:29:39,177 - INFO - 分片完成: 42/50 shard=books_008201_008400.db size_bytes=23949312
2026-04-12 21:29:39,275 - INFO - 导出分片: 43/50 book_id=8401-8600
2026-04-12 21:29:39,530 - INFO - 分片完成: 43/50 shard=books_008401_008600.db size_bytes=22298624
2026-04-12 21:29:39,619 - INFO - 导出分片: 44/50 book_id=8601-8800
2026-04-12 21:29:39,868 - INFO - 分片完成: 44/50 shard=books_008601_008800.db size_bytes=21553152
2026-04-12 21:29:39,954 - INFO - 导出分片: 45/50 book_id=8801-9000
2026-04-12 21:29:40,159 - INFO - 分片完成: 45/50 shard=books_008801_009000.db size_bytes=18427904
2026-04-12 21:29:40,254 - INFO - 导出分片: 46/50 book_id=9001-9200
2026-04-12 21:29:40,542 - INFO - 分片完成: 46/50 shard=books_009001_009200.db size_bytes=20140032
2026-04-12 21:29:41,091 - INFO - 导出分片: 47/50 book_id=9201-9400
2026-04-12 21:29:41,368 - INFO - 分片完成: 47/50 shard=books_009201_009400.db size_bytes=24666112
2026-04-12 21:29:41,606 - INFO - 导出分片: 48/50 book_id=9401-9600
2026-04-12 21:29:41,800 - INFO - 分片完成: 48/50 shard=books_009401_009600.db size_bytes=17076224
2026-04-12 21:29:41,883 - INFO - 导出分片: 49/50 book_id=9601-9800
2026-04-12 21:29:42,099 - INFO - 分片完成: 49/50 shard=books_009601_009800.db size_bytes=18194432
2026-04-12 21:29:42,189 - INFO - 导出分片: 50/50 book_id=9801-10000
2026-04-12 21:29:42,450 - INFO - 分片完成: 50/50 shard=books_009801_010000.db size_bytes=21180416
